Time (min),Volume of Mixture (ml),Viable Cells (10^6 cells/ml),mAb Concentration (mg/l),Glucose Concentration (g/l),Lactate Concentration (g/l),Viability (%)
0,5650,0.7,0,6.05,0.12,99
1,5650,0.700400221,0.00846312689561,6.04972530256,0.120188714629,98.9998588264
2,5650,0.700800645811,0.0169310923829,6.04945046026,0.120377520636,98.9997176986
3,5650,0.701201274509,0.0254038989257,6.04917547303,0.12056641805,98.9995766164
4,5650,0.701602107168,0.0338815489888,6.04890034082,0.120755406898,98.9994355799
5,5650,0.702003143866,0.0423640450379,6.04862506357,0.120944487208,98.9992945889
6,5650,0.702404384678,0.0508513895396,6.04834964122,0.121133659009,98.9991536435
7,5650,0.702805829679,0.0593435849614,6.04807407371,0.121322922328,98.9990127435
8,5650,0.703207478945,0.0678406337717,6.04779836097,0.121512277193,98.998871889
9,5650,0.703609332552,0.07634253844,6.04752250295,0.121701723632,98.9987310798
10,5650,0.704011390575,0.0848493014365,6.04724649959,0.121891261674,98.998590316
11,5650,0.704413653091,0.0933609252323,6.04697035082,0.122080891346,98.9984495974
12,5650,0.704816120175,0.1018774123,6.04669405659,0.122270612676,98.998308924
13,5650,0.705218791903,0.110398765111,6.04641761684,0.122460425692,98.9981682957
14,5650,0.70562166835,0.118924986141,6.0461410315,0.122650330422,98.9980277126
15,5650,0.706024749592,0.127456077865,6.04586430052,0.122840326894,98.9978871744
16,5650,0.706428035705,0.135992042757,6.04558742383,0.123030415136,98.9977466813
17,5650,0.706831526765,0.144532883295,6.04531040139,0.123220595175,98.9976062331
18,5650,0.707235222847,0.153078601957,6.04503323311,0.12341086704,98.9974658298
19,5650,0.707639124027,0.16162920122,6.04475591896,0.123601230759,98.9973254714
20,5650,0.708043230381,0.170184683564,6.04447845885,0.123791686358,98.9971851577
21,5650,0.708447541983,0.17874505147,6.04420085274,0.123982233867,98.9970448887
22,5650,0.708852058911,0.187310307418,6.04392310057,0.124172873313,98.9969046644
23,5650,0.70925678124,0.195880453891,6.04364520227,0.124363604723,98.9967644848
24,5650,0.709661709044,0.204455493373,6.04336715779,0.124554428126,98.9966243496
25,5650,0.710066842401,0.213035428346,6.04308896706,0.124745343549,98.996484259
26,5650,0.710472181385,0.221620261297,6.04281063002,0.124936351021,98.9963442129
27,5650,0.710877726072,0.23020999471,6.04253214662,0.125127450568,98.9962042112
28,5650,0.711283476539,0.238804631072,6.04225351679,0.12531864222,98.9960642538
29,5650,0.71168943286,0.247404172872,6.04197474047,0.125509926002,98.9959243407
30,5650,0.712095595111,0.256008622597,6.04169581761,0.125701301944,98.9957844719
31,5650,0.712501963368,0.264617982737,6.04141674814,0.125892770073,98.9956446473
32,5650,0.712908537706,0.273232255783,6.041137532,0.126084330416,98.9955048668
33,5650,0.713315318202,0.281851444225,6.04085816913,0.126275983002,98.9953651304
34,5650,0.71372230493,0.290475550557,6.04057865947,0.126467727858,98.995225438
35,5650,0.714129497966,0.299104577271,6.04029900297,0.126659565012,98.9950857896
36,5650,0.714536897387,0.307738526861,6.04001919956,0.126851494491,98.9949461851
37,5650,0.714944503266,0.316377401822,6.03973924917,0.127043516323,98.9948066246
38,5650,0.715352315681,0.32502120465,6.03945915176,0.127235630536,98.9946671078
39,5650,0.715760334707,0.333669937843,6.03917890726,0.127427837157,98.9945276348
40,5650,0.716168560419,0.342323603896,6.0388985156,0.127620136215,98.9943882056
41,5650,0.716576992893,0.35098220531,6.03861797674,0.127812527736,98.99424882
42,5650,0.716985632204,0.359645744584,6.0383372906,0.128005011749,98.994109478
43,5650,0.717394478429,0.368314224217,6.03805645713,0.12819758828,98.9939701795
44,5650,0.717803531642,0.376987646712,6.03777547628,0.128390257358,98.9938309246
45,5650,0.718212791919,0.385666014571,6.03749434796,0.128583019009,98.9936917132
46,5650,0.718622259336,0.394349330297,6.03721307214,0.128775873263,98.9935525451
47,5650,0.719031933969,0.403037596394,6.03693164874,0.128968820145,98.9934134204
48,5650,0.719441815892,0.411730815367,6.03665007771,0.129161859685,98.993274339
49,5650,0.719851905181,0.420428989721,6.03636835899,0.129354991908,98.9931353008
50,5650,0.720262201913,0.429132121965,6.03608649251,0.129548216844,98.9929963059
51,5650,0.720672706162,0.437840214605,6.03580447822,0.129741534518,98.992857354
52,5650,0.721083418004,0.44655327015,6.03552231605,0.12993494496,98.9927184453
53,5650,0.721494337514,0.45527129111,6.03524000595,0.130128448195,98.9925795796
54,5650,0.721905464769,0.463994279996,6.03495754785,0.130322044252,98.9924407569
55,5650,0.722316799843,0.472722239318,6.03467494169,0.130515733159,98.9923019771
56,5650,0.722728342812,0.481455171589,6.03439218742,0.130709514942,98.9921632402
57,5650,0.723140093752,0.490193079322,6.03410928497,0.130903389629,98.9920245461
58,5650,0.723552052738,0.498935965031,6.03382623428,0.131097357248,98.9918858947
59,5650,0.723964219845,0.507683831232,6.0335430353,0.131291417825,98.9917472862
60,5650,0.724376595149,0.51643668044,6.03325968796,0.131485571389,98.9916087202
61,5650,0.724789178726,0.525194515173,6.03297619219,0.131679817967,98.9914701969
62,5650,0.725201970651,0.533957337947,6.03269254795,0.131874157585,98.9913317162
63,5650,0.725614970999,0.542725151282,6.03240875517,0.132068590272,98.991193278
64,5650,0.726028179846,0.551497957698,6.03212481379,0.132263116055,98.9910548822
65,5650,0.726441597268,0.560275759714,6.03184072374,0.132457734961,98.9909165288
66,5650,0.726855223339,0.569058559853,6.03155648498,0.132652447017,98.9907782178
67,5650,0.727269058136,0.577846360636,6.03127209743,0.132847252252,98.9906399491
68,5650,0.727683101733,0.586639164587,6.03098756104,0.133042150691,98.9905017227
69,5650,0.728097354206,0.59543697423,6.03070287575,0.133237142362,98.9903635384
70,5650,0.728511815631,0.60423979209,6.0304180415,0.133432227294,98.9902253963
71,5650,0.728926486083,0.613047620693,6.03013305822,0.133627405512,98.9900872963
72,5650,0.729341365637,0.621860462566,6.02984792585,0.133822677044,98.9899492383
73,5650,0.729756454369,0.630678320237,6.02956264435,0.134018041918,98.9898112224
74,5650,0.730171752354,0.639501196235,6.02927721363,0.134213500161,98.9896732483
75,5650,0.730587259668,0.648329093089,6.02899163365,0.134409051799,98.9895353162
76,5650,0.731002976385,0.65716201333,6.02870590434,0.13460469686,98.9893974259
77,5650,0.731418902582,0.665999959488,6.02842002565,0.134800435372,98.9892595774
78,5650,0.731835038334,0.674842934098,6.02813399751,0.134996267361,98.9891217706
79,5650,0.732251383715,0.683690939691,6.02784781986,0.135192192855,98.9889840054
80,5650,0.732667938802,0.692543978802,6.02756149264,0.135388211881,98.988846282
81,5650,0.73308470367,0.701402053967,6.02727501579,0.135584324465,98.9887086001
82,5650,0.733501678394,0.71026516772,6.02698838925,0.135780530636,98.9885709597
83,5650,0.733918863049,0.7191333226,6.02670161296,0.13597683042,98.9884333608
84,5650,0.734336257711,0.728006521144,6.02641468686,0.136173223844,98.9882958033
85,5650,0.734753862456,0.73688476589,6.02612761089,0.136369710935,98.9881582871
86,5650,0.735171677357,0.745768059379,6.02584038498,0.136566291721,98.9880208123
87,5650,0.735589702491,0.75465640415,6.02555300909,0.136762966229,98.9878833788
88,5650,0.736007937934,0.763549802746,6.02526548313,0.136959734485,98.9877459865
89,5650,0.736426383759,0.772448257709,6.02497780707,0.137156596516,98.9876086353
90,5650,0.736845040044,0.781351771582,6.02468998083,0.137353552351,98.9874713253
91,5650,0.737263906862,0.790260346909,6.02440200435,0.137550602015,98.9873340563
92,5650,0.737682984289,0.799173986236,6.02411387758,0.137747745536,98.9871968283
93,5650,0.738102272401,0.808092692108,6.02382560045,0.13794498294,98.9870596412
94,5650,0.738521771272,0.817016467072,6.0235371729,0.138142314255,98.9869224951
95,5650,0.738941480978,0.825945313676,6.02324859488,0.138339739508,98.9867853898
96,5650,0.739361401595,0.83487923447,6.02295986632,0.138537258726,98.9866483254
97,5650,0.739781533197,0.843818232002,6.02267098715,0.138734871935,98.9865113017
98,5650,0.740201875859,0.852762308823,6.02238195733,0.138932579162,98.9863743186
99,5650,0.740622429658,0.861711467485,6.02209277679,0.139130380435,98.9862373763
100,5650,0.741043194667,0.87066571054,6.02180344546,0.13932827578,98.9861004745
101,5650,0.741464170963,0.879625040541,6.02151396329,0.139526265224,98.9859636132
102,5650,0.74188535862,0.888589460043,6.02122433023,0.139724348795,98.9858267925
103,5650,0.742306757714,0.897558971601,6.02093454619,0.139922526518,98.9856900122
104,5650,0.74272836832,0.90653357777,6.02064461113,0.140120798421,98.9855532723
105,5650,0.743150190513,0.915513281109,6.02035452499,0.140319164531,98.9854165727
106,5650,0.743572224368,0.924498084173,6.0200642877,0.140517624874,98.9852799134
107,5650,0.74399446996,0.933487989523,6.01977389921,0.140716179477,98.9851432944
108,5650,0.744416927365,0.942482999718,6.01948335945,0.140914828367,98.9850067155
109,5650,0.744839596658,0.951483117318,6.01919266836,0.141113571571,98.9848701768
110,5650,0.745262477913,0.960488344886,6.01890182588,0.141312409116,98.9847336782
111,5650,0.745685571206,0.969498684982,6.01861083196,0.141511341028,98.9845972195
112,5650,0.746108876612,0.978514140172,6.01831968652,0.141710367334,98.9844608009
113,5650,0.746532394207,0.987534713018,6.01802838952,0.141909488061,98.9843244222
114,5650,0.746956124065,0.996560406086,6.01773694088,0.142108703236,98.9841880834
115,5650,0.747380066261,1.00559122194,6.01744534055,0.142308012885,98.9840517844
116,5650,0.74780422087,1.01462716315,6.01715358847,0.142507417035,98.9839155252
117,5650,0.748228587968,1.02366823229,6.01686168457,0.142706915712,98.9837793057
118,5650,0.74865316763,1.03271443191,6.0165696288,0.142906508943,98.9836431258
119,5650,0.74907795993,1.0417657646,6.0162774211,0.143106196756,98.9835069856
120,5650,0.749502964944,1.05082223292,6.0159850614,0.143305979176,98.983370885
121,5650,0.749928182746,1.05988383944,6.01569254964,0.14350585623,98.9832348239
122,5650,0.750353613413,1.06895058674,6.01539988576,0.143705827945,98.9830988023
123,5650,0.750779257018,1.07802247738,6.01510706971,0.143905894348,98.98296282
124,5650,0.751205113637,1.08709951395,6.01481410142,0.144106055464,98.9828268772
125,5650,0.751631183345,1.09618169902,6.01452098083,0.144306311321,98.9826909737
126,5650,0.752057466216,1.10526903516,6.01422770787,0.144506661945,98.9825551094
127,5650,0.752483962327,1.11436152495,6.0139342825,0.144707107363,98.9824192843
128,5650,0.752910671751,1.12345917097,6.01364070465,0.144907647601,98.9822834984
129,5650,0.753337594564,1.1325619758,6.01334697425,0.145108282685,98.9821477517
130,5650,0.753764730841,1.14166994202,6.01305309124,0.145309012643,98.982012044
131,5650,0.754192080656,1.1507830722,6.01275905558,0.1455098375,98.9818763753
132,5650,0.754619644085,1.15990136893,6.01246486719,0.145710757283,98.9817407455
133,5650,0.755047421203,1.16902483479,6.01217052601,0.145911772019,98.9816051547
134,5650,0.755475412084,1.17815347237,6.01187603198,0.146112881734,98.9814696027
135,5650,0.755903616804,1.18728728425,6.01158138505,0.146314086454,98.9813340896
136,5650,0.756332035436,1.19642627301,6.01128658515,0.146515386207,98.9811986152
137,5650,0.756760668057,1.20557044124,6.01099163222,0.146716781017,98.9810631795
138,5650,0.757189514742,1.21471979153,6.0106965262,0.146918270912,98.9809277824
139,5650,0.757618575564,1.22387432646,6.01040126703,0.147119855918,98.980792424
140,5650,0.758047850599,1.23303404863,6.01010585464,0.147321536062,98.9806571041
141,5650,0.758477339921,1.24219896061,6.00981028899,0.147523311369,98.9805218228
142,5650,0.758907043607,1.25136906502,6.00951457,0.147725181866,98.9803865799
143,5650,0.759336961729,1.26054436442,6.00921869761,0.14792714758,98.9802513754
144,5650,0.759767094364,1.26972486142,6.00892267177,0.148129208536,98.9801162092
145,5650,0.760197441586,1.27891055862,6.00862649242,0.148331364761,98.9799810814
146,5650,0.76062800347,1.28810145859,6.00833015948,0.148533616282,98.9798459918
147,5650,0.761058780091,1.29729756395,6.00803367291,0.148735963124,98.9797109404
148,5650,0.761489771523,1.30649887728,6.00773703264,0.148938405313,98.9795759272
149,5650,0.761920977841,1.31570540119,6.00744023861,0.149140942877,98.979440952
150,5650,0.76235239912,1.32491713826,6.00714329076,0.14934357584,98.9793060149
151,5650,0.762784035436,1.3341340911,6.00684618903,0.14954630423,98.9791711159
152,5650,0.763215886861,1.34335626231,6.00654893335,0.149749128073,98.9790362547
153,5650,0.763647953472,1.35258365449,6.00625152367,0.149952047394,98.9789014315
154,5650,0.764080235343,1.36181627023,6.00595395993,0.15015506222,98.9787666461
155,5650,0.764512732549,1.37105411215,6.00565624207,0.150358172577,98.9786318985
156,5650,0.764945445164,1.38029718285,6.00535837001,0.150561378491,98.9784971887
157,5650,0.765378373263,1.38954548492,6.00506034371,0.150764679989,98.9783625166
158,5650,0.765811516922,1.39879902098,6.0047621631,0.150968077095,98.9782278821
159,5650,0.766244876213,1.40805779362,6.00446382813,0.151171569838,98.9780932852
160,5650,0.766678451213,1.41732180547,6.00416533872,0.151375158241,98.9779587259
161,5650,0.767112241996,1.42659105911,6.00386669483,0.151578842332,98.9778242041
162,5650,0.767546248636,1.43586555717,6.00356789638,0.151782622137,98.9776897197
163,5650,0.767980471209,1.44514530226,6.00326894332,0.151986497681,98.9775552727
164,5650,0.768414909788,1.45443029697,6.00296983558,0.152190468991,98.9774208631
165,5650,0.768849564449,1.46372054393,6.00267057311,0.152394536092,98.9772864907
166,5650,0.769284435265,1.47301604574,6.00237115585,0.152598699011,98.9771521556
167,5650,0.769719522313,1.48231680503,6.00207158373,0.152802957774,98.9770178577
168,5650,0.770154825665,1.4916228244,6.00177185669,0.153007312406,98.976883597
169,5650,0.770590345397,1.50093410646,6.00147197468,0.153211762933,98.9767493733
170,5650,0.771026081584,1.51025065384,6.00117193763,0.153416309382,98.9766151868
171,5650,0.771462034299,1.51957246915,6.00087174547,0.153620951777,98.9764810372
172,5650,0.771898203618,1.528899555,6.00057139816,0.153825690146,98.9763469245
173,5650,0.772334589615,1.53823191403,6.00027089562,0.154030524514,98.9762128488
174,5650,0.772771192364,1.54756954884,5.9999702378,0.154235454907,98.9760788099
175,5650,0.77320801194,1.55691246205,5.99966942464,0.15444048135,98.9759448078
176,5650,0.773645048418,1.56626065629,5.99936845607,0.15464560387,98.9758108424
177,5650,0.774082301871,1.57561413419,5.99906733204,0.154850822492,98.9756769138
178,5650,0.774519772375,1.58497289835,5.99876605248,0.155056137242,98.9755430218
179,5650,0.774957460004,1.59433695141,5.99846461733,0.155261548147,98.9754091664
180,5650,0.775395364832,1.60370629599,5.99816302653,0.15546705523,98.9752753475
181,5650,0.775833486934,1.61308093472,5.99786128003,0.155672658519,98.9751415651
182,5650,0.776271826384,1.62246087022,5.99755937775,0.155878358039,98.9750078192
183,5650,0.776710383257,1.63184610512,5.99725731964,0.156084153816,98.9748741097
184,5650,0.777149157627,1.64123664205,5.99695510564,0.156290045876,98.9747404366
185,5650,0.777588149568,1.65063248364,5.99665273569,0.156496034244,98.9746067997
186,5650,0.778027359155,1.66003363252,5.99635020972,0.156702118945,98.9744731991
187,5650,0.778466786463,1.66944009132,5.99604752767,0.156908300006,98.9743396348
188,5650,0.778906431564,1.67885186266,5.99574468949,0.157114577453,98.9742061065
189,5650,0.779346294535,1.6882689492,5.99544169511,0.15732095131,98.9740726144
190,5650,0.779786375449,1.69769135355,5.99513854447,0.157527421603,98.9739391583
191,5650,0.78022667438,1.70711907835,5.99483523751,0.157733988359,98.9738057382
192,5650,0.780667191403,1.71655212624,5.99453177418,0.157940651602,98.9736723541
193,5650,0.781107926593,1.72599049986,5.9942281544,0.158147411358,98.9735390059
194,5650,0.781548880022,1.73543420184,5.99392437811,0.158354267653,98.9734056935
195,5650,0.781990051767,1.74488323482,5.99362044527,0.158561220511,98.9732724169
196,5650,0.7824314419,1.75433760144,5.9933163558,0.15876826996,98.9731391761
197,5650,0.782873050497,1.76379730434,5.99301210964,0.158975416024,98.973005971
198,5650,0.783314877631,1.77326234616,5.99270770674,0.159182658729,98.9728728016
199,5650,0.783756923376,1.78273272954,5.99240314703,0.159389998099,98.9727396678
200,5650,0.784199187808,1.79220845713,5.99209843045,0.159597434161,98.9726065695
201,5650,0.784641670999,1.80168953156,5.99179355694,0.159804966941,98.9724735067
202,5650,0.785084373025,1.81117595549,5.99148852644,0.160012596462,98.9723404794
203,5650,0.785527293959,1.82066773156,5.99118333888,0.160220322752,98.9722074876
204,5650,0.785970433876,1.83016486241,5.99087799422,0.160428145835,98.972074531
205,5650,0.78641379285,1.8396673507,5.99057249238,0.160636065736,98.9719416098
206,5650,0.786857370954,1.84917519907,5.9902668333,0.160844082481,98.9718087239
207,5650,0.787301168263,1.85868841016,5.98996101693,0.161052196096,98.9716758731
208,5650,0.787745184852,1.86820698664,5.9896550432,0.161260406605,98.9715430575
209,5650,0.788189420794,1.87773093114,5.98934891206,0.161468714034,98.9714102771
210,5650,0.788633876163,1.88726024633,5.98904262343,0.161677118408,98.9712775317
211,5650,0.789078551033,1.89679493485,5.98873617726,0.161885619752,98.9711448213
212,5650,0.789523445479,1.90633499936,5.9884295735,0.162094218093,98.9710121459
213,5650,0.789968559574,1.91588044252,5.98812281207,0.162302913454,98.9708795054
214,5650,0.790413893392,1.92543126697,5.98781589291,0.162511705861,98.9707468998
215,5650,0.790859447009,1.93498747537,5.98750881598,0.16272059534,98.970614329
216,5650,0.791305220496,1.94454907039,5.98720158119,0.162929581915,98.970481793
217,5650,0.791751213929,1.95411605467,5.9868941885,0.163138665611,98.9703492917
218,5650,0.792197427382,1.96368843088,5.98658663784,0.163347846455,98.9702168251
219,5650,0.792643860928,1.97326620168,5.98627892916,0.163557124471,98.970084393
220,5650,0.793090514641,1.98284936973,5.98597106238,0.163766499683,98.9699519956
221,5650,0.793537388596,1.99243793769,5.98566303745,0.163975972118,98.9698196327
222,5650,0.793984482866,2.00203190822,5.98535485431,0.1641855418,98.9696873043
223,5650,0.794431797525,2.01163128398,5.9850465129,0.164395208755,98.9695550103
224,5650,0.794879332648,2.02123606765,5.98473801315,0.164604973007,98.9694227507
225,5650,0.795327088307,2.03084626188,5.98442935501,0.164814834581,98.9692905254
226,5650,0.795775064577,2.04046186934,5.98412053841,0.165024793503,98.9691583344
227,5650,0.796223261531,2.0500828927,5.98381156329,0.165234849797,98.9690261776
228,5650,0.796671679244,2.05970933463,5.98350242959,0.165445003489,98.9688940551
229,5650,0.79712031779,2.06934119778,5.98319313726,0.165655254603,98.9687619666
230,5650,0.797569177241,2.07897848485,5.98288368622,0.165865603164,98.9686299122
231,5650,0.798018257673,2.08862119848,5.98257407643,0.166076049198,98.9684978919
232,5650,0.798467559158,2.09826934137,5.98226430781,0.166286592729,98.9683659056
233,5650,0.798917081771,2.10792291617,5.9819543803,0.166497233782,98.9682339532
234,5650,0.799366825585,2.11758192556,5.98164429385,0.166707972382,98.9681020347
235,5650,0.799816790674,2.12724637222,5.98133404839,0.166918808554,98.9679701501
236,5650,0.800266977112,2.13691625882,5.98102364387,0.167129742322,98.9678382992
237,5650,0.800717384972,2.14659158803,5.98071308022,0.167340773712,98.9677064821
238,5650,0.801168014328,2.15627236253,5.98040235738,0.167551902749,98.9675746987
239,5650,0.801618865254,2.16595858501,5.98009147528,0.167763129456,98.9674429489
240,5650,0.802069937824,2.17565025814,5.97978043388,0.16797445386,98.9673112327
241,5650,0.80252123211,2.18534738459,5.9794692331,0.168185875984,98.9671795501
242,5650,0.802972748188,2.19504996705,5.97915787289,0.168397395853,98.967047901
243,5650,0.80342448613,2.2047580082,5.97884635319,0.168609013493,98.9669162853
244,5650,0.80387644601,2.21447151073,5.97853467392,0.168820728927,98.9667847031
245,5650,0.804328627901,2.2241904773,5.97822283504,0.169032542181,98.9666531542
246,5650,0.804781031878,2.23391491062,5.97791083649,0.169244453279,98.9665216386
247,5650,0.805233658014,2.24364481336,5.97759867819,0.169456462246,98.9663901563
248,5650,0.805686506381,2.25338018821,5.97728636009,0.169668569107,98.9662587072
249,5650,0.806139577055,2.26312103785,5.97697388213,0.169880773885,98.9661272912
250,5650,0.806592870108,2.27286736497,5.97666124425,0.170093076606,98.9659959084
251,5650,0.807046385614,2.28261917227,5.97634844638,0.170305477295,98.9658645586
252,5650,0.807500123647,2.29237646243,5.97603548847,0.170517975975,98.9657332419
253,5650,0.807954084279,2.30213923813,5.97572237045,0.170730572672,98.9656019581
254,5650,0.808408267584,2.31190750208,5.97540909227,0.17094326741,98.9654707072
255,5650,0.808862673637,2.32168125696,5.97509565385,0.171156060213,98.9653394893
256,5650,0.809317302509,2.33146050547,5.97478205515,0.171368951106,98.9652083041
257,5650,0.809772154275,2.3412452503,5.97446829609,0.171581940114,98.9650771517
258,5650,0.810227229009,2.35103549414,5.97415437663,0.17179502726,98.9649460321
259,5650,0.810682526782,2.36083123968,5.97384029669,0.17200821257,98.9648149451
260,5650,0.811138047669,2.37063248964,5.97352605622,0.172221496068,98.9646838908
261,5650,0.811593791744,2.38043924669,5.97321165515,0.172434877777,98.964552869
262,5650,0.812049759079,2.39025151355,5.97289709342,0.172648357724,98.9644218798
263,5650,0.812505949747,2.40006929291,5.97258237098,0.172861935931,98.9642909231
264,5650,0.812962363823,2.40989258747,5.97226748776,0.173075612423,98.9641599988
265,5650,0.813419001379,2.41972139992,5.9719524437,0.173289387225,98.9640291069
266,5650,0.813875862489,2.42955573298,5.97163723874,0.173503260361,98.9638982473
267,5650,0.814332947225,2.43939558934,5.97132187281,0.173717231855,98.9637674201
268,5650,0.814790255662,2.44924097171,5.97100634587,0.173931301731,98.9636366251
269,5650,0.815247787872,2.45909188279,5.97069065784,0.174145470015,98.9635058622
270,5650,0.815705543929,2.46894832529,5.97037480866,0.174359736729,98.9633751316
271,5650,0.816163523905,2.47881030191,5.97005879828,0.174574101898,98.963244433
272,5650,0.816621727875,2.48867781536,5.96974262663,0.174788565547,98.9631137665
273,5650,0.81708015591,2.49855086835,5.96942629365,0.1750031277,98.962983132
274,5650,0.817538808085,2.50842946358,5.96910979928,0.17521778838,98.9628525295
275,5650,0.817997684472,2.51831360377,5.96879314346,0.175432547612,98.9627219589
276,5650,0.818456785145,2.52820329163,5.96847632612,0.17564740542,98.9625914201
277,5650,0.818916110176,2.53809852986,5.96815934722,0.175862361828,98.9624609132
278,5650,0.819375659639,2.54799932118,5.96784220668,0.176077416861,98.962330438
279,5650,0.819835433607,2.55790566831,5.96752490444,0.176292570541,98.9621999945
280,5650,0.820295432152,2.56781757395,5.96720744045,0.176507822894,98.9620695828
281,5650,0.820755655349,2.57773504083,5.96688981464,0.176723173944,98.9619392026
282,5650,0.821216103269,2.58765807165,5.96657202695,0.176938623714,98.961808854
283,5650,0.821676775985,2.59758666913,5.96625407732,0.177154172228,98.961678537
284,5650,0.822137673572,2.607520836,5.96593596569,0.177369819511,98.9615482514
285,5650,0.822598796102,2.61746057497,5.965617692,0.177585565586,98.9614179972
286,5650,0.823060143647,2.62740588875,5.96529925618,0.177801410478,98.9612877745
287,5650,0.823521716281,2.63735678008,5.96498065818,0.178017354209,98.9611575831
288,5650,0.823983514076,2.64731325166,5.96466189793,0.178233396805,98.9610274229
289,5650,0.824445537106,2.65727530623,5.96434297538,0.178449538289,98.9608972941
290,5650,0.824907785443,2.6672429465,5.96402389046,0.178665778684,98.9607671964
291,5650,0.82537025916,2.6772161752,5.9637046431,0.178882118016,98.9606371298
292,5650,0.82583295833,2.68719499505,5.96338523326,0.179098556307,98.9605070944
293,5650,0.826295883026,2.69717940879,5.96306566087,0.179315093581,98.96037709
294,5650,0.826759033321,2.70716941912,5.96274592586,0.179531729863,98.9602471166
295,5650,0.827222409287,2.71716502879,5.96242602818,0.179748465175,98.9601171742
296,5650,0.827686010997,2.72716624052,5.96210596777,0.179965299542,98.9599872626
297,5650,0.828149838524,2.73717305704,5.96178574456,0.180182232988,98.959857382
298,5650,0.828613891941,2.74718548108,5.96146535849,0.180399265535,98.9597275321
299,5650,0.829078171321,2.75720351536,5.96114480951,0.180616397209,98.9595977131
300,5650,0.829542676735,2.76722716263,5.96082409754,0.180833628032,98.9594679247
301,5650,0.830007408257,2.77725642561,5.96050322253,0.181050958028,98.959338167
302,5650,0.83047236596,2.78729130704,5.96018218443,0.18126838722,98.9592084399
303,5650,0.830937549916,2.79733180965,5.95986098316,0.181485915634,98.9590787435
304,5650,0.831402960198,2.80737793617,5.95953961866,0.181703543291,98.9589490775
305,5650,0.831868596877,2.81742968935,5.95921809088,0.181921270216,98.958819442
306,5650,0.832334460028,2.82748707192,5.95889639976,0.182139096432,98.958689837
307,5650,0.832800549723,2.83755008661,5.95857454523,0.182357021962,98.9585602623
308,5650,0.833266866033,2.84761873617,5.95825252722,0.182575046831,98.958430718
309,5650,0.833733409032,2.85769302333,5.95793034569,0.182793171062,98.958301204
310,5650,0.834200178792,2.86777295084,5.95760800057,0.183011394677,98.9581717202
311,5650,0.834667175386,2.87785852144,5.9572854918,0.183229717702,98.9580422666
312,5650,0.835134398886,2.88794973786,5.95696281931,0.183448140158,98.9579128432
313,5650,0.835601849365,2.89804660286,5.95663998305,0.18366666207,98.9577834499
314,5650,0.836069526894,2.90814911917,5.95631698296,0.183885283461,98.9576540866
315,5650,0.836537431547,2.91825728954,5.95599381897,0.184104004354,98.9575247533
316,5650,0.837005563396,2.92837111671,5.95567049102,0.184322824772,98.95739545
317,5650,0.837473922513,2.93849060344,5.95534699905,0.18454174474,98.9572661767
318,5650,0.837942508971,2.94861575247,5.955023343,0.18476076428,98.9571369332
319,5650,0.838411322842,2.95874656655,5.95469952281,0.184979883415,98.9570077195
320,5650,0.838880364198,2.96888304842,5.95437553842,0.185199102169,98.9568785355
321,5650,0.839349633112,2.97902520084,5.95405138977,0.185418420566,98.9567493813
322,5650,0.839819129655,2.98917302656,5.95372707679,0.185637838628,98.9566202568
323,5650,0.840288853901,2.99932652833,5.95340259943,0.185857356378,98.9564911619
324,5650,0.840758805922,3.0094857089,5.95307795762,0.18607697384,98.9563620966
325,5650,0.841228985789,3.01965057102,5.9527531513,0.186296691037,98.9562330609
326,5650,0.841699393575,3.02982111746,5.95242818042,0.186516507992,98.9561040546
327,5650,0.842170029352,3.03999735096,5.9521030449,0.186736424729,98.9559750778
328,5650,0.842640893192,3.05017927428,5.9517777447,0.18695644127,98.9558461304
329,5650,0.843111985168,3.06036689018,5.95145227974,0.187176557638,98.9557172123
330,5650,0.843583305352,3.07056020142,5.95112664997,0.187396773857,98.9555883235
331,5650,0.844054853815,3.08075921075,5.95080085533,0.187617089949,98.955459464
332,5650,0.84452663063,3.09096392094,5.95047489575,0.187837505939,98.9553306337
333,5650,0.844998635869,3.10117433474,5.95014877117,0.188058021847,98.9552018325
334,5650,0.845470869604,3.11139045491,5.94982248154,0.188278637699,98.9550730605
335,5650,0.845943331907,3.12161228423,5.94949602678,0.188499353516,98.9549443175
336,5650,0.84641602285,3.13183982545,5.94916940685,0.188720169322,98.9548156036
337,5650,0.846888942505,3.14207308133,5.94884262168,0.188941085139,98.9546869186
338,5650,0.847362090945,3.15231205464,5.9485156712,0.189162100991,98.9545582626
339,5650,0.84783546824,3.16255674815,5.94818855537,0.1893832169,98.9544296355
340,5650,0.848309074463,3.17280716462,5.9478612741,0.189604432889,98.9543010371
341,5650,0.848782909686,3.18306330682,5.94753382736,0.189825748981,98.9541724676
342,5650,0.849256973981,3.19332517752,5.94720621506,0.190047165199,98.9540439268
343,5650,0.84973126742,3.20359277948,5.94687843716,0.190268681566,98.9539154147
344,5650,0.850205790074,3.21386611549,5.9465504936,0.190490298104,98.9537869313
345,5650,0.850680542016,3.2241451883,5.9462223843,0.190712014837,98.9536584764
346,5650,0.851155523316,3.23443000069,5.94589410921,0.190933831786,98.9535300501
347,5650,0.851630734048,3.24472055544,5.94556566827,0.191155748976,98.9534016523
348,5650,0.852106174283,3.25501685531,5.94523706141,0.191377766427,98.953273283
349,5650,0.852581844092,3.26531890308,5.94490828859,0.191599884164,98.9531449421
350,5650,0.853057743548,3.27562670153,5.94457934973,0.191822102209,98.9530166296
351,5650,0.853533872721,3.28594025342,5.94425024477,0.192044420584,98.9528883454
352,5650,0.854010231684,3.29625956155,5.94392097365,0.192266839312,98.9527600894
353,5650,0.854486820509,3.30658462869,5.94359153632,0.192489358415,98.9526318617
354,5650,0.854963639267,3.31691545761,5.94326193271,0.192711977917,98.9525036622
355,5650,0.855440688029,3.32725205109,5.94293216276,0.19293469784,98.9523754908
356,5650,0.855917966868,3.33759441192,5.9426022264,0.193157518206,98.9522473475
357,5650,0.856395475855,3.34794254288,5.94227212359,0.193380439038,98.9521192322
358,5650,0.856873215061,3.35829644674,5.94194185425,0.193603460358,98.9519911449
359,5650,0.857351184559,3.3686561263,5.94161141832,0.193826582189,98.9518630856
360,5650,0.857829384419,3.37902158433,5.94128081576,0.194049804553,98.9517350542
361,5650,0.858307814713,3.38939282363,5.94095004648,0.194273127472,98.9516070506
362,5650,0.858786475512,3.39976984697,5.94061911044,0.19449655097,98.9514790749
363,5650,0.859265366889,3.41015265714,5.94028800756,0.194720075069,98.9513511269
364,5650,0.859744488914,3.42054125693,5.9399567378,0.19494369979,98.9512232066
365,5650,0.860223841659,3.43093564913,5.93962530109,0.195167425156,98.951095314
366,5650,0.860703425196,3.44133583653,5.93929369737,0.19539125119,98.9509674491
367,5650,0.861183239595,3.45174182192,5.93896192657,0.195615177913,98.9508396117
368,5650,0.861663284929,3.46215360808,5.93862998864,0.195839205349,98.9507118018
369,5650,0.862143561268,3.47257119781,5.93829788351,0.196063333519,98.9505840194
370,5650,0.862624068683,3.48299459391,5.93796561113,0.196287562445,98.9504562645
371,5650,0.863104807247,3.49342379916,5.93763317143,0.19651189215,98.950328537
372,5650,0.86358577703,3.50385881636,5.93730056435,0.196736322656,98.9502008368
373,5650,0.864066978104,3.5142996483,5.93696778984,0.196960853986,98.9500731639
374,5650,0.864548410539,3.52474629779,5.93663484782,0.19718548616,98.9499455182
375,5650,0.865030074408,3.53519876761,5.93630173824,0.197410219202,98.9498178998
376,5650,0.86551196978,3.54565706057,5.93596846104,0.197635053133,98.9496903086
377,5650,0.865994096728,3.55612117946,5.93563501616,0.197859987976,98.9495627444
378,5650,0.866476455323,3.56659112709,5.93530140354,0.198085023753,98.9494352073
379,5650,0.866959045635,3.57706690625,5.9349676231,0.198310160485,98.9493076973
380,5650,0.867441867737,3.58754851975,5.93463367481,0.198535398195,98.9491802142
381,5650,0.867924921697,3.59803597038,5.93429955858,0.198760736905,98.9490527581
382,5650,0.868408207589,3.60852926095,5.93396527437,0.198986176636,98.9489253288
383,5650,0.868891725483,3.61902839427,5.93363082211,0.199211717411,98.9487979264
384,5650,0.86937547545,3.62953337313,5.93329620174,0.199437359251,98.9486705508
385,5650,0.86985945756,3.64004420035,5.93296141319,0.199663102179,98.9485432019
386,5650,0.870343671886,3.65056087872,5.93262645642,0.199888946216,98.9484158797
387,5650,0.870828118497,3.66108341106,5.93229133135,0.200114891384,98.9482885842
388,5650,0.871312797465,3.67161180018,5.93195603793,0.200340937705,98.9481613153
389,5650,0.871797708861,3.68214604888,5.93162057609,0.200567085201,98.948034073
390,5650,0.872282852755,3.69268615998,5.93128494578,0.200793333894,98.9479068572
391,5650,0.872768229219,3.70323213628,5.93094914692,0.201019683805,98.9477796678
392,5650,0.873253838323,3.71378398059,5.93061317948,0.201246134956,98.9476525049
393,5650,0.873739680137,3.72434169573,5.93027704337,0.201472687369,98.9475253684
394,5650,0.874225754734,3.73490528451,5.92994073854,0.201699341065,98.9473982582
395,5650,0.874712062183,3.74547474975,5.92960426493,0.201926096067,98.9472711743
396,5650,0.875198602555,3.75605009426,5.92926762248,0.202152952395,98.9471441166
397,5650,0.875685375922,3.76663132085,5.92893081113,0.202379910072,98.9470170852
398,5650,0.876172382353,3.77721843235,5.92859383081,0.202606969119,98.9468900798
399,5650,0.876659621919,3.78781143156,5.92825668147,0.202834129558,98.9467631006
400,5650,0.877147094692,3.79841032131,5.92791936305,0.20306139141,98.9466361475
401,5650,0.877634800741,3.80901510442,5.92758187547,0.203288754697,98.9465092203
402,5650,0.878122740137,3.8196257837,5.92724421869,0.20351621944,98.9463823192
403,5650,0.878610912951,3.83024236198,5.92690639264,0.203743785661,98.9462554439
404,5650,0.879099319253,3.84086484208,5.92656839726,0.203971453381,98.9461285946
405,5650,0.879587959115,3.85149322683,5.9262302325,0.204199222622,98.946001771
406,5650,0.880076832605,3.86212751903,5.92589189828,0.204427093405,98.9458749733
407,5650,0.880565939795,3.87276772153,5.92555339454,0.204655065752,98.9457482013
408,5650,0.881055280756,3.88341383714,5.92521472124,0.204883139683,98.945621455
409,5650,0.881544855557,3.89406586869,5.9248758783,0.205111315221,98.9454947343
410,5650,0.88203466427,3.90472381901,5.92453686567,0.205339592387,98.9453680393
411,5650,0.882524706963,3.91538769093,5.92419768328,0.205567971201,98.9452413698
412,5650,0.883014983709,3.92605748726,5.92385833107,0.205796451686,98.9451147258
413,5650,0.883505494577,3.93673321085,5.92351880899,0.206025033862,98.9449881073
414,5650,0.883996239637,3.94741486452,5.92317911696,0.206253717751,98.9448615142
415,5650,0.88448721896,3.95810245111,5.92283925494,0.206482503374,98.9447349465
416,5650,0.884978432617,3.96879597344,5.92249922286,0.206711390752,98.9446084041
417,5650,0.885469880676,3.97949543435,5.92215902066,0.206940379906,98.944481887
418,5650,0.885961563209,3.99020083668,5.92181864827,0.207169470858,98.9443553952
419,5650,0.886453480285,4.00091218324,5.92147810564,0.207398663628,98.9442289285
420,5650,0.886945631976,4.01162947689,5.92113739271,0.207627958238,98.944102487
421,5650,0.88743801835,4.02235272046,5.92079650942,0.207857354709,98.9439760706
422,5650,0.887930639478,4.03308191679,5.9204554557,0.208086853061,98.9438496792
423,5650,0.888423495431,4.0438170687,5.92011423149,0.208316453317,98.9437233129
424,5650,0.888916586277,4.05455817905,5.91977283673,0.208546155496,98.9435969715
425,5650,0.889409912088,4.06530525067,5.91943127137,0.20877595962,98.9434706551
426,5650,0.889903472933,4.0760582864,5.91908953534,0.20900586571,98.9433443635
427,5650,0.890397268883,4.08681728908,5.91874762858,0.209235873786,98.9432180968
428,5650,0.890891300006,4.09758226156,5.91840555102,0.20946598387,98.9430918548
429,5650,0.891385566374,4.10835320667,5.91806330262,0.209696195983,98.9429656376
430,5650,0.891880068056,4.11913012727,5.91772088331,0.209926510145,98.9428394451
431,5650,0.892374805121,4.12991302619,5.91737829302,0.210156926377,98.9427132773
432,5650,0.892869777641,4.14070190628,5.9170355317,0.210387444701,98.942587134
433,5650,0.893364985684,4.15149677039,5.91669259928,0.210618065136,98.9424610153
434,5650,0.89386042932,4.16229762136,5.91634949571,0.210848787703,98.9423349212
435,5650,0.89435610862,4.17310446205,5.91600622092,0.211079612424,98.9422088515
436,5650,0.894852023653,4.1839172953,5.91566277485,0.211310539319,98.9420828062
437,5650,0.895348174488,4.19473612396,5.91531915745,0.211541568409,98.9419567853
438,5650,0.895844561196,4.20556095088,5.91497536865,0.211772699714,98.9418307887
439,5650,0.896341183846,4.21639177892,5.91463140838,0.212003933255,98.9417048164
440,5650,0.896838042508,4.22722861091,5.9142872766,0.212235269053,98.9415788684
441,5650,0.897335137251,4.23807144973,5.91394297324,0.212466707128,98.9414529446
442,5650,0.897832468145,4.24892029822,5.91359849824,0.2126982475,98.9413270449
443,5650,0.898330035259,4.25977515924,5.91325385153,0.212929890192,98.9412011694
444,5650,0.898827838664,4.27063603564,5.91290903306,0.213161635222,98.9410753179
445,5650,0.899325878428,4.28150293027,5.91256404276,0.213393482611,98.9409494904
446,5650,0.899824154622,4.29237584601,5.91221888059,0.21362543238,98.9408236869
447,5650,0.900322667314,4.30325478569,5.91187354646,0.21385748455,98.9406979073
448,5650,0.900821416574,4.31413975219,5.91152804033,0.21408963914,98.9405721516
449,5650,0.901320402472,4.32503074837,5.91118236213,0.214321896172,98.9404464198
450,5650,0.901819625076,4.33592777707,5.91083651181,0.214554255665,98.9403207117
451,5650,0.902319084457,4.34683084117,5.91049048929,0.21478671764,98.9401950274
452,5650,0.902818780683,4.35773994353,5.91014429453,0.215019282117,98.9400693668
453,5650,0.903318713824,4.36865508701,5.90979792746,0.215251949117,98.9399437299
454,5650,0.903818883949,4.37957627447,5.90945138801,0.215484718659,98.9398181166
455,5650,0.904319291128,4.39050350878,5.90910467614,0.215717590764,98.9396925268
456,5650,0.904819935429,4.4014367928,5.90875779177,0.215950565453,98.9395669606
457,5650,0.905320816923,4.41237612941,5.90841073485,0.216183642745,98.9394414178
458,5650,0.905821935677,4.42332152146,5.90806350532,0.216416822661,98.9393158985
459,5650,0.906323291761,4.43427297183,5.90771610311,0.21665010522,98.9391904026
460,5650,0.906824885245,4.44523048338,5.90736852817,0.216883490444,98.9390649301
461,5650,0.907326716197,4.45619405899,5.90702078043,0.217116978351,98.9389394808
462,5650,0.907828784687,4.46716370153,5.90667285983,0.217350568962,98.9388140548
463,5650,0.908331090783,4.47813941386,5.90632476632,0.217584262298,98.938688652
464,5650,0.908833634555,4.48912119886,5.90597649984,0.217818058378,98.9385632724
465,5650,0.909336416071,4.5001090594,5.90562806031,0.218051957222,98.9384379159
466,5650,0.909839435401,4.51110299836,5.90527944768,0.21828595885,98.9383125824
467,5650,0.910342692614,4.52210301861,5.9049306619,0.218520063282,98.938187272
468,5650,0.910846187777,4.53310912303,5.9045817029,0.218754270538,98.9380619846
469,5650,0.911349920961,4.54412131449,5.90423257061,0.218988580638,98.9379367202
470,5650,0.911853892234,4.55513959587,5.90388326498,0.219222993602,98.9378114786
471,5650,0.912358101665,4.56616397005,5.90353378596,0.219457509449,98.9376862599
472,5650,0.912862549322,4.57719443991,5.90318413346,0.2196921282,98.937561064
473,5650,0.913367235275,4.58823100833,5.90283430745,0.219926849874,98.9374358909
474,5650,0.913872159592,4.59927367818,5.90248430785,0.220161674491,98.9373107405
475,5650,0.914377322342,4.61032245236,5.90213413461,0.220396602071,98.9371856128
476,5650,0.914882723594,4.62137733373,5.90178378766,0.220631632634,98.9370605077
477,5650,0.915388363416,4.63243832519,5.90143326695,0.220866766198,98.9369354252
478,5650,0.915894241877,4.64350542962,5.90108257241,0.221102002785,98.9368103653
479,5650,0.916400359045,4.6545786499,5.90073170399,0.221337342413,98.9366853278
480,5650,0.916906714989,4.66565798893,5.90038066161,0.221572785102,98.9365603128
481,5650,0.917413309778,4.67674344958,5.90002944523,0.221808330872,98.9364353202
482,5650,0.91792014348,4.68783503474,5.89967805478,0.222043979742,98.93631035
483,5650,0.918427216164,4.6989327473,5.89932649021,0.222279731732,98.9361854021
484,5650,0.918934527897,4.71003659015,5.89897475144,0.222515586861,98.9360604765
485,5650,0.919442078749,4.72114656618,5.89862283842,0.222751545149,98.9359355731
486,5650,0.919949868788,4.73226267828,5.89827075109,0.222987606616,98.9358106919
487,5650,0.920457898082,4.74338492935,5.8979184894,0.22322377128,98.9356858328
488,5650,0.9209661667,4.75451332227,5.89756605327,0.223460039161,98.9355609959
489,5650,0.92147467471,4.76564785993,5.89721344264,0.223696410279,98.9354361809
490,5650,0.92198342218,4.77678854524,5.89686065747,0.223932884652,98.9353113881
491,5650,0.922492409178,4.78793538108,5.89650769768,0.224169462301,98.9351866171
492,5650,0.923001635773,4.79908837035,5.89615456322,0.224406143244,98.9350618681
493,5650,0.923511102033,4.81024751595,5.89580125402,0.224642927502,98.934937141
494,5650,0.924020808026,4.82141282077,5.89544777003,0.224879815092,98.9348124357
495,5650,0.924530753819,4.83258428772,5.89509411119,0.225116806034,98.9346877522
496,5650,0.925040939483,4.84376191969,5.89474027743,0.225353900348,98.9345630905
497,5650,0.925551365083,4.85494571957,5.89438626869,0.225591098053,98.9344384504
498,5650,0.926062030689,4.86613569029,5.89403208492,0.225828399167,98.9343138321
499,5650,0.926572936369,4.87733183472,5.89367772605,0.22606580371,98.9341892353
500,5650,0.92708408219,4.88853415578,5.89332319202,0.226303311701,98.9340646601
501,5650,0.92759546822,4.89974265636,5.89296848278,0.22654092316,98.9339401064
502,5650,0.928107094527,4.91095733938,5.89261359825,0.226778638104,98.9338155742
503,5650,0.92861896118,4.92217820773,5.89225853839,0.227016456554,98.9336910634
504,5650,0.929131068246,4.93340526433,5.89190330313,0.227254378528,98.9335665741
505,5650,0.929643415793,4.94463851207,5.89154789241,0.227492404045,98.9334421061
506,5650,0.930156003888,4.95587795387,5.89119230617,0.227730533123,98.9333176594
507,5650,0.9306688326,4.96712359263,5.89083654435,0.227968765783,98.9331932339
508,5650,0.931181901996,4.97837543126,5.89048060689,0.228207102043,98.9330688297
509,5650,0.931695212145,4.98963347267,5.89012449373,0.228445541921,98.9329444466
510,5650,0.932208763113,5.00089771978,5.88976820481,0.228684085437,98.9328200847
511,5650,0.932722554968,5.01216817548,5.88941174006,0.228922732609,98.9326957438
512,5650,0.933236587778,5.0234448427,5.88905509944,0.229161483456,98.932571424
513,5650,0.933750861611,5.03472772435,5.88869828287,0.229400337997,98.9324471252
514,5650,0.934265376534,5.04601682333,5.8883412903,0.22963929625,98.9323228474
515,5650,0.934780132615,5.05731214258,5.88798412166,0.229878358235,98.9321985904
516,5650,0.935295129921,5.06861368499,5.88762677691,0.230117523969,98.9320743544
517,5650,0.935810368519,5.07992145349,5.88726925597,0.230356793473,98.9319501391
518,5650,0.936325848478,5.09123545099,5.88691155878,0.230596166763,98.9318259446
519,5650,0.936841569864,5.10255568041,5.88655368529,0.230835643859,98.9317017709
520,5650,0.937357532745,5.11388214467,5.88619563544,0.231075224779,98.9315776178
521,5650,0.937873737189,5.12521484669,5.88583740916,0.231314909542,98.9314534854
522,5650,0.938390183262,5.13655378939,5.88547900639,0.231554698166,98.9313293736
523,5650,0.938906871032,5.14789897568,5.88512042708,0.23179459067,98.9312052824
524,5650,0.939423800566,5.1592504085,5.88476167117,0.232034587073,98.9310812117
525,5650,0.939940971932,5.17060809076,5.88440273859,0.232274687392,98.9309571614
526,5650,0.940458385196,5.18197202539,5.88404362928,0.232514891646,98.9308331316
527,5650,0.940976040426,5.19334221531,5.88368434318,0.232755199853,98.9307091221
528,5650,0.941493937689,5.20471866345,5.88332488024,0.232995612032,98.930585133
529,5650,0.942012077051,5.21610137273,5.88296524039,0.233236128202,98.9304611642
530,5650,0.942530458581,5.22749034607,5.88260542358,0.233476748379,98.9303372157
531,5650,0.943049082345,5.23888558642,5.88224542974,0.233717472583,98.9302132873
532,5650,0.943567948411,5.25028709668,5.88188525881,0.233958300832,98.9300893792
533,5650,0.944087056844,5.2616948798,5.88152491073,0.234199233144,98.9299654911
534,5650,0.944606407712,5.27310893871,5.88116438544,0.234440269537,98.9298416231
535,5650,0.945126001083,5.28452927632,5.88080368289,0.23468141003,98.9297177752
536,5650,0.945645837022,5.29595589558,5.880442803,0.23492265464,98.9295939473
537,5650,0.946165915597,5.30738879942,5.88008174573,0.235164003385,98.9294701393
538,5650,0.946686236875,5.31882799077,5.87972051101,0.235405456284,98.9293463512
539,5650,0.947206800921,5.33027347257,5.87935909878,0.235647013355,98.9292225829
540,5650,0.947727607804,5.34172524774,5.87899750899,0.235888674615,98.9290988345
541,5650,0.94824865759,5.35318331923,5.87863574156,0.236130440083,98.9289751059
542,5650,0.948769950345,5.36464768996,5.87827379644,0.236372309776,98.9288513969
543,5650,0.949291486137,5.37611836289,5.87791167358,0.236614283713,98.9287277077
544,5650,0.949813265031,5.38759534094,5.8775493729,0.236856361911,98.9286040381
545,5650,0.950335287095,5.39907862706,5.87718689436,0.237098544388,98.9284803881
546,5650,0.950857552394,5.41056822418,5.87682423788,0.237340831163,98.9283567577
547,5650,0.951380060996,5.42206413524,5.87646140342,0.237583222252,98.9282331468
548,5650,0.951902812967,5.43356636319,5.8760983909,0.237825717674,98.9281095554
549,5650,0.952425808373,5.44507491097,5.87573520028,0.238068317446,98.9279859833
550,5650,0.952949047282,5.45658978152,5.87537183149,0.238311021586,98.9278624307
551,5650,0.953472529758,5.46811097778,5.87500828446,0.238553830112,98.9277388974
552,5650,0.95399625587,5.4796385027,5.87464455915,0.238796743042,98.9276153834
553,5650,0.954520225682,5.49117235923,5.87428065548,0.239039760392,98.9274918887
554,5650,0.955044439261,5.5027125503,5.87391657341,0.239282882182,98.9273684131
555,5650,0.955568896674,5.51425907887,5.87355231287,0.239526108427,98.9272449568
556,5650,0.956093597987,5.52581194788,5.87318787379,0.239769439147,98.9271215195
557,5650,0.956618543266,5.53737116028,5.87282325613,0.240012874357,98.9269981013
558,5650,0.957143732576,5.54893671902,5.87245845981,0.240256414077,98.9268747022
559,5650,0.957669165985,5.56050862706,5.87209348479,0.240500058323,98.9267513221
560,5650,0.958194843559,5.57208688733,5.87172833099,0.240743807112,98.9266279609
561,5650,0.958720765363,5.5836715028,5.87136299836,0.240987660463,98.9265046186
562,5650,0.959246931463,5.59526247642,5.87099748685,0.241231618392,98.9263812952
563,5650,0.959773341926,5.60685981113,5.87063179638,0.241475680917,98.9262579906
564,5650,0.960299996817,5.6184635099,5.87026592691,0.241719848055,98.9261347048
565,5650,0.960826896203,5.63007357567,5.86989987836,0.241964119824,98.9260114377
566,5650,0.961354040149,5.64169001141,5.86953365069,0.24220849624,98.9258881893
567,5650,0.961881428721,5.65331282007,5.86916724382,0.242452977321,98.9257649595
568,5650,0.962409061985,5.6649420046,5.86880065771,0.242697563085,98.9256417484
569,5650,0.962936940006,5.67657756796,5.86843389228,0.242942253547,98.9255185558
570,5650,0.963465062852,5.68821951312,5.86806694749,0.243187048726,98.9253953818
571,5650,0.963993430586,5.69986784303,5.86769982327,0.243431948639,98.9252722262
572,5650,0.964522043276,5.71152256066,5.86733251955,0.243676953303,98.925149089
573,5650,0.965050900986,5.72318366895,5.86696503629,0.243922062734,98.9250259703
574,5650,0.965580003782,5.73485117089,5.86659737342,0.24416727695,98.9249028698
575,5650,0.96610935173,5.74652506942,5.86622953088,0.244412595967,98.9247797877
576,5650,0.966638944895,5.75820536751,5.86586150862,0.244658019803,98.9246567239
577,5650,0.967168783344,5.76989206813,5.86549330656,0.244903548475,98.9245336782
578,5650,0.96769886714,5.78158517424,5.86512492466,0.245149182,98.9244106508
579,5650,0.968229196351,5.79328468881,5.86475636285,0.245394920394,98.9242876414
580,5650,0.968759771041,5.8049906148,5.86438762107,0.245640763674,98.9241646502
581,5650,0.969290591275,5.81670295519,5.86401869926,0.245886711857,98.924041677
582,5650,0.96982165712,5.82842171293,5.86364959737,0.24613276496,98.9239187218
583,5650,0.970352968639,5.840146891,5.86328031533,0.246378923,98.9237957846
584,5650,0.9708845259,5.85187849237,5.86291085308,0.246625185993,98.9236728653
585,5650,0.971416328966,5.86361652001,5.86254121056,0.246871553957,98.9235499638
586,5650,0.971948377903,5.87536097688,5.86217138772,0.247118026907,98.9234270802
587,5650,0.972480672776,5.88711186597,5.86180138449,0.24736460486,98.9233042144
588,5650,0.973013213651,5.89886919025,5.86143120082,0.247611287833,98.9231813663
589,5650,0.973546000592,5.91063295268,5.86106083664,0.247858075843,98.923058536
590,5650,0.974079033664,5.92240315625,5.8606902919,0.248104968906,98.9229357233
591,5650,0.974612312934,5.93417980392,5.86031956653,0.248351967039,98.9228129282
592,5650,0.975145838464,5.94596289868,5.85994866048,0.248599070258,98.9226901506
593,5650,0.975679610321,5.95775244351,5.85957757368,0.24884627858,98.9225673907
594,5650,0.97621362857,5.96954844137,5.85920630608,0.24909359202,98.9224446482
595,5650,0.976747893275,5.98135089525,5.85883485762,0.249341010596,98.9223219231
596,5650,0.977282404501,5.99315980813,5.85846322823,0.249588534324,98.9221992155
597,5650,0.977817162313,6.00497518298,5.85809141786,0.24983616322,98.9220765252
598,5650,0.978352166775,6.01679702279,5.85771942645,0.2500838973,98.9219538522
599,5650,0.978887417954,6.02862533054,5.85734725393,0.250331736581,98.9218311965
600,5650,0.979422915912,6.04046010922,5.85697490026,0.25057968108,98.9217085581
601,5650,0.979958660715,6.0523013618,5.85660236536,0.250827730811,98.9215859368
602,5650,0.980494652428,6.06414909126,5.85622964918,0.251075885792,98.9214633327
603,5650,0.981030891115,6.0760033006,5.85585675166,0.251324146038,98.9213407456
604,5650,0.981567376841,6.0878639928,5.85548367275,0.251572511566,98.9212181757
605,5650,0.98210410967,6.09973117085,5.85511041237,0.251820982392,98.9210956228
606,5650,0.982641089666,6.11160483773,5.85473697047,0.252069558531,98.9209730868
607,5650,0.983178316895,6.12348499643,5.854363347,0.25231824,98.9208505678
608,5650,0.98371579142,6.13537164993,5.85398954188,0.252567026816,98.9207280657
609,5650,0.984253513307,6.14726480124,5.85361555507,0.252815918993,98.9206055804
610,5650,0.984791482618,6.15916445334,5.85324138651,0.253064916548,98.9204831119
611,5650,0.985329699419,6.17107060921,5.85286703612,0.253314019497,98.9203606602
612,5650,0.985868163775,6.18298327185,5.85249250386,0.253563227855,98.9202382252
613,5650,0.986406875748,6.19490244426,5.85211778967,0.253812541638,98.9201158069
614,5650,0.986945835403,6.20682812943,5.85174289348,0.254061960863,98.9199934053
615,5650,0.987485042805,6.21876033035,5.85136781524,0.254311485545,98.9198710202
616,5650,0.988024498018,6.23069905001,5.85099255488,0.2545611157,98.9197486517
617,5650,0.988564201105,6.24264429141,5.85061711235,0.254810851343,98.9196262997
618,5650,0.989104152131,6.25459605755,5.85024148759,0.255060692491,98.9195039641
619,5650,0.98964435116,6.26655435143,5.84986568053,0.255310639158,98.919381645
620,5650,0.990184798255,6.27851917604,5.84948969113,0.255560691361,98.9192593423
621,5650,0.990725493481,6.29049053438,5.84911351931,0.255810849116,98.9191370559
622,5650,0.991266436902,6.30246842946,5.84873716502,0.256061112436,98.9190147858
623,5650,0.991807628581,6.31445286426,5.84836062821,0.256311481339,98.918892532
624,5650,0.992349068582,6.32644384179,5.8479839088,0.25656195584,98.9187702944
625,5650,0.992890756969,6.33844136507,5.84760700675,0.256812535954,98.9186480729
626,5650,0.993432693806,6.35044543707,5.84722992199,0.257063221697,98.9185258676
627,5650,0.993974879157,6.36245606082,5.84685265446,0.257314013084,98.9184036784
628,5650,0.994517313084,6.37447323931,5.84647520411,0.25756491013,98.9182815052
629,5650,0.995059995653,6.38649697555,5.84609757087,0.257815912851,98.918159348
630,5650,0.995602926925,6.39852727254,5.84571975469,0.258067021262,98.9180372068
631,5650,0.996146106966,6.4105641333,5.8453417555,0.258318235379,98.9179150815
632,5650,0.996689535838,6.42260756082,5.84496357325,0.258569555216,98.917792972
633,5650,0.997233213605,6.43465755812,5.84458520788,0.258820980789,98.9176708784
634,5650,0.997777140331,6.4467141282,5.84420665933,0.259072512113,98.9175488006
635,5650,0.998321316078,6.45877727408,5.84382792754,0.259324149204,98.9174267386
636,5650,0.998865740911,6.47084699877,5.84344901244,0.259575892076,98.9173046922
637,5650,0.999410414892,6.48292330526,5.84306991399,0.259827740744,98.9171826616
638,5650,0.999955338084,6.49500619659,5.84269063212,0.260079695224,98.9170606465
639,5650,1.00050051055,6.50709567576,5.84231116677,0.260331755531,98.916938647
640,5650,1.00104593236,6.51919174577,5.84193151789,0.260583921679,98.9168166631
641,5650,1.00159160356,6.53129440966,5.84155168541,0.260836193683,98.9166946946
642,5650,1.00213752424,6.54340367043,5.84117166928,0.26108857156,98.9165727417
643,5650,1.00268369444,6.55551953109,5.84079146943,0.261341055322,98.9164508041
644,5650,1.00323011423,6.56764199467,5.84041108581,0.261593644986,98.9163288819
645,5650,1.00377678367,6.57977106418,5.84003051835,0.261846340566,98.916206975
646,5650,1.00432370283,6.59190674264,5.83964976701,0.262099142077,98.9160850834
647,5650,1.00487087177,6.60404903306,5.83926883171,0.262352049533,98.9159632071
648,5650,1.00541829055,6.61619793848,5.83888771241,0.26260506295,98.9158413459
649,5650,1.00596595924,6.6283534619,5.83850640903,0.262858182343,98.9157195
650,5650,1.0065138779,6.64051560635,5.83812492153,0.263111407725,98.9155976691
651,5650,1.00706204658,6.65268437484,5.83774324984,0.263364739111,98.9154758533
652,5650,1.00761046537,6.66485977041,5.83736139391,0.263618176517,98.9153540526
653,5650,1.0081591343,6.67704179608,5.83697935367,0.263871719956,98.9152322668
654,5650,1.00870805346,6.68923045486,5.83659712907,0.264125369443,98.915110496
655,5650,1.0092572229,6.70142574979,5.83621472005,0.264379124994,98.9149887401
656,5650,1.00980664268,6.71362768389,5.83583212655,0.264632986621,98.9148669991
657,5650,1.01035631287,6.72583626018,5.8354493485,0.26488695434,98.9147452729
658,5650,1.01090623353,6.7380514817,5.83506638586,0.265141028165,98.9146235615
659,5650,1.01145640472,6.75027335146,5.83468323855,0.265395208111,98.9145018648
660,5650,1.0120068265,6.76250187251,5.83429990653,0.265649494192,98.9143801828
661,5650,1.01255749894,6.77473704786,5.83391638974,0.265903886422,98.9142585155
662,5650,1.0131084221,6.78697888055,5.83353268811,0.266158384815,98.9141368628
663,5650,1.01365959604,6.79922737361,5.83314880158,0.266412989386,98.9140152247
664,5650,1.01421102083,6.81148253007,5.83276473011,0.266667700149,98.9138936011
665,5650,1.01476269652,6.82374435296,5.83238047362,0.266922517118,98.913771992
666,5650,1.01531462317,6.83601284532,5.83199603206,0.267177440307,98.9136503973
667,5650,1.01586680086,6.84828801017,5.83161140537,0.267432469731,98.9135288171
668,5650,1.01641922964,6.86056985056,5.8312265935,0.267687605403,98.9134072512
669,5650,1.01697190958,6.87285836952,5.83084159637,0.267942847338,98.9132856997
670,5650,1.01752484073,6.88515357008,5.83045641394,0.268198195549,98.9131641624
671,5650,1.01807802316,6.89745545529,5.83007104615,0.268453650051,98.9130426394
672,5650,1.01863145692,6.90976402817,5.82968549293,0.268709210857,98.9129211305
673,5650,1.0191851421,6.92207929178,5.82929975424,0.268964877982,98.9127996359
674,5650,1.01973907873,6.93440124914,5.82891383,0.269220651439,98.9126781553
675,5650,1.02029326689,6.94672990329,5.82852772016,0.269476531243,98.9125566888
676,5650,1.02084770664,6.95906525728,5.82814142466,0.269732517406,98.9124352364
677,5650,1.02140239803,6.97140731415,5.82775494345,0.269988609943,98.9123137979
678,5650,1.02195734114,6.98375607694,5.82736827646,0.270244808868,98.9121923734
679,5650,1.02251253602,6.99611154869,5.82698142364,0.270501114194,98.9120709628
680,5650,1.02306798274,7.00847373245,5.82659438493,0.270757525935,98.9119495661
681,5650,1.02362368135,7.02084263126,5.82620716026,0.271014044105,98.9118281832
682,5650,1.02417963191,7.03321824816,5.82581974959,0.271270668717,98.9117068141
683,5650,1.0247358345,7.04560058621,5.82543215284,0.271527399785,98.9115854587
684,5650,1.02529228916,7.05798964844,5.82504436997,0.271784237322,98.911464117
685,5650,1.02584899597,7.07038543791,5.82465640091,0.272041181343,98.911342789
686,5650,1.02640595498,7.08278795765,5.82426824561,0.272298231859,98.9112214746
687,5650,1.02696316626,7.09519721074,5.823879904,0.272555388886,98.9111001738
688,5650,1.02752062985,7.1076132002,5.82349137604,0.272812652436,98.9109788865
689,5650,1.02807834584,7.12003592909,5.82310266165,0.273070022522,98.9108576127
690,5650,1.02863631427,7.13246540046,5.82271376078,0.273327499159,98.9107363523
691,5650,1.02919453522,7.14490161737,5.82232467338,0.273585082359,98.9106151054
692,5650,1.02975300873,7.15734458286,5.82193539938,0.273842772135,98.9104938718
693,5650,1.03031173487,7.16979429999,5.82154593873,0.274100568502,98.9103726516
694,5650,1.03087071371,7.18225077181,5.82115629137,0.274358471471,98.9102514446
695,5650,1.0314299453,7.19471400139,5.82076645723,0.274616481057,98.9101302509
696,5650,1.0319894297,7.20718399176,5.82037643627,0.274874597272,98.9100090704
697,5650,1.03254916698,7.21966074599,5.81998622842,0.27513282013,98.9098879031
698,5650,1.03310915719,7.23214426714,5.81959583362,0.275391149644,98.9097667489
699,5650,1.03366940041,7.24463455826,5.81920525181,0.275649585826,98.9096456077
700,5650,1.03422989667,7.25713162241,5.81881448295,0.27590812869,98.9095244796
701,5650,1.03479064606,7.26963546265,5.81842352696,0.276166778248,98.9094033645
702,5650,1.03535164862,7.28214608204,5.81803238379,0.276425534515,98.9092822624
703,5650,1.03591290443,7.29466348364,5.81764105339,0.276684397501,98.9091611732
704,5650,1.03647441353,7.30718767052,5.81724953568,0.276943367221,98.9090400968
705,5650,1.037036176,7.31971864573,5.81685783063,0.277202443688,98.9089190333
706,5650,1.03759819188,7.33225641233,5.81646593816,0.277461626913,98.9087979826
707,5650,1.03816046125,7.34480097339,5.81607385822,0.27772091691,98.9086769446
708,5650,1.03872298416,7.35735233198,5.81568159075,0.277980313692,98.9085559193
709,5650,1.03928576067,7.36991049115,5.81528913569,0.278239817271,98.9084349067
710,5650,1.03984879084,7.38247545398,5.81489649298,0.27849942766,98.9083139067
711,5650,1.04041207474,7.39504722353,5.81450366257,0.278759144871,98.9081929193
712,5650,1.04097561241,7.40762580287,5.8141106444,0.279018968917,98.9080719445
713,5650,1.04153940394,7.42021119506,5.81371743841,0.279278899812,98.9079509822
714,5650,1.04210344936,7.43280340317,5.81332404454,0.279538937566,98.9078300323
715,5650,1.04266774875,7.44540243028,5.81293046273,0.279799082193,98.9077090948
716,5650,1.04323230216,7.45800827945,5.81253669293,0.280059333705,98.9075881697
717,5650,1.04379710966,7.47062095376,5.81214273507,0.280319692115,98.907467257
718,5650,1.0443621713,7.48324045627,5.8117485891,0.280580157435,98.9073463565
719,5650,1.04492748714,7.49586679005,5.81135425497,0.280840729677,98.9072254684
720,5650,1.04549305725,7.50849995819,5.8109597326,0.281101408854,98.9071045924
721,5650,1.04605888168,7.52113996375,5.81056502195,0.281362194977,98.9069837286
722,5650,1.04662496049,7.53378680981,5.81017012296,0.28162308806,98.9068628769
723,5650,1.04719129375,7.54644049944,5.80977503556,0.281884088114,98.9067420374
724,5650,1.04775788151,7.55910103571,5.8093797597,0.282145195152,98.9066212099
725,5650,1.04832472383,7.57176842172,5.80898429533,0.282406409186,98.9065003943
726,5650,1.04889182077,7.58444266052,5.80858864238,0.282667730227,98.9063795908
727,5650,1.04945917239,7.59712375521,5.80819280079,0.282929158288,98.9062587992
728,5650,1.05002677876,7.60981170885,5.80779677052,0.283190693381,98.9061380195
729,5650,1.05059463992,7.62250652454,5.80740055149,0.283452335517,98.9060172516
730,5650,1.05116275594,7.63520820534,5.80700414366,0.28371408471,98.9058964956
731,5650,1.05173112689,7.64791675433,5.80660754696,0.28397594097,98.9057757513
732,5650,1.05229975281,7.66063217461,5.80621076133,0.284237904311,98.9056550187
733,5650,1.05286863377,7.67335446926,5.80581378673,0.284499974742,98.9055342978
734,5650,1.05343776982,7.68608364134,5.80541662309,0.284762152277,98.9054135886
735,5650,1.05400716104,7.69881969396,5.80501927034,0.285024436927,98.9052928909
736,5650,1.05457680747,7.71156263019,5.80462172845,0.285286828704,98.9051722048
737,5650,1.05514670917,7.72431245312,5.80422399734,0.285549327619,98.9050515303
738,5650,1.0557168662,7.73706916583,5.80382607696,0.285811933685,98.9049308672
739,5650,1.05628727863,7.74983277141,5.80342796725,0.286074646913,98.9048102155
740,5650,1.05685794651,7.76260327295,5.80302966815,0.286337467314,98.9046895753
741,5650,1.05742886991,7.77538067354,5.80263117962,0.2866003949,98.9045689464
742,5650,1.05800004887,7.78816497626,5.80223250157,0.286863429682,98.9044483288
743,5650,1.05857148345,7.80095618421,5.80183363397,0.287126571673,98.9043277226
744,5650,1.05914317373,7.81375430047,5.80143457676,0.287389820883,98.9042071275
745,5650,1.05971511975,7.82655932813,5.80103532986,0.287653177325,98.9040865436
746,5650,1.06028732158,7.83937127029,5.80063589324,0.287916641008,98.9039659709
747,5650,1.06085977927,7.85219013004,5.80023626682,0.288180211945,98.9038454093
748,5650,1.06143249288,7.86501591047,5.79983645055,0.288443890148,98.9037248588
749,5650,1.06200546247,7.87784861467,5.79943644438,0.288707675626,98.9036043193
750,5650,1.0625786881,7.89068824575,5.79903624825,0.288971568392,98.9034837908
751,5650,1.06315216983,7.90353480679,5.79863586209,0.289235568457,98.9033632733
752,5650,1.06372590772,7.91638830088,5.79823528586,0.289499675832,98.9032427666
753,5650,1.06429990181,7.92924873114,5.79783451949,0.289763890528,98.9031222709
754,5650,1.06487415218,7.94211610065,5.79743356293,0.290028212556,98.9030017859
755,5650,1.06544865889,7.95499041251,5.79703241611,0.290292641927,98.9028813118
756,5650,1.06602342198,7.96787166981,5.79663107899,0.290557178652,98.9027608484
757,5650,1.06659844152,7.98075987567,5.7962295515,0.290821822742,98.9026403957
758,5650,1.06717371756,7.99365503318,5.79582783358,0.291086574209,98.9025199537
759,5650,1.06774925017,8.00655714544,5.79542592519,0.291351433063,98.9023995223
760,5650,1.06832503939,8.01946621555,5.79502382625,0.291616399314,98.9022791014
761,5650,1.0689010853,8.03238224661,5.79462153672,0.291881472975,98.9021586912
762,5650,1.06947738795,8.04530524172,5.79421905654,0.292146654054,98.9020382914
763,5650,1.07005394739,8.058235204,5.79381638564,0.292411942565,98.9019179021
764,5650,1.07063076368,8.07117213654,5.79341352398,0.292677338516,98.9017975232
765,5650,1.07120783689,8.08411604245,5.79301047149,0.292942841919,98.9016771547
766,5650,1.07178516706,8.09706692483,5.79260722812,0.293208452784,98.9015567966
767,5650,1.07236275426,8.1100247868,5.7922037938,0.293474171123,98.9014364487
768,5650,1.07294059855,8.12298963145,5.79180016849,0.293739996945,98.9013161111
769,5650,1.07351869998,8.13596146189,5.79139635212,0.294005930261,98.9011957838
770,5650,1.0740970586,8.14894028124,5.79099234464,0.294271971081,98.9010754666
771,5650,1.07467567449,8.1619260926,5.79058814599,0.294538119417,98.9009551595
772,5650,1.07525454769,8.17491889908,5.79018375612,0.294804375279,98.9008348626
773,5650,1.07583367826,8.1879187038,5.78977917496,0.295070738676,98.9007145757
774,5650,1.07641306626,8.20092550985,5.78937440245,0.29533720962,98.9005942989
775,5650,1.07699271174,8.21393932037,5.78896943855,0.29560378812,98.900474032
776,5650,1.07757261477,8.22696013845,5.78856428319,0.295870474187,98.900353775
777,5650,1.0781527754,8.23998796721,5.78815893632,0.296137267831,98.900233528
778,5650,1.07873319369,8.25302280977,5.78775339788,0.296404169062,98.9001132908
779,5650,1.0793138697,8.26606466923,5.78734766781,0.296671177891,98.8999930635
780,5650,1.07989480347,8.27911354873,5.78694174606,0.296938294328,98.8998728459
781,5650,1.08047599508,8.29216945136,5.78653563256,0.297205518382,98.899752638
782,5650,1.08105744458,8.30523238025,5.78612932727,0.297472850064,98.8996324399
783,5650,1.08163915201,8.31830233851,5.78572283012,0.297740289384,98.8995122514
784,5650,1.08222111745,8.33137932927,5.78531614105,0.298007836352,98.8993920725
785,5650,1.08280334095,8.34446335564,5.78490926002,0.298275490977,98.8992719032
786,5650,1.08338582256,8.35755442074,5.78450218696,0.29854325327,98.8991517434
787,5650,1.08396856234,8.37065252769,5.78409492181,0.29881112324,98.8990315932
788,5650,1.08455156034,8.38375767961,5.78368746452,0.299079100898,98.8989114524
789,5650,1.08513481664,8.39686987963,5.78327981504,0.299347186253,98.898791321
790,5650,1.08571833127,8.40998913086,5.7828719733,0.299615379314,98.898671199
791,5650,1.0863021043,8.42311543643,5.78246393925,0.299883680092,98.8985510863
792,5650,1.08688613578,8.43624879946,5.78205571283,0.300152088597,98.8984309829
793,5650,1.08747042578,8.44938922308,5.78164729398,0.300420604837,98.8983108888
794,5650,1.08805497434,8.4625367104,5.78123868265,0.300689228823,98.8981908038
795,5650,1.08863978152,8.47569126457,5.78082987878,0.300957960563,98.8980707281
796,5650,1.08922484739,8.48885288869,5.78042088232,0.301226800068,98.8979506615
797,5650,1.08981017199,8.50202158591,5.7800116932,0.301495747348,98.897830604
798,5650,1.09039575538,8.51519735934,5.77960231137,0.30176480241,98.8977105556
799,5650,1.09098159762,8.52838021212,5.77919273677,0.302033965266,98.8975905161
800,5650,1.09156769876,8.54157014738,5.77878296936,0.302303235924,98.8974704857
801,5650,1.09215405887,8.55476716823,5.77837300906,0.302572614393,98.8973504642
802,5650,1.09274067799,8.56797127783,5.77796285582,0.302842100683,98.8972304515
803,5650,1.09332755618,8.58118247928,5.77755250959,0.303111694804,98.8971104478
804,5650,1.0939146935,8.59440077574,5.77714197031,0.303381396763,98.8969904528
805,5650,1.09450209,8.60762617032,5.77673123792,0.303651206571,98.8968704666
806,5650,1.09508974575,8.62085866616,5.77632031236,0.303921124237,98.8967504892
807,5650,1.09567766079,8.63409826641,5.77590919359,0.30419114977,98.8966305204
808,5650,1.09626583518,8.64734497418,5.77549788154,0.304461283178,98.8965105603
809,5650,1.09685426897,8.66059879262,5.77508637616,0.304731524471,98.8963906089
810,5650,1.09744296223,8.67385972485,5.77467467738,0.305001873658,98.896270666
811,5650,1.09803191501,8.68712777403,5.77426278516,0.305272330748,98.8961507316
812,5650,1.09862112736,8.70040294328,5.77385069943,0.305542895749,98.8960308057
813,5650,1.09921059934,8.71368523574,5.77343842015,0.305813568671,98.8959108883
814,5650,1.09980033101,8.72697465456,5.77302594724,0.306084349522,98.8957909793
815,5650,1.10039032241,8.74027120286,5.77261328067,0.306355238311,98.8956710787
816,5650,1.10098057361,8.75357488379,5.77220042036,0.306626235048,98.8955511864
817,5650,1.10157108466,8.7668857005,5.77178736627,0.306897339739,98.8954313025
818,5650,1.10216185561,8.78020365611,5.77137411834,0.307168552395,98.8953114267
819,5650,1.10275288653,8.79352875378,5.7709606765,0.307439873024,98.8951915592
820,5650,1.10334417746,8.80686099664,5.77054704071,0.307711301634,98.8950716999
821,5650,1.10393572846,8.82020038784,5.77013321091,0.307982838235,98.8949518487
822,5650,1.10452753958,8.83354693052,5.76971918704,0.308254482833,98.8948320056
823,5650,1.10511961089,8.84690062783,5.76930496905,0.308526235439,98.8947121706
824,5650,1.10571194243,8.8602614829,5.76889055688,0.308798096061,98.8945923436
825,5650,1.10630453427,8.8736294989,5.76847595046,0.309070064706,98.8944725245
826,5650,1.10689738645,8.88700467896,5.76806114976,0.309342141383,98.8943527134
827,5650,1.10749049902,8.90038702623,5.76764615471,0.309614326101,98.8942329103
828,5650,1.10808387206,8.91377654386,5.76723096524,0.309886618867,98.8941131149
829,5650,1.1086775056,8.92717323499,5.76681558132,0.31015901969,98.8939933274
830,5650,1.1092713997,8.94057710278,5.76640000288,0.310431528579,98.8938735477
831,5650,1.10986555442,8.95398815038,5.76598422986,0.310704145541,98.8937537757
832,5650,1.11045996982,8.96740638093,5.76556826222,0.310976870585,98.8936340114
833,5650,1.11105464594,8.98083179759,5.76515209988,0.311249703718,98.8935142548
834,5650,1.11164958285,8.9942644035,5.76473574281,0.311522644948,98.8933945057
835,5650,1.11224478059,9.00770420183,5.76431919093,0.311795694284,98.8932747643
836,5650,1.11284023922,9.02115119572,5.7639024442,0.312068851734,98.8931550304
837,5650,1.11343595879,9.03460538832,5.76348550255,0.312342117305,98.8930353041
838,5650,1.11403193936,9.0480667828,5.76306836594,0.312615491006,98.8929155851
839,5650,1.11462818099,9.06153538231,5.76265103431,0.312888972843,98.8927958737
840,5650,1.11522468372,9.07501118999,5.76223350759,0.313162562826,98.8926761695
841,5650,1.11582144761,9.08849420902,5.76181578574,0.313436260961,98.8925564728
842,5650,1.11641847271,9.10198444254,5.7613978687,0.313710067256,98.8924367833
843,5650,1.11701575909,9.11548189371,5.76097975641,0.31398398172,98.8923171011
844,5650,1.11761330678,9.1289865657,5.76056144882,0.31425800436,98.8921974262
845,5650,1.11821111586,9.14249846165,5.76014294587,0.314532135182,98.8920777584
846,5650,1.11880918636,9.15601758473,5.7597242475,0.314806374196,98.8919580978
847,5650,1.11940751834,9.1695439381,5.75930535366,0.315080721408,98.8918384443
848,5650,1.12000611186,9.18307752492,5.7588862643,0.315355176826,98.8917187978
849,5650,1.12060496697,9.19661834836,5.75846697935,0.315629740457,98.8915991584
850,5650,1.12120408373,9.21016641156,5.75804749876,0.315904412309,98.891479526
851,5650,1.12180346218,9.22372171771,5.75762782248,0.316179192389,98.8913599005
852,5650,1.12240310238,9.23728426995,5.75720795045,0.316454080704,98.8912402819
853,5650,1.12300300439,9.25085407146,5.75678788261,0.316729077262,98.8911206702
854,5650,1.12360316826,9.26443112539,5.75636761891,0.31700418207,98.8910010654
855,5650,1.12420359403,9.27801543492,5.7559471593,0.317279395135,98.8908814673
856,5650,1.12480428177,9.29160700321,5.7555265037,0.317554716463,98.890761876
857,5650,1.12540523153,9.30520583343,5.75510565208,0.317830146064,98.8906422914
858,5650,1.12600644335,9.31881192873,5.75468460438,0.318105683942,98.8905227135
859,5650,1.1266079173,9.33242529231,5.75426336054,0.318381330106,98.8904031422
860,5650,1.12720965343,9.34604592731,5.7538419205,0.318657084563,98.8902835775
861,5650,1.12781165178,9.3596738369,5.7534202842,0.318932947318,98.8901640194
862,5650,1.12841391242,9.37330902427,5.7529984516,0.31920891838,98.8900444677
863,5650,1.12901643539,9.38695149258,5.75257642264,0.319484997755,98.8899249226
864,5650,1.12961922074,9.400601245,5.75215419726,0.31976118545,98.8898053839
865,5650,1.13022226854,9.4142582847,5.75173177541,0.320037481471,98.8896858516
866,5650,1.13082557883,9.42792261485,5.75130915703,0.320313885826,98.8895663257
867,5650,1.13142915167,9.44159423864,5.75088634206,0.320590398521,98.889446806
868,5650,1.1320329871,9.45527315922,5.75046333045,0.320867019563,98.8893272927
869,5650,1.13263708518,9.46895937978,5.75004012215,0.321143748958,98.8892077856
870,5650,1.13324144597,9.48265290349,5.7496167171,0.321420586713,98.8890882847
871,5650,1.13384606951,9.49635373352,5.74919311524,0.321697532834,98.88896879
872,5650,1.13445095586,9.51006187306,5.74876931652,0.321974587329,98.8888493014
873,5650,1.13505610506,9.52377732527,5.74834532088,0.322251750203,98.8887298189
874,5650,1.13566151718,9.53750009335,5.74792112827,0.322529021463,98.8886103425
875,5650,1.13626719227,9.55123018045,5.74749673863,0.322806401114,98.888490872
876,5650,1.13687313036,9.56496758977,5.74707215191,0.323083889165,98.8883714075
877,5650,1.13747933153,9.57871232448,5.74664736805,0.32336148562,98.888251949
878,5650,1.13808579582,9.59246438776,5.74622238699,0.323639190486,98.8881324963
879,5650,1.13869252328,9.6062237828,5.74579720869,0.32391700377,98.8880130495
880,5650,1.13929951396,9.61999051277,5.74537183308,0.324194925477,98.8878936085
881,5650,1.13990676791,9.63376458086,5.74494626012,0.324472955613,98.8877741733
882,5650,1.1405142852,9.64754599024,5.74452048974,0.324751094185,98.8876547438
883,5650,1.14112206586,9.6613347441,5.74409452189,0.325029341198,98.88753532
884,5650,1.14173010996,9.67513084563,5.74366835652,0.32530769666,98.8874159018
885,5650,1.14233841753,9.68893429801,5.74324199356,0.325586160574,98.8872964893
886,5650,1.14294698864,9.70274510443,5.74281543298,0.325864732948,98.8871770824
887,5650,1.14355582334,9.71656326806,5.7423886747,0.326143413788,98.887057681
888,5650,1.14416492167,9.7303887921,5.74196171868,0.326422203098,98.8869382851
889,5650,1.14477428369,9.74422167973,5.74153456486,0.326701100886,98.8868188946
890,5650,1.14538390945,9.75806193414,5.74110721318,0.326980107156,98.8866995096
891,5650,1.145993799,9.77190955852,5.74067966359,0.327259221914,98.88658013
892,5650,1.14660395239,9.78576455606,5.74025191604,0.327538445166,98.8864607557
893,5650,1.14721436967,9.79962692994,5.73982397047,0.327817776918,98.8863413867
894,5650,1.1478250509,9.81349668336,5.73939582683,0.328097217175,98.886222023
895,5650,1.14843599612,9.82737381951,5.73896748505,0.328376765943,98.8861026645
896,5650,1.14904720538,9.84125834157,5.7385389451,0.328656423227,98.8859833112
897,5650,1.14965867875,9.85515025274,5.7381102069,0.328936189033,98.8858639631
898,5650,1.15027041626,9.86904955622,5.73768127041,0.329216063365,98.8857446201
899,5650,1.15088241797,9.88295625519,5.73725213557,0.32949604623,98.8856252821
900,5650,1.15149468393,9.89687035285,5.73682280233,0.329776137633,98.8855059492
901,5650,1.15210721419,9.91079185239,5.73639327063,0.330056337578,98.8853866212
902,5650,1.15272000879,9.924720757,5.73596354041,0.330336646072,98.8852672982
903,5650,1.1533330678,9.9386570699,5.73553361163,0.330617063119,98.8851479802
904,5650,1.15394639126,9.95260079426,5.73510348423,0.330897588725,98.885028667
905,5650,1.15455997922,9.96655193328,5.73467315815,0.331178222894,98.8849093587
906,5650,1.15517383174,9.98051049017,5.73424263334,0.331458965632,98.8847900551
907,5650,1.15578794885,9.99447646812,5.73381190974,0.331739816943,98.8846707563
908,5650,1.15640233062,10.0084498703,5.7333809873,0.332020776833,98.8845514623
909,5650,1.15701697709,10.0224307,5.73294986597,0.332301845307,98.8844321729
910,5650,1.15763188832,10.0364189603,5.73251854569,0.332583022369,98.8843128882
911,5650,1.15824706435,10.0504146545,5.7320870264,0.332864308024,98.8841936081
912,5650,1.15886250523,10.0644177857,5.73165530805,0.333145702277,98.8840743325
913,5650,1.15947821101,10.0784283572,5.73122339059,0.333427205133,98.8839550615
914,5650,1.16009418175,10.0924463722,5.73079127397,0.333708816597,98.883835795
915,5650,1.16071041749,10.1064718338,5.73035895812,0.333990536673,98.8837165329
916,5650,1.16132691828,10.1205047453,5.72992644299,0.334272365366,98.8835972752
917,5650,1.16194368417,10.1345451099,5.72949372854,0.33455430268,98.8834780219
918,5650,1.16256071522,10.1485929308,5.72906081469,0.33483634862,98.883358773
919,5650,1.16317801147,10.1626482111,5.72862770141,0.33511850319,98.8832395283
920,5650,1.16379557297,10.1767109541,5.72819438864,0.335400766396,98.8831202879
921,5650,1.16441339977,10.190781163,5.72776087631,0.33568313824,98.8830010518
922,5650,1.16503149192,10.204858841,5.72732716439,0.335965618729,98.8828818198
923,5650,1.16564984946,10.2189439914,5.72689325281,0.336248207865,98.8827625919
924,5650,1.16626847246,10.2330366172,5.72645914151,0.336530905654,98.8826433682
925,5650,1.16688736096,10.2471367218,5.72602483046,0.336813712099,98.8825241485
926,5650,1.167506515,10.2612443083,5.72559031958,0.337096627204,98.8824049328
927,5650,1.16812593464,10.2753593799,5.72515560883,0.337379650975,98.8822857212
928,5650,1.16874561993,10.2894819399,5.72472069815,0.337662783414,98.8821665135
929,5650,1.16936557091,10.3036119915,5.72428558749,0.337946024527,98.8820473097
930,5650,1.16998578763,10.3177495378,5.7238502768,0.338229374316,98.8819281097
931,5650,1.17060627014,10.3318945821,5.72341476601,0.338512832786,98.8818089136
932,5650,1.1712270185,10.3460471277,5.72297905508,0.338796399942,98.8816897213
933,5650,1.17184803275,10.3602071776,5.72254314396,0.339080075786,98.8815705328
934,5650,1.17246931293,10.3743747352,5.72210703258,0.339363860322,98.881451348
935,5650,1.1730908591,10.3885498036,5.72167072089,0.339647753555,98.8813321668
936,5650,1.17371267131,10.4027323861,5.72123420885,0.339931755488,98.8812129893
937,5650,1.1743347496,10.4169224859,5.72079749639,0.340215866125,98.8810938155
938,5650,1.17495709403,10.4311201062,5.72036058347,0.34050008547,98.8809746451
939,5650,1.17557970464,10.4453252501,5.71992347002,0.340784413525,98.8808554783
940,5650,1.17620258147,10.459537921,5.719486156,0.341068850296,98.880736315
941,5650,1.17682572459,10.4737581221,5.71904864135,0.341353395784,98.8806171552
942,5650,1.17744913403,10.4879858565,5.71861092602,0.341638049994,98.8804979987
943,5650,1.17807280984,10.5022211274,5.71817300995,0.34192281293,98.8803788456
944,5650,1.17869675208,10.5164639382,5.7177348931,0.342207684594,98.8802596959
945,5650,1.17932096079,10.530714292,5.71729657539,0.34249266499,98.8801405495
946,5650,1.17994543602,10.5449721921,5.71685805679,0.342777754121,98.8800214063
947,5650,1.18057017781,10.5592376416,5.71641933724,0.34306295199,98.8799022663
948,5650,1.18119518622,10.5735106438,5.71598041668,0.343348258601,98.8797831295
949,5650,1.18182046129,10.587791202,5.71554129507,0.343633673957,98.8796639959
950,5650,1.18244600307,10.6020793192,5.71510197234,0.343919198061,98.8795448654
951,5650,1.1830718116,10.6163749988,5.71466244845,0.344204830916,98.8794257379
952,5650,1.18369788695,10.630678244,5.71422272334,0.344490572525,98.8793066134
953,5650,1.18432422914,10.644989058,5.71378279695,0.344776422891,98.879187492
954,5650,1.18495083824,10.6593074441,5.71334266924,0.345062382018,98.8790683735
955,5650,1.18557771428,10.6736334054,5.71290234015,0.345348449907,98.8789492579
956,5650,1.18620485732,10.6879669452,5.71246180963,0.345634626562,98.8788301452
957,5650,1.1868322674,10.7023080667,5.71202107762,0.345920911985,98.8787110354
958,5650,1.18745994457,10.7166567731,5.71158014407,0.34620730618,98.8785919283
959,5650,1.18808788888,10.7310130677,5.71113900893,0.346493809149,98.878472824
960,5650,1.18871610037,10.7453769537,5.71069767213,0.346780420895,98.8783537224
961,5650,1.18934457909,10.7597484344,5.71025613364,0.34706714142,98.8782346235
962,5650,1.18997332509,10.7741275129,5.7098143934,0.347353970727,98.8781155272
963,5650,1.19060233842,10.7885141925,5.70937245135,0.347640908819,98.8779964336
964,5650,1.19123161912,10.8029084764,5.70893030744,0.347927955698,98.8778773425
965,5650,1.19186116723,10.8173103678,5.70848796162,0.348215111366,98.877758254
966,5650,1.19249098282,10.8317198701,5.70804541383,0.348502375826,98.8776391679
967,5650,1.19312106591,10.8461369864,5.70760266402,0.348789749081,98.8775200843
968,5650,1.19375141656,10.8605617199,5.70715971214,0.349077231131,98.8774010032
969,5650,1.19438203482,10.8749940739,5.70671655813,0.349364821981,98.8772819244
970,5650,1.19501292073,10.8894340516,5.70627320195,0.349652521632,98.8771628479
971,5650,1.19564407434,10.9038816563,5.70582964353,0.349940330086,98.8770437738
972,5650,1.19627549569,10.9183368912,5.70538588283,0.350228247345,98.8769247019
973,5650,1.19690718484,10.9327997595,5.70494191979,0.350516273412,98.8768056322
974,5650,1.19753914182,10.9472702645,5.70449775436,0.350804408289,98.8766865647
975,5650,1.19817136668,10.9617484094,5.70405338648,0.351092651976,98.8765674994
976,5650,1.19880385948,10.9762341974,5.70360881611,0.351381004478,98.8764484362
977,5650,1.19943662025,10.9907276318,5.70316404319,0.351669465794,98.8763293751
978,5650,1.20006964904,11.0052287158,5.70271906766,0.351958035928,98.876210316
979,5650,1.2007029459,11.0197374527,5.70227388948,0.352246714881,98.8760912589
980,5650,1.20133651087,11.0342538457,5.7018285086,0.352535502654,98.8759722038
981,5650,1.201970344,11.048777898,5.70138292495,0.35282439925,98.8758531506
982,5650,1.20260444534,11.0633096129,5.70093713849,0.353113404671,98.8757340992
983,5650,1.20323881492,11.0778489936,5.70049114916,0.353402518917,98.8756150498
984,5650,1.20387345281,11.0923960434,5.70004495691,0.35369174199,98.8754960021
985,5650,1.20450835903,11.1069507655,5.69959856169,0.353981073892,98.8753769562
986,5650,1.20514353365,11.1215131632,5.69915196344,0.354270514625,98.875257912
987,5650,1.20577897669,11.1360832396,5.69870516212,0.35456006419,98.8751388696
988,5650,1.20641468821,11.1506609981,5.69825815766,0.354849722588,98.8750198288
989,5650,1.20705066826,11.1652464419,5.69781095003,0.35513948982,98.8749007896
990,5650,1.20768691688,11.1798395742,5.69736353916,0.355429365888,98.874781752
991,5650,1.20832343411,11.1944403983,5.696915925,0.355719350794,98.8746627159
992,5650,1.20896021999,11.2090489175,5.6964681075,0.356009444537,98.8745436814
993,5650,1.20959727459,11.2236651349,5.69602008661,0.356299647121,98.8744246483
994,5650,1.21023459793,11.2382890538,5.69557186227,0.356589958545,98.8743056166
995,5650,1.21087219006,11.2529206775,5.69512343443,0.35688037881,98.8741865863
996,5650,1.21151005104,11.2675600092,5.69467480305,0.357170907919,98.8740675574
997,5650,1.21214818089,11.2822070522,5.69422596806,0.357461545871,98.8739485298
998,5650,1.21278657968,11.2968618097,5.69377692942,0.357752292668,98.8738295035
999,5650,1.21342524744,11.311524285,5.69332768707,0.35804314831,98.8737104785
1000,5650,1.21406418421,11.3261944813,5.69287824096,0.358334112799,98.8735914546
1001,5650,1.21470339005,11.3408724018,5.69242859104,0.358625186135,98.8734724319
1002,5650,1.21534286499,11.3555580499,5.69197873725,0.358916368318,98.8733534103
1003,5650,1.21598260908,11.3702514288,5.69152867955,0.359207659351,98.8732343898
1004,5650,1.21662262237,11.3849525417,5.69107841788,0.359499059232,98.8731153704
1005,5650,1.2172629049,11.3996613919,5.69062795219,0.359790567964,98.872996352
1006,5650,1.21790345671,11.4143779826,5.69017728242,0.360082185546,98.8728773345
1007,5650,1.21854427785,11.4291023172,5.68972640853,0.360373911979,98.872758318
1008,5650,1.21918536837,11.4438343987,5.68927533047,0.360665747263,98.8726393024
1009,5650,1.21982672829,11.4585742306,5.68882404817,0.360957691399,98.8725202877
1010,5650,1.22046835768,11.4733218161,5.68837256159,0.361249744387,98.8724012738
1011,5650,1.22111025657,11.4880771584,5.68792087068,0.361541906227,98.8722822607
1012,5650,1.22175242501,11.5028402607,5.68746897539,0.361834176921,98.8721632483
1013,5650,1.22239486303,11.5176111264,5.68701687566,0.362126556467,98.8720442367
1014,5650,1.2230375707,11.5323897587,5.68656457143,0.362419044867,98.8719252257
1015,5650,1.22368054804,11.5471761608,5.68611206267,0.362711642119,98.8718062153
1016,5650,1.2243237951,11.5619703361,5.68565934932,0.363004348225,98.8716872056
1017,5650,1.22496731193,11.5767722877,5.68520643132,0.363297163185,98.8715681964
1018,5650,1.22561109856,11.591582019,5.68475330862,0.363590086998,98.8714491878
1019,5650,1.22625515505,11.6063995331,5.68429998117,0.363883119664,98.8713301796
1020,5650,1.22689948144,11.6212248334,5.68384644893,0.364176261184,98.8712111719
1021,5650,1.22754407776,11.6360579232,5.68339271183,0.364469511556,98.8710921646
1022,5650,1.22818894406,11.6508988056,5.68293876983,0.364762870782,98.8709731577
1023,5650,1.22883408039,11.665747484,5.68248462287,0.36505633886,98.8708541511
1024,5650,1.22947948679,11.6806039616,5.68203027091,0.36534991579,98.8707351448
1025,5650,1.23012516329,11.6954682416,5.68157571389,0.365643601572,98.8706161388
1026,5650,1.23077110995,11.7103403274,5.68112095176,0.365937396206,98.870497133
1027,5650,1.23141732681,11.7252202222,5.68066598446,0.366231299691,98.8703781274
1028,5650,1.2320638139,11.7401079293,5.68021081196,0.366525312027,98.8702591219
1029,5650,1.23271057128,11.7550034519,5.67975543418,0.366819433213,98.8701401166
1030,5650,1.23335759898,11.7699067934,5.6792998511,0.367113663248,98.8700211113
1031,5650,1.23400489705,11.7848179569,5.67884406264,0.367408002132,98.8699021061
1032,5650,1.23465246552,11.7997369457,5.67838806876,0.367702449865,98.8697831009
1033,5650,1.23530030445,11.8146637632,5.67793186942,0.367997006445,98.8696640956
1034,5650,1.23594841387,11.8295984125,5.67747546455,0.368291671871,98.8695450903
1035,5650,1.23659679383,11.844540897,5.67701885411,0.368586446144,98.8694260848
1036,5650,1.23724544436,11.8594912199,5.67656203804,0.368881329261,98.8693070792
1037,5650,1.23789436552,11.8744493845,5.6761050163,0.369176321223,98.8691880734
1038,5650,1.23854355734,11.889415394,5.67564778883,0.369471422027,98.8690690674
1039,5650,1.23919301986,11.9043892518,5.67519035558,0.369766631674,98.8689500611
1040,5650,1.23984275313,11.9193709611,5.67473271651,0.370061950162,98.8688310545
1041,5650,1.24049275719,11.9343605252,5.67427487155,0.370357377489,98.8687120476
1042,5650,1.24114303208,11.9493579473,5.67381682066,0.370652913655,98.8685930403
1043,5650,1.24179357784,11.9643632308,5.67335856378,0.370948558659,98.8684740326
1044,5650,1.24244439451,11.9793763788,5.67290010088,0.371244312499,98.8683550245
1045,5650,1.24309548213,11.9943973947,5.67244143188,0.371540175174,98.8682360159
1046,5650,1.24374684076,12.0094262818,5.67198255675,0.371836146683,98.8681170067
1047,5650,1.24439847042,12.0244630433,5.67152347544,0.372132227023,98.867997997
1048,5650,1.24505037116,12.0395076825,5.67106418788,0.372428416195,98.8678789867
1049,5650,1.24570254302,12.0545602027,5.67060469404,0.372724714195,98.8677599758
1050,5650,1.24635498604,12.0696206071,5.67014499385,0.373021121023,98.8676409641
1051,5650,1.24700770027,12.0846888991,5.66968508728,0.373317636678,98.8675219518
1052,5650,1.24766068574,12.0997650818,5.66922497426,0.373614261156,98.8674029387
1053,5650,1.24831394249,12.1148491587,5.66876465475,0.373910994458,98.8672839249
1054,5650,1.24896747057,12.1299411329,5.6683041287,0.37420783658,98.8671649102
1055,5650,1.24962127002,12.1450410078,5.66784339605,0.374504787521,98.8670458947
1056,5650,1.25027534087,12.1601487866,5.66738245676,0.37480184728,98.8669268782
1057,5650,1.25092968318,12.1752644726,5.66692131077,0.375099015854,98.8668078609
1058,5650,1.25158429697,12.1903880691,5.66645995803,0.375396293241,98.8666888425
1059,5650,1.25223918229,12.2055195794,5.6659983985,0.37569367944,98.8665698232
1060,5650,1.25289433918,12.2206590067,5.66553663212,0.375991174448,98.8664508028
1061,5650,1.25354976768,12.2358063544,5.66507465884,0.376288778264,98.8663317814
1062,5650,1.25420546783,12.2509616257,5.66461247861,0.376586490884,98.8662127588
1063,5650,1.25486143968,12.2661248239,5.66415009139,0.376884312308,98.866093735
1064,5650,1.25551768325,12.2812959522,5.66368749711,0.377182242532,98.8659747101
1065,5650,1.2561741986,12.2964750141,5.66322469573,0.377480281555,98.865855684
1066,5650,1.25683098576,12.3116620127,5.6627616872,0.377778429373,98.8657366565
1067,5650,1.25748804477,12.3268569513,5.66229847147,0.378076685986,98.8656176278
1068,5650,1.25814537567,12.3420598333,5.66183504849,0.378375051389,98.8654985977
1069,5650,1.25880297851,12.3572706619,5.66137141821,0.378673525582,98.8653795663
1070,5650,1.25946085331,12.3724894404,5.66090758057,0.37897210856,98.8652605334
1071,5650,1.26011900013,12.3877161721,5.66044353553,0.379270800322,98.8651414991
1072,5650,1.260777419,12.4029508603,5.65997928304,0.379569600865,98.8650224633
1073,5650,1.26143610996,12.4181935082,5.65951482305,0.379868510187,98.864903426
1074,5650,1.26209507305,12.4334441192,5.6590501555,0.380167528283,98.8647843871
1075,5650,1.26275430831,12.4487026965,5.65858528034,0.380466655153,98.8646653466
1076,5650,1.26341381577,12.4639692435,5.65812019754,0.380765890792,98.8645463044
1077,5650,1.26407359549,12.4792437633,5.65765490703,0.381065235199,98.8644272606
1078,5650,1.26473364749,12.4945262594,5.65718940876,0.381364688369,98.8643082151
1079,5650,1.26539397182,12.5098167351,5.6567237027,0.381664250301,98.8641891678
1080,5650,1.26605456852,12.5251151935,5.65625778877,0.38196392099,98.8640701188
1081,5650,1.26671543762,12.540421638,5.65579166695,0.382263700435,98.8639510679
1082,5650,1.26737657916,12.5557360718,5.65532533717,0.382563588631,98.8638320152
1083,5650,1.26803799319,12.5710584984,5.65485879938,0.382863585576,98.8637129605
1084,5650,1.26869967974,12.5863889209,5.65439205355,0.383163691266,98.863593904
1085,5650,1.26936163885,12.6017273427,5.6539250996,0.383463905698,98.8634748454
1086,5650,1.27002387056,12.6170737671,5.65345793751,0.383764228869,98.8633557849
1087,5650,1.27068637491,12.6324281973,5.65299056721,0.384064660775,98.8632367223
1088,5650,1.27134915193,12.6477906366,5.65252298866,0.384365201413,98.8631176577
1089,5650,1.27201220167,12.6631610884,5.6520552018,0.384665850779,98.8629985909
1090,5650,1.27267552416,12.678539556,5.65158720659,0.384966608871,98.8628795219
1091,5650,1.27333911944,12.6939260425,5.65111900298,0.385267475683,98.8627604508
1092,5650,1.27400298755,12.7093205515,5.65065059092,0.385568451213,98.8626413775
1093,5650,1.27466712853,12.724723086,5.65018197036,0.385869535457,98.8625223018
1094,5650,1.27533154242,12.7401336495,5.64971314124,0.386170728411,98.8624032239
1095,5650,1.27599622925,12.7555522452,5.64924410353,0.386472030072,98.8622841437
1096,5650,1.27666118906,12.7709788765,5.64877485716,0.386773440435,98.862165061
1097,5650,1.27732642189,12.7864135465,5.64830540209,0.387074959496,98.862045976
1098,5650,1.27799192778,12.8018562587,5.64783573828,0.387376587252,98.8619268885
1099,5650,1.27865770677,12.8173070164,5.64736586566,0.387678323699,98.8618077985
1100,5650,1.27932375888,12.8327658228,5.6468957842,0.387980168832,98.861688706
1101,5650,1.27999008417,12.8482326812,5.64642549384,0.388282122648,98.8615696109
1102,5650,1.28065668267,12.8637075949,5.64595499453,0.388584185142,98.8614505133
1103,5650,1.28132355441,12.8791905673,5.64548428623,0.38888635631,98.861331413
1104,5650,1.28199069944,12.8946816016,5.64501336888,0.389188636148,98.86121231
1105,5650,1.28265811778,12.9101807011,5.64454224243,0.389491024652,98.8610932043
1106,5650,1.28332580949,12.9256878692,5.64407090684,0.389793521817,98.8609740959
1107,5650,1.28399377459,12.9412031092,5.64359936206,0.390096127638,98.8608549847
1108,5650,1.28466201312,12.9567264243,5.64312760804,0.390398842112,98.8607358707
1109,5650,1.28533052512,12.9722578179,5.64265564472,0.390701665234,98.8606167539
1110,5650,1.28599931062,12.9877972932,5.64218347207,0.391004596999,98.8604976341
1111,5650,1.28666836967,13.0033448537,5.64171109002,0.391307637402,98.8603785114
1112,5650,1.2873377023,13.0189005025,5.64123849854,0.39161078644,98.8602593858
1113,5650,1.28800730854,13.0344642429,5.64076569756,0.391914044107,98.8601402571
1114,5650,1.28867718844,13.0500360784,5.64029268706,0.392217410398,98.8600211255
1115,5650,1.28934734202,13.0656160122,5.63981946696,0.392520885309,98.8599019907
1116,5650,1.29001776934,13.0812040476,5.63934603723,0.392824468834,98.8597828528
1117,5650,1.29068847041,13.0968001879,5.63887239782,0.393128160969,98.8596637118
1118,5650,1.29135944528,13.1124044364,5.63839854867,0.39343196171,98.8595445676
1119,5650,1.29203069399,13.1280167965,5.63792448975,0.39373587105,98.8594254202
1120,5650,1.29270221657,13.1436372714,5.63745022099,0.394039888985,98.8593062696
1121,5650,1.29337401306,13.1592658645,5.63697574236,0.394344015509,98.8591871156
1122,5650,1.29404608349,13.1749025791,5.6365010538,0.394648250618,98.8590679583
1123,5650,1.29471842789,13.1905474184,5.63602615526,0.394952594306,98.8589487977
1124,5650,1.29539104632,13.2062003858,5.63555104669,0.395257046568,98.8588296336
1125,5650,1.29606393879,13.2218614846,5.63507572806,0.395561607398,98.8587104661
1126,5650,1.29673710536,13.2375307182,5.6346001993,0.395866276792,98.8585912951
1127,5650,1.29741054604,13.2532080897,5.63412446037,0.396171054743,98.8584721207
1128,5650,1.29808426088,13.2688936026,5.63364851123,0.396475941247,98.8583529426
1129,5650,1.29875824992,13.2845872602,5.63317235181,0.396780936297,98.858233761
1130,5650,1.29943251318,13.3002890657,5.63269598208,0.397086039888,98.8581145758
1131,5650,1.30010705071,13.3159990226,5.63221940199,0.397391252015,98.8579953869
1132,5650,1.30078186254,13.331717134,5.63174261148,0.397696572672,98.8578761943
1133,5650,1.30145694871,13.3474434033,5.63126561051,0.398002001852,98.857756998
1134,5650,1.30213230924,13.3631778339,5.63078839903,0.398307539551,98.8576377979
1135,5650,1.30280794418,13.378920429,5.630310977,0.398613185762,98.857518594
1136,5650,1.30348385356,13.394671192,5.62983334436,0.398918940479,98.8573993863
1137,5650,1.30416003741,13.4104301262,5.62935550106,0.399224803697,98.8572801747
1138,5650,1.30483649578,13.4261972348,5.62887744707,0.399530775409,98.8571609591
1139,5650,1.30551322868,13.4419725213,5.62839918232,0.399836855609,98.8570417397
1140,5650,1.30619023617,13.457755989,5.62792070677,0.400143044292,98.8569225162
1141,5650,1.30686751827,13.473547641,5.62744202038,0.40044934145,98.8568032887
1142,5650,1.30754507503,13.4893474809,5.62696312309,0.400755747078,98.8566840572
1143,5650,1.30822290646,13.5051555119,5.62648401486,0.40106226117,98.8565648216
1144,5650,1.30890101261,13.5209717372,5.62600469564,0.401368883719,98.8564455818
1145,5650,1.30957939351,13.5367961603,5.62552516538,0.401675614719,98.8563263379
1146,5650,1.3102580492,13.5526287845,5.62504542403,0.401982454163,98.8562070897
1147,5650,1.31093697971,13.568469613,5.62456547155,0.402289402045,98.8560878373
1148,5650,1.31161618507,13.5843186493,5.62408530788,0.402596458358,98.8559685807
1149,5650,1.31229566532,13.6001758966,5.62360493299,0.402903623096,98.8558493197
1150,5650,1.31297542049,13.6160413582,5.62312434682,0.403210896252,98.8557300544
1151,5650,1.31365545062,13.6319150374,5.62264354932,0.403518277819,98.8556107847
1152,5650,1.31433575574,13.6477969377,5.62216254045,0.403825767791,98.8554915106
1153,5650,1.31501633588,13.6636870623,5.62168132016,0.40413336616,98.855372232
1154,5650,1.31569719108,13.6795854145,5.6211998884,0.404441072921,98.8552529489
1155,5650,1.31637832137,13.6954919977,5.62071824512,0.404748888065,98.8551336613
1156,5650,1.31705972678,13.7114068152,5.62023639028,0.405056811587,98.8550143692
1157,5650,1.31774140736,13.7273298703,5.61975432382,0.405364843478,98.8548950724
1158,5650,1.31842336312,13.7432611664,5.61927204571,0.405672983732,98.854775771
1159,5650,1.3191055941,13.7592007067,5.61878955589,0.405981232342,98.8546564649
1160,5650,1.31978810034,13.7751484946,5.61830685432,0.406289589301,98.8545371541
1161,5650,1.32047088188,13.7911045334,5.61782394094,0.406598054601,98.8544178385
1162,5650,1.32115393873,13.8070688265,5.61734081572,0.406906628235,98.8542985182
1163,5650,1.32183727094,13.8230413772,5.6168574786,0.407215310196,98.854179193
1164,5650,1.32252087854,13.8390221887,5.61637392954,0.407524100476,98.854059863
1165,5650,1.32320476157,13.8550112645,5.61589016848,0.407832999067,98.8539405281
1166,5650,1.32388892004,13.8710086079,5.61540619539,0.408142005964,98.8538211883
1167,5650,1.32457335401,13.8870142221,5.61492201021,0.408451121157,98.8537018435
1168,5650,1.32525806349,13.9030281106,5.61443761291,0.408760344639,98.8535824937
1169,5650,1.32594304852,13.9190502766,5.61395300342,0.409069676402,98.8534631388
1170,5650,1.32662830914,13.9350807236,5.6134681817,0.40937911644,98.8533437789
1171,5650,1.32731384538,13.9511194547,5.61298314771,0.409688664743,98.8532244139
1172,5650,1.32799965726,13.9671664734,5.6124979014,0.409998321305,98.8531050438
1173,5650,1.32868574483,13.9832217829,5.61201244272,0.410308086116,98.8529856684
1174,5650,1.32937210811,13.9992853867,5.61152677163,0.410617959171,98.8528662878
1175,5650,1.33005874713,14.015357288,5.61104088807,0.410927940459,98.852746902
1176,5650,1.33074566193,14.0314374902,5.61055479201,0.411238029974,98.8526275109
1177,5650,1.33143285254,14.0475259966,5.61006848339,0.411548227707,98.8525081145
1178,5650,1.33212031899,14.0636228105,5.60958196217,0.41185853365,98.8523887127
1179,5650,1.33280806131,14.0797279354,5.6090952283,0.412168947795,98.8522693055
1180,5650,1.33349607954,14.0958413744,5.60860828174,0.412479470134,98.8521498929
1181,5650,1.3341843737,14.111963131,5.60812112243,0.412790100658,98.8520304748
1182,5650,1.33487294383,14.1280932084,5.60763375033,0.413100839358,98.8519110511
1183,5650,1.33556178995,14.1442316101,5.60714616539,0.413411686228,98.851791622
1184,5650,1.33625091211,14.1603783394,5.60665836758,0.413722641257,98.8516721873
1185,5650,1.33694031032,14.1765333995,5.60617035683,0.414033704437,98.8515527469
1186,5650,1.33762998463,14.1926967939,5.60568213311,0.414344875761,98.8514333009
1187,5650,1.33831993506,14.2088685258,5.60519369637,0.414656155219,98.8513138493
1188,5650,1.33901016164,14.2250485986,5.60470504656,0.414967542802,98.8511943919
1189,5650,1.33970066441,14.2412370157,5.60421618363,0.415279038502,98.8510749287
1190,5650,1.34039144339,14.2574337803,5.60372710754,0.41559064231,98.8509554598
1191,5650,1.34108249862,14.2736388959,5.60323781824,0.415902354218,98.850835985
1192,5650,1.34177383013,14.2898523657,5.60274831569,0.416214174215,98.8507165043
1193,5650,1.34246543794,14.3060741931,5.60225859984,0.416526102294,98.8505970178
1194,5650,1.34315732209,14.3223043815,5.60176867064,0.416838138445,98.8504775253
1195,5650,1.34384948261,14.3385429341,5.60127852805,0.417150282659,98.8503580268
1196,5650,1.34454191952,14.3547898544,5.60078817202,0.417462534927,98.8502385224
1197,5650,1.34523463287,14.3710451456,5.60029760251,0.417774895239,98.8501190119
1198,5650,1.34592762267,14.3873088111,5.59980681946,0.418087363588,98.8499994953
1199,5650,1.34662088896,14.4035808542,5.59931582283,0.418399939962,98.8498799726
1200,5650,1.34731443177,14.4198612784,5.59882461259,0.418712624354,98.8497604437
1201,5650,1.34800825113,14.4361500868,5.59833318867,0.419025416753,98.8496409086
1202,5650,1.34870234707,14.452447283,5.59784155103,0.41933831715,98.8495213674
1203,5650,1.34939671961,14.4687528701,5.59734969964,0.419651325536,98.8494018198
1204,5650,1.3500913688,14.4850668516,5.59685763444,0.4199644419,98.849282266
1205,5650,1.35078629465,14.5013892308,5.59636535538,0.420277666234,98.8491627058
1206,5650,1.3514814972,14.517720011,5.59587286242,0.420590998528,98.8490431393
1207,5650,1.35217697647,14.5340591956,5.59538015552,0.420904438771,98.8489235664
1208,5650,1.3528727325,14.550406788,5.59488723463,0.421217986954,98.848803987
1209,5650,1.35356876531,14.5667627914,5.5943940997,0.421531643068,98.8486844011
1210,5650,1.35426507494,14.5831272093,5.59390075069,0.421845407102,98.8485648088
1211,5650,1.35496166141,14.5995000449,5.59340718756,0.422159279046,98.8484452099
1212,5650,1.35565852476,14.6158813016,5.59291341025,0.422473258891,98.8483256044
1213,5650,1.356355665,14.6322709828,5.59241941872,0.422787346626,98.8482059923
1214,5650,1.35705308218,14.6486690918,5.59192521292,0.423101542241,98.8480863735
1215,5650,1.35775077631,14.665075632,5.59143079282,0.423415845726,98.847966748
1216,5650,1.35844874743,14.6814906067,5.59093615836,0.423730257071,98.8478471159
1217,5650,1.35914699557,14.6979140192,5.59044130949,0.424044776266,98.8477274769
1218,5650,1.35984552075,14.7143458729,5.58994624619,0.424359403299,98.8476078312
1219,5650,1.360544323,14.7307861712,5.58945096839,0.424674138161,98.8474881786
1220,5650,1.36124340236,14.7472349173,5.58895547605,0.424988980841,98.8473685192
1221,5650,1.36194275884,14.7636921148,5.58845976913,0.425303931329,98.8472488528
1222,5650,1.36264239249,14.7801577668,5.58796384759,0.425618989614,98.8471291796
1223,5650,1.36334230332,14.7966318767,5.58746771137,0.425934155686,98.8470094993
1224,5650,1.36404249136,14.813114448,5.58697136043,0.426249429533,98.8468898121
1225,5650,1.36474295664,14.8296054839,5.58647479473,0.426564811145,98.8467701177
1226,5650,1.3654436992,14.8461049878,5.58597801422,0.426880300512,98.8466504164
1227,5650,1.36614471905,14.862612963,5.58548101886,0.427195897622,98.8465307078
1228,5650,1.36684601622,14.879129413,5.5849838086,0.427511602465,98.8464109922
1229,5650,1.36754759075,14.895654341,5.5844863834,0.427827415029,98.8462912693
1230,5650,1.36824944266,14.9121877504,5.58398874321,0.428143335303,98.8461715393
1231,5650,1.36895157198,14.9287296446,5.58349088798,0.428459363277,98.8460518019
1232,5650,1.36965397873,14.9452800269,5.58299281768,0.42877549894,98.8459320573
1233,5650,1.37035666295,14.9618389007,5.58249453225,0.429091742279,98.8458123053
1234,5650,1.37105962465,14.9784062693,5.58199603166,0.429408093284,98.845692546
1235,5650,1.37176286387,14.994982136,5.58149731586,0.429724551944,98.8455727793
1236,5650,1.37246638064,15.0115665043,5.58099838479,0.430041118247,98.8454530051
1237,5650,1.37317017497,15.0281593775,5.58049923843,0.430357792182,98.8453332235
1238,5650,1.37387424691,15.0447607589,5.57999987672,0.430674573737,98.8452134343
1239,5650,1.37457859646,15.0613706519,5.57950029962,0.430991462901,98.8450936376
1240,5650,1.37528322367,15.0779890598,5.57900050708,0.431308459662,98.8449738334
1241,5650,1.37598812856,15.0946159861,5.57850049906,0.431625564008,98.8448540215
1242,5650,1.37669331115,15.111251434,5.57800027552,0.431942775929,98.8447342019
1243,5650,1.37739877147,15.127895407,5.57749983641,0.432260095411,98.8446143747
1244,5650,1.37810450954,15.1445479083,5.57699918168,0.432577522444,98.8444945398
1245,5650,1.3788105254,15.1612089413,5.5764983113,0.432895057015,98.8443746971
1246,5650,1.37951681907,15.1778785095,5.57599722522,0.433212699113,98.8442548466
1247,5650,1.38022339058,15.194556616,5.57549592338,0.433530448725,98.8441349882
1248,5650,1.38093023994,15.2112432644,5.57499440576,0.433848305839,98.8440151221
1249,5650,1.3816373672,15.227938458,5.5744926723,0.434166270444,98.843895248
1250,5650,1.38234477237,15.2446422001,5.57399072297,0.434484342527,98.843775366
1251,5650,1.38305245547,15.2613544941,5.57348855771,0.434802522076,98.843655476
1252,5650,1.38376041654,15.2780753433,5.57298617648,0.435120809079,98.843535578
1253,5650,1.3844686556,15.2948047511,5.57248357924,0.435439203523,98.8434156719
1254,5650,1.38517717268,15.3115427209,5.57198076594,0.435757705397,98.8432957578
1255,5650,1.3858859678,15.328289256,5.57147773655,0.436076314686,98.8431758356
1256,5650,1.38659504098,15.3450443598,5.57097449101,0.43639503138,98.8430559053
1257,5650,1.38730439226,15.3618080356,5.57047102928,0.436713855465,98.8429359667
1258,5650,1.38801402165,15.3785802869,5.56996735132,0.43703278693,98.8428160199
1259,5650,1.38872392919,15.3953611169,5.56946345709,0.43735182576,98.8426960649
1260,5650,1.38943411489,15.412150529,5.56895934654,0.437670971944,98.8425761016
1261,5650,1.39014457878,15.4289485266,5.56845501962,0.437990225469,98.84245613
1262,5650,1.39085532089,15.4457551131,5.5679504763,0.438309586321,98.84233615
1263,5650,1.39156634125,15.4625702918,5.56744571653,0.438629054489,98.8422161616
1264,5650,1.39227763987,15.4793940661,5.56694074026,0.438948629958,98.8420961648
1265,5650,1.39298921677,15.4962264394,5.56643554746,0.439268312717,98.8419761596
1266,5650,1.393701072,15.5130674149,5.56593013807,0.439588102751,98.8418561458
1267,5650,1.39441320556,15.5299169961,5.56542451206,0.439908000049,98.8417361235
1268,5650,1.39512561749,15.5467751864,5.56491866939,0.440228004596,98.8416160926
1269,5650,1.39583830781,15.563641989,5.56441261,0.440548116379,98.8414960531
1270,5650,1.39655127654,15.5805174075,5.56390633385,0.440868335385,98.841376005
1271,5650,1.3972645237,15.597401445,5.56339984091,0.441188661602,98.8412559482
1272,5650,1.39797804933,15.6142941051,5.56289313113,0.441509095014,98.8411358827
1273,5650,1.39869185344,15.631195391,5.56238620446,0.441829635609,98.8410158084
1274,5650,1.39940593605,15.6481053061,5.56187906086,0.442150283374,98.8408957254
1275,5650,1.4001202972,15.6650238539,5.56137170029,0.442471038294,98.8407756336
1276,5650,1.40083493691,15.6819510376,5.56086412271,0.442791900356,98.8406555328
1277,5650,1.40154985519,15.6988868606,5.56035632806,0.443112869547,98.8405354233
1278,5650,1.40226505208,15.7158313263,5.55984831632,0.443433945852,98.8404153047
1279,5650,1.40298052759,15.7327844381,5.55934008743,0.443755129258,98.8402951773
1280,5650,1.40369628175,15.7497461993,5.55883164136,0.444076419751,98.8401750408
1281,5650,1.40441231458,15.7667166134,5.55832297806,0.444397817317,98.8400548953
1282,5650,1.40512862611,15.7836956836,5.55781409748,0.444719321942,98.8399347408
1283,5650,1.40584521635,15.8006834133,5.55730499959,0.445040933611,98.8398145771
1284,5650,1.40656208534,15.8176798059,5.55679568434,0.445362652312,98.8396944043
1285,5650,1.40727923309,15.8346848649,5.55628615168,0.445684478029,98.8395742224
1286,5650,1.40799665963,15.8516985934,5.55577640159,0.446006410748,98.8394540312
1287,5650,1.40871436498,15.868720995,5.555266434,0.446328450455,98.8393338308
1288,5650,1.40943234916,15.8857520729,5.55475624889,0.446650597136,98.8392136212
1289,5650,1.41015061219,15.9027918306,5.5542458462,0.446972850777,98.8390934022
1290,5650,1.4108691541,15.9198402715,5.5537352259,0.447295211362,98.8389731739
1291,5650,1.41158797491,15.9368973988,5.55322438794,0.447617678878,98.8388529362
1292,5650,1.41230707464,15.953963216,5.55271333228,0.447940253309,98.8387326891
1293,5650,1.41302645332,15.9710377265,5.55220205888,0.448262934642,98.8386124325
1294,5650,1.41374611096,15.9881209335,5.55169056769,0.44858572286,98.8384921665
1295,5650,1.41446604758,16.0052128405,5.55117885867,0.448908617951,98.8383718909
1296,5650,1.41518626322,16.0223134509,5.55066693179,0.449231619898,98.8382516058
1297,5650,1.41590675789,16.039422768,5.55015478699,0.449554728688,98.8381313111
1298,5650,1.41662753161,16.0565407952,5.54964242424,0.449877944304,98.8380110068
1299,5650,1.41734858441,16.0736675359,5.54912984349,0.450201266733,98.8378906928
1300,5650,1.4180699163,16.0908029935,5.5486170447,0.450524695958,98.8377703691
1301,5650,1.41879152731,16.1079471712,5.54810402784,0.450848231965,98.8376500357
1302,5650,1.41951341745,16.1251000725,5.54759079284,0.451171874739,98.8375296925
1303,5650,1.42023558676,16.1422617009,5.54707733969,0.451495624264,98.8374093396
1304,5650,1.42095803525,16.1594320595,5.54656366832,0.451819480526,98.8372889768
1305,5650,1.42168076294,16.1766111519,5.54604977871,0.452143443509,98.8371686041
1306,5650,1.42240376986,16.1937989813,5.5455356708,0.452467513196,98.8370482215
1307,5650,1.42312705602,16.2109955512,5.54502134456,0.452791689574,98.836927829
1308,5650,1.42385062144,16.228200865,5.54450679995,0.453115972626,98.8368074265
1309,5650,1.42457446615,16.245414926,5.54399203691,0.453440362338,98.836687014
1310,5650,1.42529859017,16.2626377376,5.54347705542,0.453764858692,98.8365665915
1311,5650,1.42602299351,16.2798693031,5.54296185543,0.454089461674,98.8364461589
1312,5650,1.4267476762,16.297109626,5.5424464369,0.454414171267,98.8363257161
1313,5650,1.42747263826,16.3143587096,5.54193079978,0.454738987457,98.8362052632
1314,5650,1.4281978797,16.3316165573,5.54141494403,0.455063910226,98.8360848002
1315,5650,1.42892340056,16.3488831724,5.54089886962,0.45538893956,98.8359643269
1316,5650,1.42964920084,16.3661585585,5.5403825765,0.455714075442,98.8358438434
1317,5650,1.43037528057,16.3834427187,5.53986606463,0.456039317856,98.8357233496
1318,5650,1.43110163976,16.4007356566,5.53934933397,0.456364666786,98.8356028454
1319,5650,1.43182827845,16.4180373754,5.53883238447,0.456690122215,98.8354823309
1320,5650,1.43255519664,16.4353478786,5.5383152161,0.457015684128,98.835361806
1321,5650,1.43328239437,16.4526671696,5.53779782881,0.457341352509,98.8352412707
1322,5650,1.43400987163,16.4699952517,5.53728022257,0.45766712734,98.835120725
1323,5650,1.43473762847,16.4873321282,5.53676239733,0.457993008605,98.8350001687
1324,5650,1.43546566489,16.5046778027,5.53624435304,0.458318996289,98.8348796019
1325,5650,1.43619398091,16.5220322784,5.53572608968,0.458645090374,98.8347590245
1326,5650,1.43692257656,16.5393955587,5.53520760719,0.458971290844,98.8346384365
1327,5650,1.43765145185,16.5567676471,5.53468890554,0.459297597682,98.8345178379
1328,5650,1.43838060681,16.5741485469,5.53416998469,0.459624010871,98.8343972287
1329,5650,1.43911004144,16.5915382614,5.53365084459,0.459950530395,98.8342766087
1330,5650,1.43983975578,16.6089367941,5.5331314852,0.460277156238,98.834155978
1331,5650,1.44056974983,16.6263441483,5.53261190649,0.460603888381,98.8340353365
1332,5650,1.44130002363,16.6437603275,5.53209210841,0.460930726808,98.8339146842
1333,5650,1.44203057717,16.6611853349,5.53157209092,0.461257671502,98.833794021
1334,5650,1.4427614105,16.6786191741,5.53105185398,0.461584722445,98.833673347
1335,5650,1.44349252361,16.6960618483,5.53053139755,0.461911879622,98.8335526621
1336,5650,1.44422391654,16.7135133609,5.53001072158,0.462239143014,98.8334319662
1337,5650,1.44495558929,16.7309737154,5.52948982605,0.462566512605,98.8333112593
1338,5650,1.44568754189,16.7484429151,5.5289687109,0.462893988377,98.8331905414
1339,5650,1.44641977436,16.7659209633,5.5284473761,0.463221570312,98.8330698125
1340,5650,1.44715228671,16.7834078636,5.52792582161,0.463549258393,98.8329490725
1341,5650,1.44788507897,16.8009036192,5.52740404738,0.463877052604,98.8328283213
1342,5650,1.44861815114,16.8184082336,5.52688205337,0.464204952925,98.832707559
1343,5650,1.44935150324,16.83592171,5.52635983956,0.46453295934,98.8325867856
1344,5650,1.45008513531,16.853444052,5.52583740588,0.46486107183,98.8324660008
1345,5650,1.45081904734,16.8709752629,5.52531475231,0.465189290379,98.8323452049
1346,5650,1.45155323936,16.8885153461,5.52479187881,0.465517614968,98.8322243976
1347,5650,1.45228771139,16.9060643049,5.52426878532,0.465846045579,98.832103579
1348,5650,1.45302246344,16.9236221427,5.52374547182,0.466174582195,98.8319827491
1349,5650,1.45375749553,16.941188863,5.52322193827,0.466503224798,98.8318619077
1350,5650,1.45449280768,16.9587644691,5.52269818461,0.466831973369,98.8317410549
1351,5650,1.4552283999,16.9763489645,5.52217421082,0.46716082789,98.8316201907
1352,5650,1.45596427222,16.9939423523,5.52165001686,0.467489788344,98.8314993149
1353,5650,1.45670042464,17.0115446362,5.52112560267,0.467818854711,98.8313784276
1354,5650,1.45743685719,17.0291558194,5.52060096823,0.468148026975,98.8312575287
1355,5650,1.45817356988,17.0467759054,5.52007611349,0.468477305115,98.8311366183
1356,5650,1.45891056272,17.0644048975,5.51955103842,0.468806689115,98.8310156962
1357,5650,1.45964783574,17.0820427991,5.51902574297,0.469136178955,98.8308947624
1358,5650,1.46038538895,17.0996896136,5.5185002271,0.469465774617,98.8307738169
1359,5650,1.46112322236,17.1173453444,5.51797449077,0.469795476082,98.8306528596
1360,5650,1.461861336,17.1350099949,5.51744853395,0.470125283332,98.8305318906
1361,5650,1.46259972987,17.1526835684,5.5169223566,0.470455196348,98.8304109098
1362,5650,1.463338404,17.1703660684,5.51639595867,0.470785215112,98.8302899171
1363,5650,1.4640773584,17.1880574982,5.51586934012,0.471115339603,98.8301689126
1364,5650,1.46481659309,17.2057578612,5.51534250092,0.471445569804,98.8300478961
1365,5650,1.46555610807,17.2234671609,5.51481544103,0.471775905696,98.8299268677
1366,5650,1.46629590338,17.2411854005,5.51428816041,0.472106347259,98.8298058273
1367,5650,1.46703597901,17.2589125836,5.51376065901,0.472436894475,98.8296847748
1368,5650,1.46777633499,17.2766487134,5.5132329368,0.472767547323,98.8295637104
1369,5650,1.46851697134,17.2943937934,5.51270499374,0.473098305786,98.8294426338
1370,5650,1.46925788806,17.3121478269,5.51217682979,0.473429169844,98.8293215451
1371,5650,1.46999908517,17.3299108174,5.51164844491,0.473760139477,98.8292004443
1372,5650,1.4707405627,17.3476827682,5.51111983906,0.474091214667,98.8290793312
1373,5650,1.47148232064,17.3654636827,5.5105910122,0.474422395393,98.828958206
1374,5650,1.47222435903,17.3832535644,5.5100619643,0.474753681636,98.8288370684
1375,5650,1.47296667786,17.4010524165,5.50953269531,0.475085073376,98.8287159186
1376,5650,1.47370927716,17.4188602425,5.50900320519,0.475416570595,98.8285947565
1377,5650,1.47445215694,17.4366770458,5.50847349391,0.475748173272,98.828473582
1378,5650,1.47519531722,17.4545028298,5.50794356143,0.476079881387,98.8283523951
1379,5650,1.47593875801,17.4723375979,5.50741340771,0.476411694921,98.8282311957
1380,5650,1.47668247932,17.4901813534,5.50688303271,0.476743613853,98.8281099839
1381,5650,1.47742648117,17.5080340997,5.50635243639,0.477075638165,98.8279887596
1382,5650,1.47817076357,17.5258958403,5.50582161871,0.477407767835,98.8278675228
1383,5650,1.47891532654,17.5437665785,5.50529057963,0.477740002844,98.8277462734
1384,5650,1.47966017009,17.5616463177,5.50475931912,0.478072343172,98.8276250114
1385,5650,1.48040529423,17.5795350613,5.50422783713,0.478404788798,98.8275037367
1386,5650,1.48115069897,17.5974328127,5.50369613364,0.478737339702,98.8273824494
1387,5650,1.48189638434,17.6153395753,5.50316420859,0.479069995864,98.8272611494
1388,5650,1.48264235034,17.6332553525,5.50263206195,0.479402757263,98.8271398366
1389,5650,1.48338859699,17.6511801476,5.50209969369,0.47973562388,98.827018511
1390,5650,1.4841351243,17.6691139641,5.50156710376,0.480068595693,98.8268971727
1391,5650,1.48488193229,17.6870568054,5.50103429212,0.480401672682,98.8267758215
1392,5650,1.48562902096,17.7050086748,5.50050125874,0.480734854826,98.8266544574
1393,5650,1.48637639033,17.7229695758,5.49996800358,0.481068142105,98.8265330804
1394,5650,1.48712404041,17.7409395117,5.49943452661,0.481401534498,98.8264116905
1395,5650,1.48787197122,17.758918486,5.49890082777,0.481735031984,98.8262902876
1396,5650,1.48862018277,17.7769065019,5.49836690704,0.482068634543,98.8261688717
1397,5650,1.48936867506,17.794903563,5.49783276438,0.482402342152,98.8260474427
1398,5650,1.49011744812,17.8129096726,5.49729839975,0.482736154792,98.8259260006
1399,5650,1.49086650196,17.830924834,5.4967638131,0.483070072441,98.8258045455
1400,5650,1.49161583658,17.8489490508,5.49622900441,0.483404095078,98.8256830771
1401,5650,1.492365452,17.8669823263,5.49569397364,0.483738222682,98.8255615956
1402,5650,1.49311534824,17.8850246638,5.49515872074,0.484072455231,98.8254401009
1403,5650,1.4938655253,17.9030760669,5.49462324568,0.484406792705,98.8253185929
1404,5650,1.49461598319,17.9211365388,5.49408754843,0.484741235082,98.8251970716
1405,5650,1.49536672193,17.9392060829,5.49355162893,0.485075782341,98.825075537
1406,5650,1.49611774154,17.9572847028,5.49301548717,0.485410434459,98.8249539891
1407,5650,1.49686904201,17.9753724017,5.49247912309,0.485745191416,98.8248324277
1408,5650,1.49762062336,17.993469183,5.49194253666,0.486080053189,98.824710853
1409,5650,1.49837248561,18.0115750502,5.49140572785,0.486415019758,98.8245892648
1410,5650,1.49912462877,18.0296900066,5.49086869662,0.4867500911,98.824467663
1411,5650,1.49987705284,18.0478140557,5.49033144292,0.487085267194,98.8243460478
1412,5650,1.50062975784,18.0659472008,5.48979396672,0.487420548017,98.824224419
1413,5650,1.50138274378,18.0840894453,5.48925626799,0.487755933548,98.8241027766
1414,5650,1.50213601066,18.1022407926,5.48871834669,0.488091423765,98.8239811206
1415,5650,1.50288955851,18.1204012462,5.48818020278,0.488427018646,98.8238594509
1416,5650,1.50364338733,18.1385708093,5.48764183621,0.488762718168,98.8237377675
1417,5650,1.50439749713,18.1567494855,5.48710324697,0.489098522309,98.8236160704
1418,5650,1.50515188792,18.1749372781,5.486564435,0.489434431048,98.8234943595
1419,5650,1.50590655971,18.1931341905,5.48602540028,0.489770444361,98.8233726348
1420,5650,1.50666151252,18.2113402261,5.48548614275,0.490106562226,98.8232508963
1421,5650,1.50741674635,18.2295553883,5.4849466624,0.490442784622,98.8231291439
1422,5650,1.50817226122,18.2477796805,5.48440695918,0.490779111525,98.8230073776
1423,5650,1.50892805713,18.2660131061,5.48386703305,0.491115542912,98.8228855974
1424,5650,1.50968413409,18.2842556684,5.48332688397,0.491452078762,98.8227638032
1425,5650,1.51044049211,18.302507371,5.48278651192,0.491788719052,98.822641995
1426,5650,1.51119713121,18.3207682171,5.48224591685,0.492125463758,98.8225201728
1427,5650,1.51195405139,18.3390382102,5.48170509873,0.492462312858,98.8223983365
1428,5650,1.51271125266,18.3573173537,5.48116405752,0.492799266329,98.8222764861
1429,5650,1.51346873504,18.3756056509,5.48062279318,0.493136324149,98.8221546215
1430,5650,1.51422649852,18.3939031054,5.48008130567,0.493473486293,98.8220327428
1431,5650,1.51498454313,18.4122097204,5.47953959497,0.493810752739,98.8219108499
1432,5650,1.51574286887,18.4305254993,5.47899766104,0.494148123464,98.8217889427
1433,5650,1.51650147574,18.4488504456,5.47845550383,0.494485598445,98.8216670213
1434,5650,1.51726036376,18.4671845627,5.47791312331,0.494823177658,98.8215450855
1435,5650,1.51801953294,18.485527854,5.47737051945,0.49516086108,98.8214231354
1436,5650,1.51877898329,18.5038803228,5.4768276922,0.495498648688,98.8213011709
1437,5650,1.5195387148,18.5222419726,5.47628464154,0.495836540457,98.8211791921
1438,5650,1.5202987275,18.5406128067,5.47574136743,0.496174536366,98.8210571987
1439,5650,1.52105902139,18.5589928285,5.47519786982,0.496512636389,98.8209351909
1440,5650,1.52181959648,18.5773820416,5.47465414869,0.496850840504,98.8208131686
1441,5650,1.52258045278,18.5957804492,5.474110204,0.497189148687,98.8206911318
1442,5650,1.5233415903,18.6141880547,5.47356603572,0.497527560913,98.8205690803
1443,5650,1.52410300903,18.6326048616,5.47302164379,0.497866077159,98.8204470143
1444,5650,1.524864709,18.6510308732,5.4724770282,0.498204697402,98.8203249336
1445,5650,1.52562669021,18.669466093,5.47193218891,0.498543421616,98.8202028382
1446,5650,1.52638895267,18.6879105243,5.47138712587,0.498882249779,98.8200807281
1447,5650,1.52715149638,18.7063641706,5.47084183905,0.499221181866,98.8199586032
1448,5650,1.52791432136,18.7248270352,5.47029632843,0.499560217852,98.8198364636
1449,5650,1.5286774276,18.7432991216,5.46975059395,0.499899357714,98.8197143091
1450,5650,1.52944081512,18.7617804331,5.4692046356,0.500238601428,98.8195921398
1451,5650,1.53020448393,18.7802709732,5.46865845332,0.500577948968,98.8194699557
1452,5650,1.53096843403,18.7987707452,5.46811204709,0.500917400311,98.8193477566
1453,5650,1.53173266543,18.8172797525,5.46756541687,0.501256955432,98.8192255425
1454,5650,1.53249717814,18.8357979986,5.46701856262,0.501596614306,98.8191033135
1455,5650,1.53326197215,18.8543254868,5.46647148432,0.501936376909,98.8189810694
1456,5650,1.53402704749,18.8728622206,5.46592418192,0.502276243217,98.8188588103
1457,5650,1.53479240416,18.8914082034,5.46537665538,0.502616213203,98.8187365361
1458,5650,1.53555804215,18.9099634384,5.46482890468,0.502956286845,98.8186142468
1459,5650,1.53632396149,18.9285279293,5.46428092978,0.503296464116,98.8184919423
1460,5650,1.53709016217,18.9471016793,5.46373273064,0.503636744992,98.8183696226
1461,5650,1.53785664421,18.9656846918,5.46318430723,0.503977129448,98.8182472878
1462,5650,1.5386234076,18.9842769702,5.46263565952,0.504317617458,98.8181249376
1463,5650,1.53939045236,19.0028785181,5.46208678746,0.504658208998,98.8180025722
1464,5650,1.54015777849,19.0214893386,5.46153769102,0.504998904043,98.8178801914
1465,5650,1.54092538599,19.0401094354,5.46098837018,0.505339702566,98.8177577953
1466,5650,1.54169327488,19.0587388116,5.46043882489,0.505680604544,98.8176353838
1467,5650,1.54246144516,19.0773774709,5.45988905512,0.506021609949,98.8175129569
1468,5650,1.54322989682,19.0960254164,5.45933906083,0.506362718758,98.8173905145
1469,5650,1.54399862989,19.1146826518,5.45878884199,0.506703930944,98.8172680567
1470,5650,1.54476764436,19.1333491803,5.45823839857,0.507045246482,98.8171455833
1471,5650,1.54553694024,19.1520250053,5.45768773052,0.507386665346,98.8170230943
1472,5650,1.54630651754,19.1707101303,5.45713683783,0.507728187511,98.8169005898
1473,5650,1.54707637625,19.1894045587,5.45658572044,0.50806981295,98.8167780696
1474,5650,1.54784651639,19.2081082938,5.45603437834,0.508411541638,98.8166555338
1475,5650,1.54861693796,19.2268213391,5.45548281147,0.508753373549,98.8165329823
1476,5650,1.54938764097,19.245543698,5.45493101981,0.509095308657,98.816410415
1477,5650,1.55015862541,19.2642753738,5.45437900333,0.509437346936,98.816287832
1478,5650,1.5509298913,19.28301637,5.45382676199,0.50977948836,98.8161652332
1479,5650,1.55170143863,19.3017666899,5.45327429576,0.510121732902,98.8160426186
1480,5650,1.55247326742,19.3205263371,5.45272160459,0.510464080537,98.8159199881
1481,5650,1.55324537766,19.3392953148,5.45216868846,0.510806531238,98.8157973417
1482,5650,1.55401776936,19.3580736265,5.45161554734,0.511149084978,98.8156746794
1483,5650,1.55479044253,19.3768612755,5.45106218119,0.511491741732,98.8155520011
1484,5650,1.55556339717,19.3956582654,5.45050858997,0.511834501473,98.8154293068
1485,5650,1.55633663328,19.4144645994,5.44995477366,0.512177364174,98.8153065965
1486,5650,1.55711015086,19.433280281,5.44940073221,0.512520329808,98.8151838701
1487,5650,1.55788394993,19.4521053136,5.4488464656,0.512863398349,98.8150611277
1488,5650,1.55865803048,19.4709397006,5.44829197378,0.513206569771,98.8149383691
1489,5650,1.55943239252,19.4897834453,5.44773725674,0.513549844045,98.8148155944
1490,5650,1.56020703604,19.5086365513,5.44718231443,0.513893221146,98.8146928034
1491,5650,1.56098196106,19.5274990219,5.44662714681,0.514236701047,98.8145699962
1492,5650,1.56175716758,19.5463708604,5.44607175387,0.51458028372,98.8144471728
1493,5650,1.5625326556,19.5652520704,5.44551613555,0.514923969138,98.8143243331
1494,5650,1.56330842512,19.5841426551,5.44496029184,0.515267757275,98.814201477
1495,5650,1.56408447614,19.6030426181,5.44440422269,0.515611648102,98.8140786046
1496,5650,1.56486080867,19.6219519627,5.44384792808,0.515955641593,98.8139557157
1497,5650,1.56563742271,19.6408706922,5.44329140796,0.516299737721,98.8138328105
1498,5650,1.56641431827,19.6597988102,5.44273466231,0.516643936457,98.8137098887
1499,5650,1.56719149534,19.67873632,5.44217769109,0.516988237775,98.8135869505
1500,5650,1.56796895393,19.6976832251,5.44162049428,0.517332641647,98.8134639958
1501,5650,1.56874669404,19.7166395287,5.44106307182,0.517677148044,98.8133410245
1502,5650,1.56952471567,19.7356052344,5.44050542371,0.518021756941,98.8132180365
1503,5650,1.57030301883,19.7545803454,5.43994754989,0.518366468308,98.813095032
1504,5650,1.57108160351,19.7735648654,5.43938945034,0.518711282119,98.8129720108
1505,5650,1.57186046972,19.7925587975,5.43883112503,0.519056198344,98.8128489729
1506,5650,1.57263961746,19.8115621453,5.43827257392,0.519401216957,98.8127259183
1507,5650,1.57341904673,19.8305749121,5.43771379698,0.519746337929,98.8126028469
1508,5650,1.57419875753,19.8495971014,5.43715479417,0.520091561232,98.8124797587
1509,5650,1.57497874987,19.8686287164,5.43659556547,0.520436886838,98.8123566536
1510,5650,1.57575902374,19.8876697608,5.43603611084,0.520782314718,98.8122335317
1511,5650,1.57653957915,19.9067202378,5.43547643025,0.521127844846,98.8121103929
1512,5650,1.57732041609,19.9257801508,5.43491652366,0.521473477191,98.8119872372
1513,5650,1.57810153458,19.9448495033,5.43435639105,0.521819211726,98.8118640645
1514,5650,1.5788829346,19.9639282986,5.43379603238,0.522165048422,98.8117408748
1515,5650,1.57966461616,19.9830165403,5.43323544762,0.522510987251,98.8116176681
1516,5650,1.58044657927,20.0021142315,5.43267463674,0.522857028185,98.8114944443
1517,5650,1.58122882391,20.0212213759,5.4321135997,0.523203171193,98.8113712034
1518,5650,1.5820113501,20.0403379766,5.43155233647,0.523549416248,98.8112479454
1519,5650,1.58279415782,20.0594640373,5.43099084702,0.523895763321,98.8111246702
1520,5650,1.58357724709,20.0785995613,5.43042913132,0.524242212384,98.8110013779
1521,5650,1.5843606179,20.0977445519,5.42986718934,0.524588763406,98.8108780683
1522,5650,1.58514427026,20.1168990126,5.42930502104,0.524935416359,98.8107547414
1523,5650,1.58592820415,20.1360629468,5.42874262639,0.525282171214,98.8106313972
1524,5650,1.58671241959,20.1552363578,5.42818000536,0.525629027943,98.8105080357
1525,5650,1.58749691657,20.1744192492,5.42761715792,0.525975986514,98.8103846569
1526,5650,1.58828169509,20.1936116242,5.42705408404,0.526323046901,98.8102612606
1527,5650,1.58906675515,20.2128134863,5.42649078368,0.526670209072,98.8101378469
1528,5650,1.58985209675,20.232024839,5.42592725681,0.527017472999,98.8100144157
1529,5650,1.59063771989,20.2512456855,5.42536350341,0.527364838652,98.8098909671
1530,5650,1.59142362457,20.2704760293,5.42479952343,0.527712306001,98.8097675009
1531,5650,1.59220981079,20.2897158739,5.42423531685,0.528059875018,98.8096440172
1532,5650,1.59299627854,20.3089652225,5.42367088364,0.528407545672,98.8095205158
1533,5650,1.59378302783,20.3282240787,5.42310622377,0.528755317934,98.8093969968
1534,5650,1.59457005865,20.3474924458,5.42254133719,0.529103191773,98.8092734602
1535,5650,1.595357371,20.3667703272,5.4219762239,0.52945116716,98.8091499059
1536,5650,1.59614496489,20.3860577263,5.42141088384,0.529799244066,98.8090263338
1537,5650,1.5969328403,20.4053546465,5.42084531699,0.530147422459,98.808902744
1538,5650,1.59772099724,20.4246610912,5.42027952332,0.53049570231,98.8087791364
1539,5650,1.59850943571,20.4439770639,5.4197135028,0.530844083589,98.8086555109
1540,5650,1.5992981557,20.4633025679,5.41914725539,0.531192566266,98.8085318676
1541,5650,1.60008715722,20.4826376067,5.41858078107,0.531541150309,98.8084082064
1542,5650,1.60087644025,20.5019821836,5.41801407981,0.53188983569,98.8082845273
1543,5650,1.6016660048,20.521336302,5.41744715156,0.532238622377,98.8081608302
1544,5650,1.60245585087,20.5406999653,5.41687999631,0.532587510341,98.8080371151
1545,5650,1.60324597845,20.560073177,5.41631261403,0.532936499549,98.807913382
1546,5650,1.60403638755,20.5794559405,5.41574500467,0.533285589973,98.8077896308
1547,5650,1.60482707815,20.5988482591,5.41517716821,0.533634781581,98.8076658615
1548,5650,1.60561805025,20.6182501362,5.41460910463,0.533984074342,98.8075420741
1549,5650,1.60640930386,20.6376615753,5.41404081388,0.534333468226,98.8074182686
1550,5650,1.60720083896,20.6570825798,5.41347229594,0.534682963202,98.8072944448
1551,5650,1.60799265557,20.676513153,5.41290355078,0.535032559239,98.8071706028
1552,5650,1.60878475366,20.6959532984,5.41233457837,0.535382256305,98.8070467426
1553,5650,1.60957713325,20.7154030193,5.41176537867,0.53573205437,98.8069228641
1554,5650,1.61036979432,20.7348623192,5.41119595166,0.536081953403,98.8067989672
1555,5650,1.61116273687,20.7543312015,5.41062629731,0.536431953372,98.806675052
1556,5650,1.61195596091,20.7738096695,5.41005641559,0.536782054246,98.8065511184
1557,5650,1.61274946642,20.7932977267,5.40948630646,0.537132255994,98.8064271664
1558,5650,1.6135432534,20.8127953765,5.40891596989,0.537482558584,98.8063031959
1559,5650,1.61433732185,20.8323026223,5.40834540586,0.537832961985,98.8061792069
1560,5650,1.61513167176,20.8518194674,5.40777461434,0.538183466165,98.8060551994
1561,5650,1.61592630313,20.8713459153,5.4072035953,0.538534071093,98.8059311733
1562,5650,1.61672121596,20.8908819694,5.4066323487,0.538884776737,98.8058071287
1563,5650,1.61751641024,20.9104276331,5.40606087451,0.539235583065,98.8056830654
1564,5650,1.61831188597,20.9299829098,5.40548917271,0.539586490045,98.8055589835
1565,5650,1.61910764313,20.9495478028,5.40491724327,0.539937497646,98.8054348829
1566,5650,1.61990368174,20.9691223157,5.40434508616,0.540288605835,98.8053107636
1567,5650,1.62070000178,20.9887064517,5.40377270134,0.54063981458,98.8051866255
1568,5650,1.62149660324,21.0083002143,5.40320008879,0.54099112385,98.8050624686
1569,5650,1.62229348613,21.0279036069,5.40262724848,0.541342533613,98.8049382929
1570,5650,1.62309065043,21.0475166329,5.40205418038,0.541694043835,98.8048140984
1571,5650,1.62388809615,21.0671392957,5.40148088445,0.542045654485,98.804689885
1572,5650,1.62468582327,21.0867715987,5.40090736068,0.54239736553,98.8045656526
1573,5650,1.6254838318,21.1064135454,5.40033360903,0.542749176938,98.8044414013
1574,5650,1.62628212172,21.126065139,5.39975962946,0.543101088676,98.804317131
1575,5650,1.62708069303,21.145726383,5.39918542196,0.543453100712,98.8041928417
1576,5650,1.62787954573,21.1653972808,5.39861098649,0.543805213013,98.8040685334
1577,5650,1.6286786798,21.1850778358,5.39803632303,0.544157425547,98.8039442059
1578,5650,1.62947809525,21.2047680514,5.39746143154,0.54450973828,98.8038198594
1579,5650,1.63027779207,21.224467931,5.39688631199,0.54486215118,98.8036954937
1580,5650,1.63107777024,21.244177478,5.39631096437,0.545214664214,98.8035711088
1581,5650,1.63187802977,21.2638966958,5.39573538863,0.545567277348,98.8034467047
1582,5650,1.63267857064,21.2836255879,5.39515958474,0.545919990551,98.8033222814
1583,5650,1.63347939286,21.3033641575,5.39458355269,0.546272803788,98.8031978387
1584,5650,1.63428049641,21.3231124082,5.39400729244,0.546625717027,98.8030733768
1585,5650,1.63508188129,21.3428703432,5.39343080396,0.546978730234,98.8029488955
1586,5650,1.63588354749,21.3626379661,5.39285408723,0.547331843376,98.8028243949
1587,5650,1.636685495,21.3824152802,5.39227714221,0.547685056419,98.8026998748
1588,5650,1.63748772382,21.4022022888,5.39169996888,0.548038369331,98.8025753353
1589,5650,1.63829023394,21.4219989955,5.3911225672,0.548391782077,98.8024507763
1590,5650,1.63909302535,21.4418054036,5.39054493716,0.548745294624,98.8023261978
1591,5650,1.63989609805,21.4616215165,5.38996707871,0.549098906939,98.8022015997
1592,5650,1.64069945203,21.4814473376,5.38938899184,0.549452618986,98.8020769821
1593,5650,1.64150308727,21.5012828704,5.38881067652,0.549806430734,98.8019523449
1594,5650,1.64230700378,21.5211281181,5.38823213271,0.550160342148,98.801827688
1595,5650,1.64311120153,21.5409830842,5.38765336039,0.550514353193,98.8017030115
1596,5650,1.64391568054,21.5608477722,5.38707435953,0.550868463836,98.8015783152
1597,5650,1.64472044078,21.5807221853,5.3864951301,0.551222674044,98.8014535992
1598,5650,1.64552548226,21.6006063271,5.38591567208,0.551576983781,98.8013288635
1599,5650,1.64633080495,21.6205002008,5.38533598544,0.551931393013,98.8012041079
1600,5650,1.64713640886,21.64040381,5.38475607014,0.552285901706,98.8010793325
1601,5650,1.64794229398,21.6603171579,5.38417592616,0.552640509827,98.8009545372
1602,5650,1.64874846028,21.6802402481,5.38359555348,0.55299521734,98.8008297221
1603,5650,1.64955490778,21.7001730838,5.38301495206,0.55335002421,98.8007048869
1604,5650,1.65036163646,21.7201156686,5.38243412188,0.553704930404,98.8005800319
1605,5650,1.6511686463,21.7400680058,5.38185306291,0.554059935887,98.8004551568
1606,5650,1.65197593731,21.7600300987,5.38127177512,0.554415040624,98.8003302617
1607,5650,1.65278350946,21.7800019508,5.38069025849,0.55477024458,98.8002053465
1608,5650,1.65359136276,21.7999835656,5.38010851299,0.55512554772,98.8000804112
1609,5650,1.65439949719,21.8199749463,5.37952653858,0.55548095001,98.7999554558
1610,5650,1.65520791275,21.8399760964,5.37894433525,0.555836451414,98.7998304802
1611,5650,1.65601660941,21.8599870193,5.37836190296,0.556192051898,98.7997054845
1612,5650,1.65682558718,21.8800077184,5.3777792417,0.556547751427,98.7995804685
1613,5650,1.65763484605,21.900038197,5.37719635142,0.556903549964,98.7994554322
1614,5650,1.658444386,21.9200784586,5.37661323211,0.557259447475,98.7993303756
1615,5650,1.65925420702,21.9401285066,5.37602988373,0.557615443925,98.7992052988
1616,5650,1.66006430911,21.9601883444,5.37544630627,0.557971539279,98.7990802015
1617,5650,1.66087469225,21.9802579753,5.37486249969,0.5583277335,98.7989550839
1618,5650,1.66168535643,22.0003374029,5.37427846396,0.558684026553,98.7988299458
1619,5650,1.66249630165,22.0204266303,5.37369419907,0.559040418403,98.7987047873
1620,5650,1.66330752788,22.0405256612,5.37310970497,0.559396909014,98.7985796083
1621,5650,1.66411903513,22.0606344987,5.37252498165,0.55975349835,98.7984544088
1622,5650,1.66493082338,22.0807531465,5.37194002909,0.560110186375,98.7983291887
1623,5650,1.66574289262,22.1008816078,5.37135484724,0.560466973054,98.798203948
1624,5650,1.66655524284,22.121019886,5.37076943609,0.560823858351,98.7980786867
1625,5650,1.66736787402,22.1411679846,5.37018379561,0.561180842229,98.7979534048
1626,5650,1.66818078616,22.1613259069,5.36959792578,0.561537924653,98.7978281021
1627,5650,1.66899397924,22.1814936563,5.36901182656,0.561895105586,98.7977027788
1628,5650,1.66980745326,22.2016712363,5.36842549793,0.562252384992,98.7975774347
1629,5650,1.6706212082,22.2218586502,5.36783893987,0.562609762835,98.7974520698
1630,5650,1.67143524404,22.2420559014,5.36725215234,0.562967239079,98.7973266841
1631,5650,1.67224956079,22.2622629933,5.36666513533,0.563324813686,98.7972012775
1632,5650,1.67306415842,22.2824799293,5.3660778888,0.563682486621,98.7970758501
1633,5650,1.67387903692,22.3027067129,5.36549041273,0.564040257847,98.7969504018
1634,5650,1.67469419629,22.3229433473,5.36490270709,0.564398127328,98.7968249325
1635,5650,1.6755096365,22.343189836,5.36431477187,0.564756095026,98.7966994422
1636,5650,1.67632535755,22.3634461825,5.36372660702,0.565114160905,98.7965739309
1637,5650,1.67714135943,22.38371239,5.36313821254,0.565472324928,98.7964483986
1638,5650,1.67795764211,22.4039884619,5.36254958838,0.565830587057,98.7963228452
1639,5650,1.6787742056,22.4242744018,5.36196073452,0.566188947257,98.7961972707
1640,5650,1.67959104987,22.4445702129,5.36137165095,0.56654740549,98.7960716751
1641,5650,1.68040817491,22.4648758986,5.36078233763,0.566905961719,98.7959460583
1642,5650,1.68122558072,22.4851914625,5.36019279454,0.567264615907,98.7958204202
1643,5650,1.68204326727,22.5055169077,5.35960302165,0.567623368016,98.795694761
1644,5650,1.68286123455,22.5258522378,5.35901301893,0.567982218009,98.7955690805
1645,5650,1.68367948256,22.5461974562,5.35842278637,0.568341165849,98.7954433786
1646,5650,1.68449801126,22.5665525661,5.35783232394,0.568700211498,98.7953176555
1647,5650,1.68531682067,22.5869175711,5.3572416316,0.569059354918,98.7951919109
1648,5650,1.68613591075,22.6072924745,5.35665070934,0.569418596073,98.795066145
1649,5650,1.68695528149,22.6276772796,5.35605955714,0.569777934924,98.7949403576
1650,5650,1.68777493289,22.64807199,5.35546817496,0.570137371433,98.7948145488
1651,5650,1.68859486492,22.668476609,5.35487656277,0.570496905564,98.7946887185
1652,5650,1.68941507758,22.6888911399,5.35428472057,0.570856537277,98.7945628666
1653,5650,1.69023557084,22.7093155862,5.35369264832,0.571216266535,98.7944369932
1654,5650,1.6910563447,22.7297499513,5.35310034599,0.571576093299,98.7943110982
1655,5650,1.69187739914,22.7501942385,5.35250781356,0.571936017533,98.7941851816
1656,5650,1.69269873414,22.7706484513,5.35191505101,0.572296039197,98.7940592433
1657,5650,1.69352034969,22.791112593,5.35132205831,0.572656158254,98.7939332833
1658,5650,1.69434224578,22.811586667,5.35072883544,0.573016374664,98.7938073016
1659,5650,1.69516442238,22.8320706767,5.35013538237,0.57337668839,98.7936812981
1660,5650,1.69598687949,22.8525646256,5.34954169908,0.573737099393,98.7935552729
1661,5650,1.69680961709,22.8730685169,5.34894778554,0.574097607635,98.7934292258
1662,5650,1.69763263516,22.8935823541,5.34835364174,0.574458213076,98.7933031569
1663,5650,1.6984559337,22.9141061406,5.34775926763,0.574818915679,98.7931770661
1664,5650,1.69927951267,22.9346398798,5.34716466321,0.575179715405,98.7930509533
1665,5650,1.70010337207,22.955183575,5.34656982845,0.575540612214,98.7929248187
1666,5650,1.70092751188,22.9757372297,5.34597476331,0.575901606068,98.792798662
1667,5650,1.70175193209,22.9963008472,5.34537946779,0.576262696928,98.7926724833
1668,5650,1.70257663268,23.0168744309,5.34478394185,0.576623884755,98.7925462826
1669,5650,1.70340161363,23.0374579843,5.34418818546,0.57698516951,98.7924200598
1670,5650,1.70422687493,23.0580515106,5.34359219862,0.577346551153,98.7922938149
1671,5650,1.70505241655,23.0786550134,5.34299598129,0.577708029646,98.7921675479
1672,5650,1.70587823849,23.0992684959,5.34239953344,0.578069604949,98.7920412586
1673,5650,1.70670434073,23.1198919615,5.34180285506,0.578431277023,98.7919149472
1674,5650,1.70753072325,23.1405254138,5.34120594613,0.578793045828,98.7917886135
1675,5650,1.70835738603,23.1611688559,5.34060880661,0.579154911324,98.7916622576
1676,5650,1.70918432906,23.1818222914,5.34001143648,0.579516873473,98.7915358794
1677,5650,1.71001155232,23.2024857236,5.33941383572,0.579878932234,98.7914094788
1678,5650,1.71083905579,23.2231591559,5.33881600431,0.580241087568,98.7912830558
1679,5650,1.71166683946,23.2438425917,5.33821794223,0.580603339435,98.7911566105
1680,5650,1.7124949033,23.2645360344,5.33761964944,0.580965687795,98.7910301427
1681,5650,1.71332324731,23.2852394873,5.33702112593,0.581328132609,98.7909036525
1682,5650,1.71415187145,23.3059529539,5.33642237168,0.581690673835,98.7907771397
1683,5650,1.71498077572,23.3266764375,5.33582338665,0.582053311434,98.7906506044
1684,5650,1.7158099601,23.3474099416,5.33522417083,0.582416045367,98.7905240466
1685,5650,1.71663942456,23.3681534694,5.3346247242,0.582778875592,98.7903974662
1686,5650,1.7174691691,23.3889070244,5.33402504673,0.583141802069,98.7902708631
1687,5650,1.71829919368,23.40967061,5.33342513839,0.583504824758,98.7901442374
1688,5650,1.71912949831,23.4304442296,5.33282499917,0.583867943619,98.790017589
1689,5650,1.71996008294,23.4512278865,5.33222462905,0.584231158611,98.7898909179
1690,5650,1.72079094758,23.4720215842,5.33162402799,0.584594469693,98.789764224
1691,5650,1.72162209219,23.4928253259,5.33102319598,0.584957876825,98.7896375074
1692,5650,1.72245351676,23.5136391151,5.330422133,0.585321379966,98.7895107679
1693,5650,1.72328522127,23.5344629553,5.32982083902,0.585684979076,98.7893840056
1694,5650,1.7241172057,23.5552968497,5.32921931401,0.586048674113,98.7892572203
1695,5650,1.72494947003,23.5761408017,5.32861755797,0.586412465036,98.7891304122
1696,5650,1.72578201425,23.5969948148,5.32801557086,0.586776351805,98.7890035811
1697,5650,1.72661483833,23.6178588922,5.32741335266,0.587140334378,98.7888767271
1698,5650,1.72744794225,23.6387330375,5.32681090335,0.587504412715,98.78874985
1699,5650,1.72828132599,23.659617254,5.32620822291,0.587868586773,98.7886229499
1700,5650,1.72911498954,23.680511545,5.32560531131,0.588232856512,98.7884960268
1701,5650,1.72994893288,23.7014159139,5.32500216854,0.588597221891,98.7883690805
1702,5650,1.73078315598,23.7223303642,5.32439879457,0.588961682867,98.788242111
1703,5650,1.73161765882,23.7432548992,5.32379518937,0.5893262394,98.7881151184
1704,5650,1.73245244139,23.7641895222,5.32319135294,0.589690891448,98.7879881026
1705,5650,1.73328750366,23.7851342368,5.32258728524,0.590055638969,98.7878610636
1706,5650,1.73412284561,23.8060890461,5.32198298625,0.590420481921,98.7877340013
1707,5650,1.73495846723,23.8270539537,5.32137845596,0.590785420263,98.7876069157
1708,5650,1.73579436849,23.8480289629,5.32077369434,0.591150453953,98.7874798068
1709,5650,1.73663054936,23.8690140771,5.32016870136,0.591515582949,98.7873526745
1710,5650,1.73746700984,23.8900092997,5.31956347701,0.591880807208,98.7872255188
1711,5650,1.7383037499,23.911014634,5.31895802127,0.59224612669,98.7870983397
1712,5650,1.73914076952,23.9320300834,5.31835233411,0.592611541351,98.7869711371
1713,5650,1.73997806867,23.9530556513,5.31774641552,0.592977051149,98.7868439111
1714,5650,1.74081564733,23.9740913412,5.31714026546,0.593342656042,98.7867166615
1715,5650,1.7416535055,23.9951371562,5.31653388393,0.593708355989,98.7865893883
1716,5650,1.74249164313,24.0161930999,5.31592727089,0.594074150945,98.7864620916
1717,5650,1.74333006021,24.0372591757,5.31532042634,0.594440040869,98.7863347713
1718,5650,1.74416875672,24.0583353868,5.31471335024,0.594806025719,98.7862074273
1719,5650,1.74500773264,24.0794217367,5.31410604257,0.595172105451,98.7860800596
1720,5650,1.74584698794,24.1005182287,5.31349850332,0.595538280023,98.7859526682
1721,5650,1.7466865226,24.1216248663,5.31289073246,0.595904549392,98.7858252531
1722,5650,1.7475263366,24.1427416527,5.31228272998,0.596270913515,98.7856978141
1723,5650,1.74836642992,24.1638685915,5.31167449585,0.596637372349,98.7855703514
1724,5650,1.74920680253,24.1850056859,5.31106603005,0.597003925852,98.7854428649
1725,5650,1.75004745442,24.2061529393,5.31045733255,0.59737057398,98.7853153544
1726,5650,1.75088838555,24.2273103551,5.30984840335,0.597737316689,98.7851878201
1727,5650,1.75172959591,24.2484779367,5.30923924242,0.598104153938,98.7850602618
1728,5650,1.75257108547,24.2696556875,5.30862984974,0.598471085682,98.7849326795
1729,5650,1.75341285422,24.2908436108,5.30802022529,0.598838111878,98.7848050733
1730,5650,1.75425490211,24.31204171,5.30741036904,0.599205232483,98.784677443
1731,5650,1.75509722915,24.3332499884,5.30680028098,0.599572447453,98.7845497886
1732,5650,1.75593983529,24.3544684495,5.30618996109,0.599939756744,98.7844221102
1733,5650,1.75678272051,24.3756970967,5.30557940935,0.600307160314,98.7842944076
1734,5650,1.7576258848,24.3969359332,5.30496862573,0.600674658117,98.7841666809
1735,5650,1.75846932813,24.4181849625,5.30435761022,0.601042250111,98.7840389299
1736,5650,1.75931305047,24.4394441879,5.3037463628,0.601409936251,98.7839111548
1737,5650,1.7601570518,24.4607136129,5.30313488345,0.601777716494,98.7837833554
1738,5650,1.76100133209,24.4819932407,5.30252317214,0.602145590796,98.7836555317
1739,5650,1.76184589133,24.5032830748,5.30191122886,0.602513559112,98.7835276837
1740,5650,1.76269072948,24.5245831186,5.30129905359,0.602881621398,98.7833998113
1741,5650,1.76353584653,24.5458933753,5.30068664631,0.60324977761,98.7832719145
1742,5650,1.76438124244,24.5672138484,5.30007400699,0.603618027704,98.7831439934
1743,5650,1.76522691719,24.5885445412,5.29946113562,0.603986371635,98.7830160478
1744,5650,1.76607287077,24.6098854572,5.29884803219,0.60435480936,98.7828880777
1745,5650,1.76691910313,24.6312365996,5.29823469666,0.604723340832,98.7827600831
1746,5650,1.76776561426,24.6525979719,5.29762112902,0.605091966009,98.7826320639
1747,5650,1.76861240414,24.6739695774,5.29700732925,0.605460684844,98.7825040202
1748,5650,1.76945947273,24.6953514195,5.29639329734,0.605829497294,98.7823759519
1749,5650,1.77030682001,24.7167435015,5.29577903326,0.606198403314,98.7822478589
1750,5650,1.77115444596,24.7381458269,5.29516453699,0.606567402858,98.7821197413
1751,5650,1.77200235054,24.7595583989,5.29454980851,0.606936495882,98.781991599
1752,5650,1.77285053374,24.780981221,5.29393484781,0.607305682341,98.7818634319
1753,5650,1.77369899553,24.8024142966,5.29331965487,0.607674962189,98.7817352401
1754,5650,1.77454773587,24.8238576289,5.29270422966,0.608044335382,98.7816070235
1755,5650,1.77539675476,24.8453112214,5.29208857218,0.608413801874,98.781478782
1756,5650,1.77624605215,24.8667750775,5.29147268239,0.60878336162,98.7813505157
1757,5650,1.77709562802,24.8882492004,5.29085656028,0.609153014574,98.7812222245
1758,5650,1.77794548235,24.9097335936,5.29024020584,0.609522760691,98.7810939084
1759,5650,1.7787956151,24.9312282604,5.28962361904,0.609892599926,98.7809655673
1760,5650,1.77964602626,24.9527332042,5.28900679986,0.610262532233,98.7808372013
1761,5650,1.78049671579,24.9742484284,5.2883897483,0.610632557566,98.7807088102
1762,5650,1.78134768367,24.9957739363,5.28777246432,0.611002675879,98.7805803941
1763,5650,1.78219892987,25.0173097312,5.28715494791,0.611372887127,98.7804519529
1764,5650,1.78305045437,25.0388558166,5.28653719905,0.611743191263,98.7803234866
1765,5650,1.78390225712,25.0604121959,5.28591921772,0.612113588243,98.7801949951
1766,5650,1.78475433812,25.0819788723,5.28530100391,0.612484078019,98.7800664785
1767,5650,1.78560669732,25.1035558492,5.2846825576,0.612854660546,98.7799379366
1768,5650,1.78645933471,25.12514313,5.28406387877,0.613225335777,98.7798093696
1769,5650,1.78731225025,25.1467407181,5.28344496739,0.613596103666,98.7796807772
1770,5650,1.78816544392,25.1683486169,5.28282582346,0.613966964167,98.7795521596
1771,5650,1.78901891569,25.1899668296,5.28220644696,0.614337917234,98.7794235166
1772,5650,1.78987266552,25.2115953596,5.28158683786,0.614708962819,98.7792948482
1773,5650,1.7907266934,25.2332342104,5.28096699616,0.615080100877,98.7791661545
1774,5650,1.79158099928,25.2548833852,5.28034692182,0.61545133136,98.7790374353
1775,5650,1.79243558316,25.2765428875,5.27972661484,0.615822654223,98.7789086907
1776,5650,1.79329044498,25.2982127205,5.2791060752,0.616194069418,98.7787799206
1777,5650,1.79414558474,25.3198928877,5.27848530288,0.616565576898,98.7786511249
1778,5650,1.79500100238,25.3415833924,5.27786429786,0.616937176617,98.7785223037
1779,5650,1.7958566979,25.363284238,5.27724306012,0.617308868527,98.7783934569
1780,5650,1.79671267126,25.3849954277,5.27662158965,0.617680652582,98.7782645845
1781,5650,1.79756892242,25.4067169651,5.27599988643,0.618052528734,98.7781356865
1782,5650,1.79842545136,25.4284488534,5.27537795045,0.618424496936,98.7780067627
1783,5650,1.79928225805,25.450191096,5.27475578168,0.618796557141,98.7778778133
1784,5650,1.80013934247,25.4719436963,5.27413338011,0.619168709302,98.7777488381
1785,5650,1.80099670457,25.4937066575,5.27351074572,0.619540953371,98.7776198371
1786,5650,1.80185434433,25.5154799831,5.27288787849,0.6199132893,98.7774908103
1787,5650,1.80271226172,25.5372636765,5.27226477842,0.620285717042,98.7773617577
1788,5650,1.80357045671,25.5590577409,5.27164144547,0.62065823655,98.7772326793
1789,5650,1.80442892927,25.5808621798,5.27101787964,0.621030847775,98.7771035749
1790,5650,1.80528767937,25.6026769964,5.27039408091,0.62140355067,98.7769744446
1791,5650,1.80614670697,25.6245021942,5.26977004926,0.621776345187,98.7768452883
1792,5650,1.80700601206,25.6463377764,5.26914578467,0.622149231278,98.776716106
1793,5650,1.80786559458,25.6681837466,5.26852128714,0.622522208896,98.7765868977
1794,5650,1.80872545453,25.6900401079,5.26789655663,0.622895277991,98.7764576634
1795,5650,1.80958559185,25.7119068638,5.26727159314,0.623268438516,98.7763284029
1796,5650,1.81044600653,25.7337840175,5.26664639665,0.623641690422,98.7761991164
1797,5650,1.81130669854,25.7556715726,5.26602096714,0.624015033662,98.7760698036
1798,5650,1.81216766783,25.7775695322,5.2653953046,0.624388468187,98.7759404647
1799,5650,1.81302891437,25.7994778998,5.26476940901,0.624761993948,98.7758110996
1800,5650,1.81389043815,25.8213966788,5.26414328036,0.625135610897,98.7756817083
1801,5650,1.81475223912,25.8433258723,5.26351691862,0.625509318985,98.7755522906
1802,5650,1.81561431725,25.8652654839,5.26289032378,0.625883118165,98.7754228467
1803,5650,1.81647667251,25.8872155169,5.26226349584,0.626257008386,98.7752933764
1804,5650,1.81733930487,25.9091759746,5.26163643476,0.6266309896,98.7751638797
1805,5650,1.8182022143,25.9311468603,5.26100914054,0.627005061758,98.7750343566
1806,5650,1.81906540075,25.9531281775,5.26038161316,0.627379224812,98.7749048071
1807,5650,1.81992886421,25.9751199294,5.25975385261,0.627753478711,98.7747752312
1808,5650,1.82079260464,25.9971221194,5.25912585886,0.628127823408,98.7746456287
1809,5650,1.821656622,26.0191347509,5.25849763191,0.628502258853,98.7745159997
1810,5650,1.82252091626,26.0411578271,5.25786917173,0.628876784997,98.7743863441
1811,5650,1.8233854874,26.0631913515,5.25724047832,0.62925140179,98.774256662
1812,5650,1.82425033536,26.0852353274,5.25661155165,0.629626109182,98.7741269532
1813,5650,1.82511546013,26.1072897582,5.25598239172,0.630000907126,98.7739972178
1814,5650,1.82598086167,26.1293546471,5.2553529985,0.63037579557,98.7738674557
1815,5650,1.82684653994,26.1514299976,5.25472337198,0.630750774466,98.7737376668
1816,5650,1.82771249492,26.1735158129,5.25409351216,0.631125843763,98.7736078513
1817,5650,1.82857872656,26.1956120965,5.253463419,0.631501003412,98.7734780089
1818,5650,1.82944523484,26.2177188516,5.2528330925,0.631876253363,98.7733481397
1819,5650,1.83031201971,26.2398360816,5.25220253264,0.632251593566,98.7732182437
1820,5650,1.83117908115,26.2619637899,5.25157173941,0.632627023971,98.7730883208
1821,5650,1.83204641912,26.2841019797,5.2509407128,0.633002544529,98.772958371
1822,5650,1.83291403359,26.3062506545,5.25030945278,0.633378155188,98.7728283943
1823,5650,1.83378192452,26.3284098176,5.24967795934,0.633753855899,98.7726983906
1824,5650,1.83465009187,26.3505794723,5.24904623248,0.634129646611,98.7725683599
1825,5650,1.83551853562,26.3727596219,5.24841427217,0.634505527274,98.7724383022
1826,5650,1.83638725573,26.3949502698,5.24778207839,0.634881497838,98.7723082174
1827,5650,1.83725625215,26.4171514194,5.24714965115,0.635257558253,98.7721781056
1828,5650,1.83812552487,26.439363074,5.24651699041,0.635633708466,98.7720479666
1829,5650,1.83899507383,26.4615852368,5.24588409618,0.636009948429,98.7719178004
1830,5650,1.83986489901,26.4838179114,5.24525096843,0.63638627809,98.7717876071
1831,5650,1.84073500038,26.5060611009,5.24461760714,0.636762697398,98.7716573865
1832,5650,1.84160537788,26.5283148087,5.24398401231,0.637139206302,98.7715271387
1833,5650,1.8424760315,26.5505790382,5.24335018393,0.637515804752,98.7713968636
1834,5650,1.84334696119,26.5728537928,5.24271612197,0.637892492697,98.7712665612
1835,5650,1.84421816691,26.5951390756,5.24208182642,0.638269270085,98.7711362315
1836,5650,1.84508964864,26.6174348902,5.24144729728,0.638646136866,98.7710058744
1837,5650,1.84596140633,26.6397412397,5.24081253452,0.639023092987,98.7708754899
1838,5650,1.84683343994,26.6620581276,5.24017753813,0.639400138399,98.7707450779
1839,5650,1.84770574945,26.6843855572,5.23954230811,0.639777273048,98.7706146385
1840,5650,1.84857833482,26.7067235318,5.23890684443,0.640154496885,98.7704841716
1841,5650,1.849451196,26.7290720548,5.23827114708,0.640531809856,98.7703536771
1842,5650,1.85032433296,26.7514311294,5.23763521605,0.640909211912,98.7702231551
1843,5650,1.85119774566,26.7738007591,5.23699905133,0.641286702999,98.7700926055
1844,5650,1.85207143408,26.7961809471,5.23636265289,0.641664283067,98.7699620283
1845,5650,1.85294539816,26.8185716968,5.23572602074,0.642041952064,98.7698314234
1846,5650,1.85381963787,26.8409730116,5.23508915486,0.642419709937,98.7697007909
1847,5650,1.85469415317,26.8633848946,5.23445205523,0.642797556634,98.7695701306
1848,5650,1.85556894404,26.8858073494,5.23381472184,0.643175492104,98.7694394426
1849,5650,1.85644401042,26.9082403791,5.23317715467,0.643553516294,98.7693087268
1850,5650,1.85731935228,26.9306839872,5.23253935372,0.643931629153,98.7691779832
1851,5650,1.85819496958,26.953138177,5.23190131898,0.644309830628,98.7690472117
1852,5650,1.85907086229,26.9756029517,5.23126305042,0.644688120666,98.7689164124
1853,5650,1.85994703036,26.9980783148,5.23062454804,0.645066499215,98.7687855852
1854,5650,1.86082347376,27.0205642695,5.22998581182,0.645444966223,98.76865473
1855,5650,1.86170019245,27.0430608192,5.22934684176,0.645823521637,98.7685238469
1856,5650,1.86257718639,27.0655679673,5.22870763783,0.646202165405,98.7683929358
1857,5650,1.86345445554,27.0880857169,5.22806820004,0.646580897473,98.7682619967
1858,5650,1.86433199987,27.1106140715,5.22742852835,0.646959717789,98.7681310295
1859,5650,1.86520981932,27.1331530344,5.22678862277,0.647338626301,98.7680000342
1860,5650,1.86608791387,27.1557026089,5.22614848328,0.647717622954,98.7678690108
1861,5650,1.86696628348,27.1782627984,5.22550810987,0.648096707697,98.7677379592
1862,5650,1.86784492809,27.2008336061,5.22486750252,0.648475880475,98.7676068795
1863,5650,1.86872384769,27.2234150354,5.22422666123,0.648855141237,98.7674757715
1864,5650,1.86960304222,27.2460070896,5.22358558598,0.649234489928,98.7673446353
1865,5650,1.87048251164,27.268609772,5.22294427676,0.649613926495,98.7672134708
1866,5650,1.87136225593,27.291223086,5.22230273356,0.649993450886,98.7670822781
1867,5650,1.87224227502,27.3138470348,5.22166095637,0.650373063045,98.7669510569
1868,5650,1.8731225689,27.3364816219,5.22101894517,0.650752762921,98.7668198075
1869,5650,1.87400313751,27.3591268504,5.22037669995,0.65113255046,98.7666885296
1870,5650,1.87488398081,27.3817827238,5.21973422071,0.651512425606,98.7665572233
1871,5650,1.87576509877,27.4044492454,5.21909150743,0.651892388308,98.7664258885
1872,5650,1.87664649134,27.4271264184,5.2184485601,0.652272438511,98.7662945252
1873,5650,1.87752815848,27.4498142462,5.2178053787,0.652652576161,98.7661631334
1874,5650,1.87841010015,27.4725127322,5.21716196324,0.653032801204,98.7660317131
1875,5650,1.87929231632,27.4952218796,5.21651831369,0.653413113587,98.7659002642
1876,5650,1.88017480693,27.5179416917,5.21587443004,0.653793513254,98.7657687866
1877,5650,1.88105757195,27.5406721719,5.21523031229,0.654174000153,98.7656372804
1878,5650,1.88194061134,27.5634133234,5.21458596042,0.654554574227,98.7655057456
1879,5650,1.88282392505,27.5861651497,5.21394137442,0.654935235424,98.765374182
1880,5650,1.88370751305,27.608927654,5.21329655429,0.655315983689,98.7652425897
1881,5650,1.88459137528,27.6317008396,5.2126515,0.655696818967,98.7651109686
1882,5650,1.88547551172,27.6544847098,5.21200621155,0.656077741204,98.7649793187
1883,5650,1.88635992231,27.6772792681,5.21136068894,0.656458750345,98.76484764
1884,5650,1.88724460701,27.7000845175,5.21071493214,0.656839846335,98.7647159324
1885,5650,1.88812956579,27.7229004616,5.21006894115,0.65722102912,98.7645841959
1886,5650,1.8890147986,27.7457271036,5.20942271595,0.657602298645,98.7644524305
1887,5650,1.88990030539,27.7685644467,5.20877625655,0.657983654854,98.7643206362
1888,5650,1.89078608613,27.7914124944,5.20812956292,0.658365097693,98.7641888128
1889,5650,1.89167214077,27.8142712499,5.20748263506,0.658746627106,98.7640569605
1890,5650,1.89255846927,27.8371407166,5.20683547295,0.65912824304,98.763925079
1891,5650,1.89344507159,27.8600208977,5.20618807659,0.659509945437,98.7637931686
1892,5650,1.89433194767,27.8829117965,5.20554044596,0.659891734243,98.763661229
1893,5650,1.89521909749,27.9058134164,5.20489258107,0.660273609403,98.7635292602
1894,5650,1.89610652099,27.9287257608,5.20424448189,0.660655570861,98.7633972623
1895,5650,1.89699421813,27.9516488327,5.20359614841,0.661037618561,98.7632652352
1896,5650,1.89788218886,27.9745826357,5.20294758063,0.661419752448,98.7631331789
1897,5650,1.89877043316,27.997527173,5.20229877854,0.661801972467,98.7630010932
1898,5650,1.89965895096,28.0204824479,5.20164974213,0.66218427856,98.7628689783
1899,5650,1.90054774222,28.0434484636,5.20100047138,0.662566670674,98.7627368341
1900,5650,1.90143680691,28.0664252236,5.2003509663,0.662949148751,98.7626046605
1901,5650,1.90232614497,28.0894127312,5.19970122686,0.663331712736,98.7624724576
1902,5650,1.90321575637,28.1124109895,5.19905125306,0.663714362573,98.7623402252
1903,5650,1.90410564105,28.135420002,5.1984010449,0.664097098205,98.7622079633
1904,5650,1.90499579898,28.1584397719,5.19775060235,0.664479919577,98.762075672
1905,5650,1.9058862301,28.1814703025,5.19709992542,0.664862826631,98.7619433512
1906,5650,1.90677693438,28.2045115971,5.19644901408,0.665245819312,98.7618110008
1907,5650,1.90766791176,28.2275636591,5.19579786835,0.665628897564,98.7616786208
1908,5650,1.90855916221,28.2506264918,5.1951464882,0.666012061329,98.7615462113
1909,5650,1.90945068567,28.2737000983,5.19449487362,0.666395310552,98.7614137721
1910,5650,1.9103424821,28.2967844821,5.19384302461,0.666778645175,98.7612813033
1911,5650,1.91123455146,28.3198796464,5.19319094116,0.667162065141,98.7611488047
1912,5650,1.9121268937,28.3429855946,5.19253862326,0.667545570395,98.7610162765
1913,5650,1.91301950877,28.3661023299,5.1918860709,0.667929160879,98.7608837184
1914,5650,1.91391239663,28.3892298556,5.19123328408,0.668312836536,98.7607511306
1915,5650,1.91480555723,28.412368175,5.19058026277,0.668696597309,98.760618513
1916,5650,1.91569899052,28.4355172915,5.18992700699,0.669080443141,98.7604858655
1917,5650,1.91659269647,28.4586772083,5.18927351671,0.669464373975,98.7603531882
1918,5650,1.91748667501,28.4818479286,5.18861979193,0.669848389753,98.7602204809
1919,5650,1.91838092611,28.5050294559,5.18796583264,0.670232490419,98.7600877437
1920,5650,1.91927544972,28.5282217934,5.18731163884,0.670616675915,98.7599549765
1921,5650,1.92017024579,28.5514249444,5.1866572105,0.671000946183,98.7598221794
1922,5650,1.92106531427,28.5746389122,5.18600254764,0.671385301165,98.7596893522
1923,5650,1.92196065512,28.5978637,5.18534765024,0.671769740805,98.7595564949
1924,5650,1.92285626829,28.6210993112,5.18469251828,0.672154265045,98.7594236075
1925,5650,1.92375215373,28.6443457491,5.18403715177,0.672538873826,98.75929069
1926,5650,1.92464831139,28.6676030169,5.1833815507,0.672923567091,98.7591577424
1927,5650,1.92554474123,28.690871118,5.18272571505,0.673308344782,98.7590247645
1928,5650,1.9264414432,28.7141500556,5.18206964482,0.673693206841,98.7588917565
1929,5650,1.92733841725,28.737439833,5.18141334001,0.67407815321,98.7587587182
1930,5650,1.92823566333,28.7607404536,5.1807568006,0.674463183831,98.7586256496
1931,5650,1.9291331814,28.7840519205,5.18010002659,0.674848298645,98.7584925507
1932,5650,1.9300309714,28.8073742371,5.17944301797,0.675233497594,98.7583594215
1933,5650,1.93092903329,28.8307074067,5.17878577473,0.675618780621,98.7582262619
1934,5650,1.93182736702,28.8540514325,5.17812829687,0.676004147665,98.7580930719
1935,5650,1.93272597254,28.8774063179,5.17747058438,0.67638959867,98.7579598515
1936,5650,1.93362484979,28.9007720661,5.17681263725,0.676775133575,98.7578266006
1937,5650,1.93452399874,28.9241486804,5.17615445547,0.677160752323,98.7576933192
1938,5650,1.93542341933,28.9475361641,5.17549603904,0.677546454856,98.7575600073
1939,5650,1.93632311152,28.9709345204,5.17483738796,0.677932241113,98.7574266649
1940,5650,1.93722307525,28.9943437528,5.17417850221,0.678318111036,98.7572932919
1941,5650,1.93812331047,29.0177638643,5.17351938178,0.678704064566,98.7571598882
1942,5650,1.93902381714,29.0411948584,5.17286002668,0.679090101645,98.7570264539
1943,5650,1.9399245952,29.0646367383,5.17220043689,0.679476222213,98.7568929889
1944,5650,1.9408256446,29.0880895073,5.17154061241,0.67986242621,98.7567594933
1945,5650,1.9417269653,29.1115531686,5.17088055324,0.680248713578,98.7566259668
1946,5650,1.94262855725,29.1350277256,5.17022025936,0.680635084257,98.7564924097
1947,5650,1.94353042038,29.1585131815,5.16955973076,0.681021538188,98.7563588217
1948,5650,1.94443255467,29.1820095396,5.16889896745,0.681408075311,98.7562252029
1949,5650,1.94533496004,29.2055168032,5.16823796942,0.681794695566,98.7560915532
1950,5650,1.94623763646,29.2290349755,5.16757673666,0.682181398895,98.7559578727
1951,5650,1.94714058386,29.2525640598,5.16691526916,0.682568185237,98.7558241612
1952,5650,1.94804380221,29.2761040595,5.16625356692,0.682955054533,98.7556904188
1953,5650,1.94894729144,29.2996549777,5.16559162993,0.683342006722,98.7555566454
1954,5650,1.94985105152,29.3232168177,5.16492945819,0.683729041745,98.755422841
1955,5650,1.95075508238,29.3467895829,5.1642670517,0.684116159542,98.7552890055
1956,5650,1.95165938397,29.3703732765,5.16360441043,0.684503360052,98.755155139
1957,5650,1.95256395625,29.3939679017,5.1629415344,0.684890643216,98.7550212414
1958,5650,1.95346879916,29.4175734619,5.16227842359,0.685278008973,98.7548873126
1959,5650,1.95437391265,29.4411899603,5.161615078,0.685665457263,98.7547533527
1960,5650,1.95527929666,29.4648174001,5.16095149763,0.686052988025,98.7546193615
1961,5650,1.95618495115,29.4884557847,5.16028768246,0.6864406012,98.7544853392
1962,5650,1.95709087606,29.5121051174,5.1596236325,0.686828296725,98.7543512856
1963,5650,1.95799707135,29.5357654013,5.15895934773,0.687216074542,98.7542172007
1964,5650,1.95890353695,29.5594366397,5.15829482816,0.687603934589,98.7540830845
1965,5650,1.95981027282,29.583118836,5.15763007378,0.687991876805,98.753948937
1966,5650,1.96071727889,29.6068119934,5.15696508458,0.68837990113,98.7538147581
1967,5650,1.96162455513,29.6305161151,5.15629986055,0.688768007502,98.7536805477
1968,5650,1.96253210147,29.6542312044,5.1556344017,0.689156195861,98.753546306
1969,5650,1.96343991787,29.6779572646,5.15496870802,0.689544466146,98.7534120327
1970,5650,1.96434800427,29.701694299,5.1543027795,0.689932818295,98.753277728
1971,5650,1.96525636061,29.7254423107,5.15363661614,0.690321252247,98.7531433918
1972,5650,1.96616498684,29.7492013031,5.15297021794,0.690709767941,98.7530090239
1973,5650,1.96707388291,29.7729712795,5.15230358488,0.691098365316,98.7528746245
1974,5650,1.96798304877,29.796752243,5.15163671697,0.691487044309,98.7527401935
1975,5650,1.96889248436,29.820544197,5.15096961421,0.691875804861,98.7526057308
1976,5650,1.96980218963,29.8443471448,5.15030227658,0.692264646908,98.7524712365
1977,5650,1.97071216451,29.8681610894,5.14963470408,0.692653570389,98.7523367104
1978,5650,1.97162240897,29.8919860344,5.14896689671,0.693042575244,98.7522021526
1979,5650,1.97253292294,29.9158219828,5.14829885447,0.693431661408,98.752067563
1980,5650,1.97344370636,29.9396689379,5.14763057734,0.693820828822,98.7519329417
1981,5650,1.97435475919,29.9635269031,5.14696206534,0.694210077423,98.7517982884
1982,5650,1.97526608137,29.9873958815,5.14629331844,0.694599407148,98.7516636034
1983,5650,1.97617767285,30.0112758764,5.14562433666,0.694988817937,98.7515288864
1984,5650,1.97708953356,30.0351668911,5.14495511998,0.695378309725,98.7513941375
1985,5650,1.97800166345,30.0590689288,5.1442856684,0.695767882452,98.7512593567
1986,5650,1.97891406248,30.0829819928,5.14361598193,0.696157536055,98.7511245439
1987,5650,1.97982673057,30.1069060863,5.14294606054,0.696547270472,98.750989699
1988,5650,1.98073966769,30.1308412126,5.14227590425,0.696937085639,98.7508548221
1989,5650,1.98165287376,30.1547873749,5.14160551305,0.697326981495,98.7507199132
1990,5650,1.98256634874,30.1787445765,5.14093488693,0.697716957977,98.7505849721
1991,5650,1.98348009256,30.2027128206,5.14026402589,0.698107015022,98.7504499989
1992,5650,1.98439410518,30.2266921105,5.13959292993,0.698497152567,98.7503149936
1993,5650,1.98530838653,30.2506824494,5.13892159905,0.698887370549,98.750179956
1994,5650,1.98622293657,30.2746838407,5.13825003323,0.699277668906,98.7500448862
1995,5650,1.98713775522,30.2986962874,5.13757823249,0.699668047575,98.7499097842
1996,5650,1.98805284245,30.3227197929,5.13690619682,0.700058506491,98.7497746499
1997,5650,1.98896819818,30.3467543604,5.13623392621,0.700449045593,98.7496394832
1998,5650,1.98988382236,30.3707999932,5.13556142065,0.700839664817,98.7495042843
1999,5650,1.99079971494,30.3948566945,5.13488868016,0.7012303641,98.7493690529
2000,5650,1.99171587585,30.4189244675,5.13421570473,0.701621143377,98.7492337891
2001,5650,1.99263230505,30.4430033155,5.13354249434,0.702012002587,98.7490984929
2002,5650,1.99354900247,30.4670932418,5.13286904901,0.702402941665,98.7489631642
2003,5650,1.99446596805,30.4911942495,5.13219536873,0.702793960547,98.7488278031
2004,5650,1.99538320174,30.5153063419,5.13152145349,0.70318505917,98.7486924094
2005,5650,1.99630070348,30.5394295223,5.1308473033,0.703576237471,98.7485569831
2006,5650,1.99721847321,30.5635637939,5.13017291815,0.703967495384,98.7484215243
2007,5650,1.99813651087,30.5877091599,5.12949829804,0.704358832847,98.7482860328
2008,5650,1.99905481641,30.6118656236,5.12882344296,0.704750249796,98.7481505087
2009,5650,1.99997338976,30.6360331883,5.12814835293,0.705141746165,98.7480149519
2010,5650,2.00089223087,30.660211857,5.12747302792,0.705533321892,98.7478793624
2011,5650,2.00181133968,30.6844016331,5.12679746795,0.705924976912,98.7477437402
2012,5650,2.00273071612,30.7086025199,5.12612167301,0.70631671116,98.7476080852
2013,5650,2.00365036015,30.7328145205,5.1254456431,0.706708524573,98.7474723974
2014,5650,2.0045702717,30.7570376382,5.12476937821,0.707100417086,98.7473366767
2015,5650,2.00549045071,30.7812718762,5.12409287836,0.707492388633,98.7472009232
2016,5650,2.00641089712,30.8055172377,5.12341614352,0.707884439152,98.7470651369
2017,5650,2.00733161088,30.8297737261,5.12273917371,0.708276568576,98.7469293176
2018,5650,2.00825259192,30.8540413444,5.12206196892,0.708668776842,98.7467934653
2019,5650,2.00917384018,30.878320096,5.12138452915,0.709061063884,98.7466575801
2020,5650,2.01009535561,30.9026099841,5.1207068544,0.709453429638,98.7465216618
2021,5650,2.01101713814,30.9269110119,5.12002894467,0.709845874039,98.7463857105
2022,5650,2.01193918771,30.9512231826,5.11935079996,0.710238397021,98.7462497262
2023,5650,2.01286150427,30.9755464994,5.11867242026,0.710630998519,98.7461137087
2024,5650,2.01378408775,30.9998809657,5.11799380558,0.711023678469,98.7459776581
2025,5650,2.01470693809,31.0242265845,5.11731495591,0.711416436805,98.7458415744
2026,5650,2.01563005523,31.0485833592,5.11663587126,0.711809273461,98.7457054575
2027,5650,2.01655343911,31.072951293,5.11595655162,0.712202188372,98.7455693073
2028,5650,2.01747708967,31.097330389,5.11527699699,0.712595181473,98.7454331239
2029,5650,2.01840100685,31.1217206505,5.11459720738,0.712988252699,98.7452969072
2030,5650,2.01932519058,31.1461220808,5.11391718278,0.713381401982,98.7451606572
2031,5650,2.02024964081,31.170534683,5.11323692318,0.713774629259,98.7450243739
2032,5650,2.02117435747,31.1949584604,5.1125564286,0.714167934462,98.7448880572
2033,5650,2.02209934051,31.2193934162,5.11187569904,0.714561317527,98.7447517071
2034,5650,2.02302458985,31.2438395535,5.11119473448,0.714954778386,98.7446153235
2035,5650,2.02395010545,31.2682968758,5.11051353493,0.715348316975,98.7444789065
2036,5650,2.02487588722,31.292765386,5.10983210039,0.715741933227,98.744342456
2037,5650,2.02580193513,31.3172450875,5.10915043087,0.716135627076,98.744205972
2038,5650,2.02672824909,31.3417359835,5.10846852635,0.716529398455,98.7440694544
2039,5650,2.02765482905,31.3662380772,5.10778638685,0.716923247298,98.7439329033
2040,5650,2.02858167495,31.3907513718,5.10710401236,0.717317173539,98.7437963185
2041,5650,2.02950878673,31.4152758705,5.10642140288,0.717711177112,98.7436597001
2042,5650,2.03043616431,31.4398115766,5.10573855841,0.71810525795,98.7435230481
2043,5650,2.03136380764,31.4643584932,5.10505547896,0.718499415985,98.7433863623
2044,5650,2.03229171666,31.4889166235,5.10437216451,0.718893651153,98.7432496428
2045,5650,2.0332198913,31.5134859708,5.10368861509,0.719287963385,98.7431128895
2046,5650,2.03414833149,31.5380665384,5.10300483068,0.719682352615,98.7429761025
2047,5650,2.03507703718,31.5626583292,5.10232081128,0.720076818776,98.7428392816
2048,5650,2.0360060083,31.5872613467,5.1016365569,0.7204713618,98.7427024269
2049,5650,2.03693524478,31.611875594,5.10095206754,0.720865981622,98.7425655383
2050,5650,2.03786474657,31.6365010744,5.10026734319,0.721260678174,98.7424286157
2051,5650,2.0387945136,31.6611377909,5.09958238387,0.721655451388,98.7422916593
2052,5650,2.0397245458,31.6857857469,5.09889718956,0.722050301197,98.7421546689
2053,5650,2.04065484311,31.7104449454,5.09821176028,0.722445227534,98.7420176444
2054,5650,2.04158540547,31.7351153899,5.09752609602,0.722840230331,98.741880586
2055,5650,2.04251623281,31.7597970833,5.09684019679,0.723235309522,98.7417434935
2056,5650,2.04344732506,31.784490029,5.09615406258,0.723630465037,98.7416063669
2057,5650,2.04437868217,31.8091942302,5.0954676934,0.72402569681,98.7414692061
2058,5650,2.04531030406,31.8339096899,5.09478108925,0.724421004773,98.7413320112
2059,5650,2.04624219067,31.8586364115,5.09409425012,0.724816388858,98.7411947822
2060,5650,2.04717434194,31.8833743982,5.09340717604,0.725211848998,98.7410575189
2061,5650,2.0481067578,31.9081236531,5.09271986698,0.725607385123,98.7409202214
2062,5650,2.04903943818,31.9328841794,5.09203232297,0.726002997166,98.7407828896
2063,5650,2.04997238303,31.9576559804,5.09134454399,0.72639868506,98.7406455236
2064,5650,2.05090559226,31.9824390592,5.09065653005,0.726794448735,98.7405081232
2065,5650,2.05183906582,32.007233419,5.08996828115,0.727190288123,98.7403706884
2066,5650,2.05277280365,32.0320390631,5.0892797973,0.727586203157,98.7402332192
2067,5650,2.05370680566,32.0568559945,5.08859107849,0.727982193767,98.7400957157
2068,5650,2.05464107181,32.0816842166,5.08790212474,0.728378259886,98.7399581777
2069,5650,2.05557560202,32.1065237324,5.08721293603,0.728774401444,98.7398206052
2070,5650,2.05651039622,32.1313745453,5.08652351238,0.729170618374,98.7396829982
2071,5650,2.05744545436,32.1562366583,5.08583385379,0.729566910605,98.7395453566
2072,5650,2.05838077635,32.1811100747,5.08514396026,0.72996327807,98.7394076805
2073,5650,2.05931636214,32.2059947976,5.08445383178,0.7303597207,98.7392699698
2074,5650,2.06025221165,32.2308908303,5.08376346837,0.730756238425,98.7391322245
2075,5650,2.06118832483,32.2557981759,5.08307287003,0.731152831176,98.7389944445
2076,5650,2.0621247016,32.2807168377,5.08238203676,0.731549498886,98.7388566298
2077,5650,2.06306134189,32.3056468187,5.08169096857,0.731946241483,98.7387187804
2078,5650,2.06399824564,32.3305881222,5.08099966545,0.7323430589,98.7385808962
2079,5650,2.06493541278,32.3555407515,5.08030812741,0.732739951066,98.7384429773
2080,5650,2.06587284324,32.3805047095,5.07961635445,0.733136917913,98.7383050236
2081,5650,2.06681053696,32.4054799996,5.07892434658,0.73353395937,98.738167035
2082,5650,2.06774849386,32.4304666249,5.0782321038,0.733931075369,98.7380290116
2083,5650,2.06868671387,32.4554645887,5.07753962611,0.734328265839,98.7378909533
2084,5650,2.06962519693,32.480473894,5.07684691351,0.734725530712,98.73775286
2085,5650,2.07056394298,32.505494544,5.07615396602,0.735122869916,98.7376147318
2086,5650,2.07150295193,32.530526542,5.07546078363,0.735520283383,98.7374765687
2087,5650,2.07244222373,32.5555698912,5.07476736635,0.735917771043,98.7373383705
2088,5650,2.07338175829,32.5806245946,5.07407371418,0.736315332825,98.7372001372
2089,5650,2.07432155557,32.6056906554,5.07337982712,0.736712968659,98.7370618689
2090,5650,2.07526161547,32.6307680769,5.07268570519,0.737110678475,98.7369235655
2091,5650,2.07620193794,32.6558568623,5.07199134837,0.737508462203,98.7367852269
2092,5650,2.0771425229,32.6809570146,5.07129675669,0.737906319773,98.7366468532
2093,5650,2.07808337029,32.7060685371,5.07060193013,0.738304251115,98.7365084443
2094,5650,2.07902448004,32.7311914329,5.06990686871,0.738702256157,98.7363700001
2095,5650,2.07996585207,32.7563257052,5.06921157243,0.739100334829,98.7362315208
2096,5650,2.08090748631,32.7814713572,5.06851604129,0.739498487061,98.7360930061
2097,5650,2.0818493827,32.806628392,5.0678202753,0.739896712782,98.7359544561
2098,5650,2.08279154117,32.8317968129,5.06712427447,0.740295011922,98.7358158708
2099,5650,2.08373396164,32.8569766229,5.06642803879,0.740693384409,98.7356772501
2100,5650,2.08467664404,32.8821678252,5.06573156828,0.741091830172,98.735538594
2101,5650,2.0856195883,32.9073704231,5.06503486293,0.741490349141,98.7353999025
2102,5650,2.08656279435,32.9325844196,5.06433792276,0.741888941244,98.7352611755
2103,5650,2.08750626213,32.957809818,5.06364074776,0.742287606411,98.7351224131
2104,5650,2.08844999155,32.9830466214,5.06294333794,0.74268634457,98.7349836151
2105,5650,2.08939398255,33.0082948329,5.06224569331,0.74308515565,98.7348447815
2106,5650,2.09033823506,33.0335544558,5.06154781387,0.743484039579,98.7347059124
2107,5650,2.091282749,33.0588254931,5.06084969963,0.743882996287,98.7345670077
2108,5650,2.09222752431,33.0841079481,5.0601513506,0.744282025701,98.7344280673
2109,5650,2.0931725609,33.1094018239,5.05945276677,0.744681127751,98.7342890913
2110,5650,2.09411785871,33.1347071236,5.05875394815,0.745080302363,98.7341500796
2111,5650,2.09506341767,33.1600238505,5.05805489475,0.745479549468,98.7340110322
2112,5650,2.09600923771,33.1853520076,5.05735560658,0.745878868992,98.7338719489
2113,5650,2.09695531874,33.2106915982,5.05665608363,0.746278260864,98.73373283
2114,5650,2.09790166071,33.2360426253,5.05595632593,0.746677725013,98.7335936752
2115,5650,2.09884826353,33.2614050922,5.05525633346,0.747077261365,98.7334544845
2116,5650,2.09979512713,33.286779002,5.05455610624,0.747476869849,98.733315258
2117,5650,2.10074225145,33.3121643578,5.05385564428,0.747876550394,98.7331759956
2118,5650,2.1016896364,33.3375611628,5.05315494757,0.748276302925,98.7330366972
2119,5650,2.10263728192,33.3629694201,5.05245401613,0.748676127372,98.7328973629
2120,5650,2.10358518792,33.3883891329,5.05175284996,0.749076023661,98.7327579926
2121,5650,2.10453335435,33.4138203044,5.05105144907,0.749475991721,98.7326185862
2122,5650,2.10548178111,33.4392629376,5.05034981347,0.749876031479,98.7324791438
2123,5650,2.10643046815,33.4647170358,5.04964794315,0.750276142862,98.7323396654
2124,5650,2.10737941538,33.490182602,5.04894583813,0.750676325797,98.7322001508
2125,5650,2.10832862273,33.5156596395,5.04824349842,0.751076580212,98.7320606001
2126,5650,2.10927809014,33.5411481513,5.04754092401,0.751476906033,98.7319210132
2127,5650,2.11022781751,33.5666481406,5.04683811492,0.751877303189,98.7317813901
2128,5650,2.11117780478,33.5921596106,5.04613507116,0.752277771606,98.7316417308
2129,5650,2.11212805188,33.6176825643,5.04543179273,0.75267831121,98.7315020352
2130,5650,2.11307855872,33.643217005,5.04472827963,0.753078921929,98.7313623034
2131,5650,2.11402932524,33.6687629358,5.04402453188,0.753479603689,98.7312225352
2132,5650,2.11498035136,33.6943203597,5.04332054948,0.753880356418,98.7310827307
2133,5650,2.115931637,33.71988928,5.04261633244,0.754281180041,98.7309428898
2134,5650,2.11688318209,33.7454696998,5.04191188076,0.754682074486,98.7308030124
2135,5650,2.11783498655,33.7710616222,5.04120719446,0.755083039679,98.7306630987
2136,5650,2.11878705031,33.7966650503,5.04050227354,0.755484075546,98.7305231485
2137,5650,2.1197393733,33.8222799874,5.039797118,0.755885182013,98.7303831618
2138,5650,2.12069195542,33.8479064364,5.03909172787,0.756286359007,98.7302431386
2139,5650,2.12164479662,33.8735444006,5.03838610313,0.756687606455,98.7301030788
2140,5650,2.12259789681,33.899193883,5.03768024381,0.757088924281,98.7299629825
2141,5650,2.12355125592,33.9248548869,5.0369741499,0.757490312412,98.7298228495
2142,5650,2.12450487387,33.9505274153,5.03626782142,0.757891770775,98.7296826799
2143,5650,2.12545875059,33.9762114714,5.03556125838,0.758293299295,98.7295424736
2144,5650,2.12641288599,34.0019070582,5.03485446077,0.758694897897,98.7294022306
2145,5650,2.12736728,34.027614179,5.03414742862,0.759096566508,98.7292619509
2146,5650,2.12832193255,34.0533328368,5.03344016192,0.759498305053,98.7291216344
2147,5650,2.12927684355,34.0790630348,5.0327326607,0.759900113458,98.7289812812
2148,5650,2.13023201294,34.1048047761,5.03202492494,0.760301991648,98.7288408911
2149,5650,2.13118744062,34.1305580638,5.03131695467,0.760703939549,98.7287004642
2150,5650,2.13214312653,34.156322901,5.03060874989,0.761105957086,98.7285600004
2151,5650,2.13309907059,34.1820992909,5.02990031062,0.761508044184,98.7284194997
2152,5650,2.13405527272,34.2078872365,5.02919163685,0.761910200769,98.7282789621
2153,5650,2.13501173284,34.2336867411,5.02848272859,0.762312426765,98.7281383875
2154,5650,2.13596845087,34.2594978076,5.02777358587,0.762714722098,98.7279977759
2155,5650,2.13692542674,34.2853204393,5.02706420868,0.763117086693,98.7278571273
2156,5650,2.13788266036,34.3111546393,5.02635459703,0.763519520475,98.7277164416
2157,5650,2.13884015167,34.3370004106,5.02564475093,0.763922023368,98.7275757188
2158,5650,2.13979790057,34.3628577563,5.0249346704,0.764324595298,98.727434959
2159,5650,2.14075590699,34.3887266797,5.02422435544,0.764727236188,98.727294162
2160,5650,2.14171417086,34.4146071837,5.02351380605,0.765129945964,98.7271533278
2161,5650,2.14267269209,34.4404992716,5.02280302226,0.765532724551,98.7270124564
2162,5650,2.1436314706,34.4664029463,5.02209200407,0.765935571871,98.7268715478
2163,5650,2.14459050632,34.4923182112,5.02138075148,0.766338487851,98.726730602
2164,5650,2.14554979916,34.5182450691,5.02066926451,0.766741472414,98.7265896188
2165,5650,2.14650934905,34.5441835233,5.01995754317,0.767144525485,98.7264485984
2166,5650,2.14746915591,34.5701335768,5.01924558746,0.767547646987,98.7263075406
2167,5650,2.14842921965,34.5960952328,5.0185333974,0.767950836845,98.7261664454
2168,5650,2.1493895402,34.6220684944,5.017820973,0.768354094983,98.7260253128
2169,5650,2.15035011747,34.6480533646,5.01710831426,0.768757421325,98.7258841428
2170,5650,2.15131095139,34.6740498466,5.0163954212,0.769160815794,98.7257429353
2171,5650,2.15227204188,34.7000579434,5.01568229382,0.769564278315,98.7256016903
2172,5650,2.15323338885,34.7260776582,5.01496893214,0.769967808811,98.7254604078
2173,5650,2.15419499222,34.7521089941,5.01425533617,0.770371407205,98.7253190878
2174,5650,2.15515685192,34.7781519542,5.01354150591,0.770775073423,98.7251777302
2175,5650,2.15611896786,34.8042065415,5.01282744138,0.771178807386,98.7250363349
2176,5650,2.15708133997,34.8302727592,5.01211314259,0.771582609018,98.7248949021
2177,5650,2.15804396815,34.8563506103,5.01139860954,0.771986478243,98.7247534315
2178,5650,2.15900685233,34.882440098,5.01068384226,0.772390414984,98.7246119233
2179,5650,2.15996999243,34.9085412253,5.00996884074,0.772794419164,98.7244703773
2180,5650,2.16093338837,34.9346539954,5.009253605,0.773198490706,98.7243287936
2181,5650,2.16189704006,34.9607784113,5.00853813505,0.773602629534,98.7241871721
2182,5650,2.16286094742,34.9869144761,5.0078224309,0.77400683557,98.7240455128
2183,5650,2.16382511037,35.0130621929,5.00710649256,0.774411108737,98.7239038156
2184,5650,2.16478952883,35.0392215649,5.00639032005,0.774815448958,98.7237620806
2185,5650,2.16575420272,35.065392595,5.00567391337,0.775219856156,98.7236203077
2186,5650,2.16671913195,35.0915752864,5.00495727254,0.775624330254,98.7234784968
2187,5650,2.16768431644,35.1177696421,5.00424039756,0.776028871173,98.723336648
2188,5650,2.16864975611,35.1439756653,5.00352328845,0.776433478838,98.7231947612
2189,5650,2.16961545087,35.170193359,5.00280594522,0.776838153169,98.7230528363
2190,5650,2.17058140065,35.1964227263,5.00208836788,0.77724289409,98.7229108735
2191,5650,2.17154760535,35.2226637703,5.00137055644,0.777647701523,98.7227688725
2192,5650,2.1725140649,35.2489164941,5.00065251092,0.778052575389,98.7226268334
2193,5650,2.17348077922,35.2751809008,4.99993423132,0.778457515612,98.7224847562
2194,5650,2.17444774821,35.3014569933,4.99921571766,0.778862522113,98.7223426409
2195,5650,2.1754149718,35.3277447749,4.99849696995,0.779267594815,98.7222004873
2196,5650,2.1763824499,35.3540442486,4.99777798819,0.779672733638,98.7220582956
2197,5650,2.17735018242,35.3803554174,4.99705877242,0.780077938506,98.7219160655
2198,5650,2.17831816929,35.4066782845,4.99633932262,0.78048320934,98.7217737972
2199,5650,2.17928641042,35.4330128528,4.99561963883,0.780888546061,98.7216314906
2200,5650,2.18025490573,35.4593591256,4.99489972104,0.781293948592,98.7214891457
2201,5650,2.18122365512,35.4857171058,4.99417956928,0.781699416853,98.7213467624
2202,5650,2.18219265852,35.5120867965,4.99345918354,0.782104950767,98.7212043406
2203,5650,2.18316191584,35.5384682008,4.99273856386,0.782510550255,98.7210618805
2204,5650,2.18413142699,35.5648613218,4.99201771024,0.782916215238,98.7209193819
2205,5650,2.1851011919,35.5912661625,4.99129662268,0.783321945637,98.7207768448
2206,5650,2.18607121047,35.6176827261,4.99057530121,0.783727741374,98.7206342692
2207,5650,2.18704148263,35.6441110154,4.98985374584,0.784133602369,98.7204916551
2208,5650,2.18801200827,35.6705510337,4.98913195658,0.784539528544,98.7203490024
2209,5650,2.18898278733,35.697002784,4.98840993344,0.78494551982,98.7202063111
2210,5650,2.18995381971,35.7234662694,4.98768767644,0.785351576118,98.7200635811
2211,5650,2.19092510533,35.7499414928,4.98696518558,0.785757697358,98.7199208125
2212,5650,2.1918966441,35.7764284574,4.98624246089,0.786163883462,98.7197780052
2213,5650,2.19286843593,35.8029271663,4.98551950238,0.786570134349,98.7196351592
2214,5650,2.19384048075,35.8294376224,4.98479631005,0.786976449942,98.7194922745
2215,5650,2.19481277845,35.8559598289,4.98407288392,0.787382830159,98.719349351
2216,5650,2.19578532897,35.8824937888,4.98334922401,0.787789274922,98.7192063886
2217,5650,2.1967581322,35.9090395052,4.98262533033,0.78819578415,98.7190633875
2218,5650,2.19773118806,35.9355969811,4.98190120289,0.788602357765,98.7189203475
2219,5650,2.19870449647,35.9621662195,4.98117684171,0.789008995687,98.7187772686
2220,5650,2.19967805734,35.9887472236,4.9804522468,0.789415697835,98.7186341507
2221,5650,2.20065187058,36.0153399963,4.97972741817,0.78982246413,98.7184909939
2222,5650,2.20162593611,36.0419445408,4.97900235584,0.790229294492,98.7183477982
2223,5650,2.20260025383,36.06856086,4.97827705982,0.790636188841,98.7182045634
2224,5650,2.20357482366,36.095188957,4.97755153013,0.791043147096,98.7180612896
2225,5650,2.2045496455,36.1218288349,4.97682576678,0.791450169178,98.7179179768
2226,5650,2.20552471929,36.1484804967,4.97609976978,0.791857255006,98.7177746248
2227,5650,2.20650004491,36.1751439454,4.97537353915,0.7922644045,98.7176312337
2228,5650,2.2074756223,36.2018191842,4.9746470749,0.792671617579,98.7174878035
2229,5650,2.20845145135,36.228506216,4.97392037705,0.793078894163,98.7173443341
2230,5650,2.20942753198,36.2552050438,4.97319344562,0.793486234172,98.7172008254
2231,5650,2.2104038641,36.2819156708,4.97246628061,0.793893637524,98.7170572776
2232,5650,2.21138044762,36.3086380999,4.97173888204,0.794301104139,98.7169136904
2233,5650,2.21235728246,36.3353723343,4.97101124992,0.794708633937,98.716770064
2234,5650,2.21333436852,36.3621183769,4.97028338428,0.795116226836,98.7166263983
2235,5650,2.21431170572,36.3888762307,4.96955528513,0.795523882755,98.7164826932
2236,5650,2.21528929396,36.4156458988,4.96882695247,0.795931601614,98.7163389487
2237,5650,2.21626713316,36.4424273843,4.96809838633,0.796339383331,98.7161951648
2238,5650,2.21724522322,36.4692206902,4.96736958672,0.796747227825,98.7160513414
2239,5650,2.21822356406,36.4960258194,4.96664055366,0.797155135015,98.7159074786
2240,5650,2.21920215559,36.5228427751,4.96591128716,0.79756310482,98.7157635763
2241,5650,2.22018099772,36.5496715602,4.96518178724,0.797971137158,98.7156196344
2242,5650,2.22116009035,36.5765121779,4.96445205391,0.798379231948,98.715475653
2243,5650,2.2221394334,36.603364631,4.96372208718,0.798787389108,98.7153316321
2244,5650,2.22311902677,36.6302289227,4.96299188709,0.799195608557,98.7151875715
2245,5650,2.22409887038,36.657105056,4.96226145363,0.799603890214,98.7150434712
2246,5650,2.22507896413,36.6839930339,4.96153078682,0.800012233995,98.7148993313
2247,5650,2.22605930794,36.7108928593,4.96079988669,0.80042063982,98.7147551517
2248,5650,2.22703990171,36.7378045355,4.96006875324,0.800829107607,98.7146109323
2249,5650,2.22802074536,36.7647280652,4.9593373865,0.801237637273,98.7144666732
2250,5650,2.22900183878,36.7916634517,4.95860578648,0.801646228737,98.7143223743
2251,5650,2.22998318189,36.8186106978,4.95787395319,0.802054881916,98.7141780356
2252,5650,2.2309647746,36.8455698067,4.95714188665,0.802463596729,98.7140336571
2253,5650,2.23194661682,36.8725407813,4.95640958688,0.802872373093,98.7138892387
2254,5650,2.23292870845,36.8995236246,4.95567705389,0.803281210926,98.7137447803
2255,5650,2.2339110494,36.9265183397,4.95494428771,0.803690110145,98.7136002821
2256,5650,2.23489363958,36.9535249296,4.95421128834,0.804099070668,98.7134557438
2257,5650,2.2358764789,36.9805433972,4.95347805581,0.804508092412,98.7133111656
2258,5650,2.23685956726,37.0075737457,4.95274459013,0.804917175295,98.7131665474
2259,5650,2.23784290458,37.0346159779,4.95201089131,0.805326319234,98.7130218891
2260,5650,2.23882649075,37.061670097,4.95127695938,0.805735524147,98.7128771908
2261,5650,2.2398103257,37.0887361058,4.95054279435,0.80614478995,98.7127324523
2262,5650,2.24079440931,37.1158140075,4.94980839624,0.80655411656,98.7125876737
2263,5650,2.24177874151,37.1429038051,4.94907376506,0.806963503895,98.7124428549
2264,5650,2.2427633222,37.1700055014,4.94833890084,0.807372951872,98.712297996
2265,5650,2.24374815128,37.1971190997,4.94760380358,0.807782460407,98.7121530968
2266,5650,2.24473322867,37.2242446027,4.94686847332,0.808192029417,98.7120081574
2267,5650,2.24571855426,37.2513820136,4.94613291006,0.808601658819,98.7118631777
2268,5650,2.24670412796,37.2785313353,4.94539711382,0.809011348529,98.7117181577
2269,5650,2.24768994969,37.3056925709,4.94466108461,0.809421098465,98.7115730974
2270,5650,2.24867601934,37.3328657233,4.94392482247,0.809830908543,98.7114279967
2271,5650,2.24966233682,37.3600507955,4.9431883274,0.810240778678,98.7112828556
2272,5650,2.25064890204,37.3872477906,4.94245159943,0.810650708788,98.7111376741
2273,5650,2.2516357149,37.4144567114,4.94171463856,0.811060698789,98.7109924521
2274,5650,2.25262277531,37.4416775611,4.94097744483,0.811470748596,98.7108471897
2275,5650,2.25361008318,37.4689103426,4.94024001824,0.811880858127,98.7107018867
2276,5650,2.2545976384,37.4961550589,4.93950235881,0.812291027297,98.7105565432
2277,5650,2.25558544089,37.523411713,4.93876446657,0.812701256022,98.7104111592
2278,5650,2.25657349054,37.5506803078,4.93802634153,0.813111544218,98.7102657345
2279,5650,2.25756178727,37.5779608464,4.93728798371,0.813521891801,98.7101202693
2280,5650,2.25855033098,37.6052533317,4.93654939313,0.813932298687,98.7099747634
2281,5650,2.25953912157,37.6325577668,4.9358105698,0.814342764792,98.7098292168
2282,5650,2.26052815894,37.6598741546,4.93507151375,0.81475329003,98.7096836294
2283,5650,2.26151744301,37.6872024981,4.934332225,0.815163874318,98.7095380014
2284,5650,2.26250697367,37.7145428002,4.93359270355,0.815574517571,98.7093923326
2285,5650,2.26349675083,37.741895064,4.93285294944,0.815985219705,98.709246623
2286,5650,2.26448677439,37.7692592925,4.93211296268,0.816395980635,98.7091008726
2287,5650,2.26547704425,37.7966354885,4.93137274329,0.816806800276,98.7089550813
2288,5650,2.26646756033,37.8240236552,4.93063229128,0.817217678543,98.7088092491
2289,5650,2.26745832252,37.8514237954,4.92989160669,0.817628615352,98.7086633761
2290,5650,2.26844933073,37.8788359121,4.92915068952,0.818039610617,98.7085174621
2291,5650,2.26944058485,37.9062600083,4.9284095398,0.818450664254,98.7083715071
2292,5650,2.2704320848,37.9336960871,4.92766815754,0.818861776177,98.7082255111
2293,5650,2.27142383047,37.9611441512,4.92692654276,0.819272946302,98.7080794741
2294,5650,2.27241582176,37.9886042039,4.9261846955,0.819684174542,98.7079333961
2295,5650,2.27340805859,38.0160762478,4.92544261575,0.820095460814,98.707787277
2296,5650,2.27440054085,38.0435602862,4.92470030355,0.820506805031,98.7076411167
2297,5650,2.27539326844,38.0710563219,4.92395775891,0.820918207107,98.7074949154
2298,5650,2.27638624127,38.0985643578,4.92321498186,0.821329666959,98.7073486728
2299,5650,2.27737945924,38.126084397,4.92247197241,0.821741184498,98.7072023891
2300,5650,2.27837292225,38.1536164425,4.92172873058,0.822152759642,98.7070560641
2301,5650,2.2793666302,38.1811604971,4.9209852564,0.822564392302,98.7069096979
2302,5650,2.28036058299,38.2087165638,4.92024154988,0.822976082394,98.7067632904
2303,5650,2.28135478053,38.2362846456,4.91949761104,0.823387829832,98.7066168416
2304,5650,2.28234922271,38.2638647455,4.91875343991,0.82379963453,98.7064703515
2305,5650,2.28334390945,38.2914568664,4.91800903651,0.824211496401,98.70632382
2306,5650,2.28433884062,38.3190610112,4.91726440084,0.82462341536,98.7061772471
2307,5650,2.28533401615,38.346677183,4.91651953295,0.825035391321,98.7060306328
2308,5650,2.28632943593,38.3743053846,4.91577443284,0.825447424196,98.705883977
2309,5650,2.28732509985,38.4019456191,4.91502910053,0.825859513901,98.7057372797
2310,5650,2.28832100783,38.4295978893,4.91428353606,0.826271660348,98.705590541
2311,5650,2.28931715976,38.4572621983,4.91353773943,0.826683863451,98.7054437607
2312,5650,2.29031355554,38.4849385489,4.91279171068,0.827096123124,98.7052969388
2313,5650,2.29131019507,38.5126269441,4.91204544981,0.82750843928,98.7051500753
2314,5650,2.29230707825,38.5403273869,4.91129895686,0.827920811832,98.7050031702
2315,5650,2.29330420498,38.5680398802,4.91055223183,0.828333240693,98.7048562235
2316,5650,2.29430157516,38.5957644269,4.90980527477,0.828745725778,98.7047092351
2317,5650,2.29529918869,38.62350103,4.90905808568,0.829158266998,98.7045622049
2318,5650,2.29629704546,38.6512496925,4.90831066458,0.829570864266,98.7044151331
2319,5650,2.29729514539,38.6790104172,4.9075630115,0.829983517497,98.7042680194
2320,5650,2.29829348836,38.7067832072,4.90681512647,0.830396226602,98.704120864
2321,5650,2.29929207428,38.7345680652,4.90606700949,0.830808991495,98.7039736668
2322,5650,2.30029090304,38.7623649944,4.9053186606,0.831221812089,98.7038264277
2323,5650,2.30128997455,38.7901739976,4.90457007982,0.831634688295,98.7036791467
2324,5650,2.30228928869,38.8179950777,4.90382126716,0.832047620026,98.7035318238
2325,5650,2.30328884538,38.8458282377,4.90307222265,0.832460607196,98.7033844589
2326,5650,2.30428864451,38.8736734805,4.90232294632,0.832873649717,98.7032370521
2327,5650,2.30528868597,38.9015308091,4.90157343817,0.8332867475,98.7030896034
2328,5650,2.30628896966,38.9294002263,4.90082369824,0.833699900459,98.7029421125
2329,5650,2.30728949549,38.9572817351,4.90007372655,0.834113108505,98.7027945797
2330,5650,2.30829026334,38.9851753385,4.89932352313,0.834526371551,98.7026470047
2331,5650,2.30929127313,39.0130810393,4.89857308798,0.834939689509,98.7024993877
2332,5650,2.31029252473,39.0409988404,4.89782242114,0.835353062291,98.7023517285
2333,5650,2.31129401806,39.0689287449,4.89707152262,0.835766489808,98.7022040271
2334,5650,2.31229575301,39.0968707556,4.89632039246,0.836179971974,98.7020562836
2335,5650,2.31329772947,39.1248248754,4.89556903067,0.836593508698,98.7019084978
2336,5650,2.31429994734,39.1527911072,4.89481743728,0.837007099895,98.7017606698
2337,5650,2.31530240652,39.1807694541,4.89406561231,0.837420745474,98.7016127995
2338,5650,2.31630510691,39.2087599188,4.89331355578,0.837834445348,98.7014648869
2339,5650,2.3173080484,39.2367625043,4.89256126771,0.838248199428,98.701316932
2340,5650,2.31831123089,39.2647772135,4.89180874813,0.838662007625,98.7011689347
2341,5650,2.31931465427,39.2928040494,4.89105599707,0.839075869852,98.701020895
2342,5650,2.32031831844,39.3208430148,4.89030301454,0.839489786018,98.7008728129
2343,5650,2.3213222233,39.3488941126,4.88954980057,0.839903756037,98.7007246883
2344,5650,2.32232636874,39.3769573458,4.88879635518,0.840317779818,98.7005765213
2345,5650,2.32333075465,39.4050327173,4.8880426784,0.840731857273,98.7004283117
2346,5650,2.32433538094,39.4331202299,4.88728877024,0.841145988313,98.7002800597
2347,5650,2.3253402475,39.4612198866,4.88653463074,0.841560172849,98.700131765
2348,5650,2.32634535422,39.4893316903,4.88578025992,0.841974410792,98.6999834278
2349,5650,2.32735070099,39.5174556438,4.88502565779,0.842388702052,98.6998350479
2350,5650,2.32835628772,39.5455917502,4.8842708244,0.84280304654,98.6996866254
2351,5650,2.3293621143,39.5737400122,4.88351575975,0.843217444168,98.6995381603
2352,5650,2.33036818062,39.6019004328,4.88276046387,0.843631894845,98.6993896524
2353,5650,2.33137448657,39.6300730148,4.88200493679,0.844046398483,98.6992411018
2354,5650,2.33238103206,39.6582577613,4.88124917853,0.844460954991,98.6990925084
2355,5650,2.33338781697,39.686454675,4.88049318912,0.844875564281,98.6989438723
2356,5650,2.3343948412,39.7146637588,4.87973696858,0.845290226261,98.6987951933
2357,5650,2.33540210464,39.7428850157,4.87898051693,0.845704940844,98.6986464715
2358,5650,2.33640960719,39.7711184486,4.8782238342,0.846119707938,98.6984977068
2359,5650,2.33741734874,39.7993640602,4.87746692042,0.846534527454,98.6983488992
2360,5650,2.33842532918,39.8276218536,4.8767097756,0.846949399303,98.6982000487
2361,5650,2.33943354841,39.8558918316,4.87595239978,0.847364323393,98.6980511552
2362,5650,2.34044200632,39.8841739971,4.87519479298,0.847779299635,98.6979022187
2363,5650,2.3414507028,39.912468353,4.87443695522,0.848194327939,98.6977532392
2364,5650,2.34245963775,39.9407749021,4.87367888653,0.848609408215,98.6976042167
2365,5650,2.34346881106,39.9690936474,4.87292058694,0.849024540371,98.6974551511
2366,5650,2.34447822262,39.9974245916,4.87216205646,0.849439724319,98.6973060424
2367,5650,2.34548787232,40.0257677378,4.87140329513,0.849854959967,98.6971568906
2368,5650,2.34649776006,40.0541230888,4.87064430296,0.850270247225,98.6970076956
2369,5650,2.34750788572,40.0824906474,4.86988508,0.850685586002,98.6968584574
2370,5650,2.34851824921,40.1108704165,4.86912562625,0.851100976208,98.696709176
2371,5650,2.34952885041,40.139262399,4.86836594175,0.851516417752,98.6965598514
2372,5650,2.35053968921,40.1676665978,4.86760602652,0.851931910543,98.6964104835
2373,5650,2.35155076551,40.1960830158,4.8668458806,0.85234745449,98.6962610723
2374,5650,2.3525620792,40.2245116557,4.86608550399,0.852763049502,98.6961116178
2375,5650,2.35357363016,40.2529525206,4.86532489674,0.853178695489,98.69596212
2376,5650,2.3545854183,40.2814056132,4.86456405886,0.853594392359,98.6958125787
2377,5650,2.3555974435,40.3098709364,4.86380299038,0.854010140021,98.695662994
2378,5650,2.35660970564,40.3383484931,4.86304169133,0.854425938384,98.6955133659
2379,5650,2.35762220464,40.3668382861,4.86228016174,0.854841787356,98.6953636944
2380,5650,2.35863494036,40.3953403184,4.86151840163,0.855257686847,98.6952139793
2381,5650,2.35964791271,40.4238545927,4.86075641102,0.855673636765,98.6950642207
2382,5650,2.36066112157,40.4523811119,4.85999418995,0.856089637017,98.6949144186
2383,5650,2.36167456684,40.480919879,4.85923173844,0.856505687514,98.6947645729
2384,5650,2.3626882484,40.5094708966,4.85846905652,0.856921788162,98.6946146836
2385,5650,2.36370216615,40.5380341678,4.85770614421,0.857337938871,98.6944647506
2386,5650,2.36471631998,40.5666096953,4.85694300155,0.857754139549,98.694314774
2387,5650,2.36573070976,40.595197482,4.85617962855,0.858170390103,98.6941647537
2388,5650,2.3667453354,40.6237975308,4.85541602524,0.858586690442,98.6940146896
2389,5650,2.36776019679,40.6524098445,4.85465219166,0.859003040474,98.6938645819
2390,5650,2.3687752938,40.6810344259,4.85388812783,0.859419440107,98.6937144303
2391,5650,2.36979062634,40.7096712779,4.85312383377,0.859835889249,98.6935642349
2392,5650,2.37080619429,40.7383204034,4.85235930952,0.860252387806,98.6934139957
2393,5650,2.37182199754,40.7669818052,4.85159455509,0.860668935688,98.6932637127
2394,5650,2.37283803598,40.7956554861,4.85082957053,0.861085532802,98.6931133857
2395,5650,2.3738543095,40.8243414489,4.85006435585,0.861502179056,98.6929630149
2396,5650,2.37487081798,40.8530396966,4.84929891109,0.861918874356,98.6928126001
2397,5650,2.37588756131,40.881750232,4.84853323627,0.862335618611,98.6926621413
2398,5650,2.37690453939,40.9104730578,4.84776733142,0.862752411728,98.6925116385
2399,5650,2.37792175209,40.939208177,4.84700119656,0.863169253613,98.6923610917
2400,5650,2.37893919932,40.9679555923,4.84623483174,0.863586144175,98.6922105008
2401,5650,2.37995688095,40.9967153067,4.84546823696,0.864003083321,98.6920598658
2402,5650,2.38097479687,41.0254873229,4.84470141227,0.864420070957,98.6919091868
2403,5650,2.38199294698,41.0542716437,4.84393435768,0.864837106991,98.6917584636
2404,5650,2.38301133115,41.083068272,4.84316707324,0.86525419133,98.6916076962
2405,5650,2.38402994928,41.1118772107,4.84239955896,0.86567132388,98.6914568846
2406,5650,2.38504880125,41.1406984625,4.84163181487,0.866088504549,98.6913060288
2407,5650,2.38606788695,41.1695320303,4.84086384101,0.866505733243,98.6911551287
2408,5650,2.38708720627,41.1983779168,4.8400956374,0.866923009869,98.6910041844
2409,5650,2.38810675908,41.227236125,4.83932720407,0.867340334333,98.6908531957
2410,5650,2.38912654529,41.2561066577,4.83855854105,0.867757706542,98.6907021627
2411,5650,2.39014656478,41.2849895176,4.83778964837,0.868175126403,98.6905510854
2412,5650,2.39116681742,41.3138847076,4.83702052606,0.868592593821,98.6903999636
2413,5650,2.39218730312,41.3427922304,4.83625117414,0.869010108704,98.6902487975
2414,5650,2.39320802175,41.371712089,4.83548159265,0.869427670958,98.6900975868
2415,5650,2.3942289732,41.4006442862,4.83471178161,0.869845280488,98.6899463317
2416,5650,2.39525015735,41.4295888246,4.83394174106,0.870262937201,98.6897950321
2417,5650,2.3962715741,41.4585457073,4.83317147102,0.870680641003,98.689643688
2418,5650,2.39729322332,41.4875149369,4.83240097152,0.8710983918,98.6894922993
2419,5650,2.3983151049,41.5164965162,4.8316302426,0.871516189498,98.689340866
2420,5650,2.39933721873,41.5454904482,4.83085928428,0.871934034003,98.6891893881
2421,5650,2.4003595647,41.5744967355,4.83008809658,0.87235192522,98.6890378655
2422,5650,2.40138214267,41.6035153811,4.82931667955,0.872769863056,98.6888862983
2423,5650,2.40240495256,41.6325463876,4.82854503321,0.873187847415,98.6887346863
2424,5650,2.40342799422,41.661589758,4.8277731576,0.873605878204,98.6885830297
2425,5650,2.40445126756,41.6906454949,4.82700105273,0.874023955328,98.6884313282
2426,5650,2.40547477245,41.7197136012,4.82622871864,0.874442078693,98.688279582
2427,5650,2.40649850878,41.7487940798,4.82545615537,0.874860248203,98.688127791
2428,5650,2.40752247644,41.7778869333,4.82468336293,0.875278463765,98.6879759551
2429,5650,2.4085466753,41.8069921647,4.82391034137,0.875696725283,98.6878240744
2430,5650,2.40957110525,41.8361097766,4.82313709071,0.876115032663,98.6876721488
2431,5650,2.41059576618,41.8652397719,4.82236361098,0.876533385809,98.6875201782
2432,5650,2.41162065796,41.8943821533,4.82158990222,0.876951784628,98.6873681627
2433,5650,2.41264578049,41.9235369237,4.82081596444,0.877370229023,98.6872161022
2434,5650,2.41367113364,41.9527040859,4.8200417977,0.877788718899,98.6870639967
2435,5650,2.41469671729,41.9818836426,4.81926740201,0.878207254163,98.6869118461
2436,5650,2.41572253134,42.0110755966,4.8184927774,0.878625834717,98.6867596505
2437,5650,2.41674857566,42.0402799507,4.81771792391,0.879044460467,98.6866074098
2438,5650,2.41777485014,42.0694967077,4.81694284157,0.879463131318,98.686455124
2439,5650,2.41880135465,42.0987258704,4.81616753041,0.879881847174,98.686302793
2440,5650,2.41982808908,42.1279674415,4.81539199046,0.88030060794,98.6861504169
2441,5650,2.42085505332,42.1572214238,4.81461622175,0.88071941352,98.6859979955
2442,5650,2.42188224724,42.1864878201,4.81384022432,0.881138263818,98.6858455289
2443,5650,2.42290967073,42.2157666332,4.81306399819,0.881557158739,98.6856930171
2444,5650,2.42393732367,42.2450578659,4.81228754339,0.881976098187,98.6855404599
2445,5650,2.42496520594,42.2743615209,4.81151085996,0.882395082066,98.6853878575
2446,5650,2.42599331741,42.3036776009,4.81073394793,0.88281411028,98.6852352097
2447,5650,2.42702165799,42.3330061089,4.80995680734,0.883233182733,98.6850825165
2448,5650,2.42805022753,42.3623470474,4.8091794382,0.883652299329,98.684929778
2449,5650,2.42907902594,42.3917004194,4.80840184056,0.884071459973,98.684776994
2450,5650,2.43010805307,42.4210662275,4.80762401445,0.884490664567,98.6846241645
2451,5650,2.43113730883,42.4504444746,4.8068459599,0.884909913016,98.6844712896
2452,5650,2.43216679308,42.4798351633,4.80606767693,0.885329205223,98.6843183691
2453,5650,2.43319650572,42.5092382965,4.8052891656,0.885748541092,98.6841654031
2454,5650,2.43422644661,42.5386538769,4.80451042591,0.886167920527,98.6840123916
2455,5650,2.43525661564,42.5680819073,4.80373145792,0.88658734343,98.6838593344
2456,5650,2.43628701269,42.5975223904,4.80295226164,0.887006809706,98.6837062317
2457,5650,2.43731763764,42.626975329,4.80217283712,0.887426319257,98.6835530832
2458,5650,2.43834849037,42.6564407258,4.80139318439,0.887845871987,98.6833998891
2459,5650,2.43937957076,42.6859185836,4.80061330347,0.8882654678,98.6832466493
2460,5650,2.44041087869,42.7154089051,4.7998331944,0.888685106597,98.6830933638
2461,5650,2.44144241403,42.7449116932,4.79905285722,0.889104788283,98.6829400325
2462,5650,2.44247417667,42.7744269504,4.79827229196,0.889524512761,98.6827866554
2463,5650,2.44350616649,42.8039546797,4.79749149864,0.889944279932,98.6826332325
2464,5650,2.44453838337,42.8334948836,4.79671047731,0.890364089701,98.6824797637
2465,5650,2.44557082718,42.8630475651,4.795929228,0.89078394197,98.6823262491
2466,5650,2.4466034978,42.8926127267,4.79514775074,0.891203836641,98.6821726886
2467,5650,2.44763639512,42.9221903713,4.79436604556,0.891623773618,98.6820190821
2468,5650,2.44866951901,42.9517805016,4.79358411249,0.892043752803,98.6818654297
2469,5650,2.44970286934,42.9813831204,4.79280195158,0.892463774098,98.6817117313
2470,5650,2.450736446,43.0109982303,4.79201956285,0.892883837406,98.6815579869
2471,5650,2.45177024887,43.0406258341,4.79123694634,0.89330394263,98.6814041965
2472,5650,2.45280427782,43.0702659345,4.79045410208,0.893724089671,98.68125036
2473,5650,2.45383853273,43.0999185343,4.78967103011,0.894144278432,98.6810964774
2474,5650,2.45487301348,43.1295836362,4.78888773045,0.894564508815,98.6809425486
2475,5650,2.45590771995,43.1592612429,4.78810420315,0.894984780723,98.6807885737
2476,5650,2.45694265201,43.1889513572,4.78732044824,0.895405094057,98.6806345527
2477,5650,2.45797780954,43.2186539817,4.78653646575,0.895825448719,98.6804804854
2478,5650,2.45901319241,43.2483691193,4.78575225571,0.896245844612,98.6803263719
2479,5650,2.46004880052,43.2780967726,4.78496781817,0.896666281636,98.6801722122
2480,5650,2.46108463372,43.3078369443,4.78418315315,0.897086759695,98.6800180061
2481,5650,2.4621206919,43.3375896372,4.78339826068,0.897507278689,98.6798637538
2482,5650,2.46315697494,43.367354854,4.78261314082,0.897927838521,98.6797094551
2483,5650,2.46419348271,43.3971325974,4.78182779358,0.898348439092,98.67955511
2484,5650,2.46523021509,43.4269228701,4.781042219,0.898769080303,98.6794007185
2485,5650,2.46626717195,43.4567256748,4.78025641712,0.899189762056,98.6792462806
2486,5650,2.46730435317,43.4865410143,4.77947038798,0.899610484252,98.6790917963
2487,5650,2.46834175863,43.5163688912,4.7786841316,0.900031246793,98.6789372654
2488,5650,2.46937938819,43.5462093083,4.77789764803,0.90045204958,98.6787826881
2489,5650,2.47041724175,43.5760622683,4.7771109373,0.900872892514,98.6786280642
2490,5650,2.47145531917,43.6059277739,4.77632399944,0.901293775497,98.6784733937
2491,5650,2.47249362032,43.6358058277,4.77553683449,0.901714698428,98.6783186767
2492,5650,2.47353214509,43.6656964326,4.77474944248,0.90213566121,98.678163913
2493,5650,2.47457089335,43.6955995911,4.77396182345,0.902556663744,98.6780091027
2494,5650,2.47560986497,43.725515306,4.77317397744,0.902977705929,98.6778542457
2495,5650,2.47664905982,43.75544358,4.77238590448,0.903398787667,98.677699342
2496,5650,2.47768847779,43.7853844158,4.7715976046,0.903819908859,98.6775443916
2497,5650,2.47872811875,43.8153378161,4.77080907785,0.904241069406,98.6773893944
2498,5650,2.47976798257,43.8453037836,4.77002032426,0.904662269207,98.6772343505
2499,5650,2.48080806912,43.8752823209,4.76923134386,0.905083508164,98.6770792597
2500,5650,2.48184837828,43.9052734308,4.76844213669,0.905504786177,98.6769241221
2501,5650,2.48288890993,43.9352771159,4.76765270279,0.905926103146,98.6767689376
2502,5650,2.48392966393,43.965293379,4.7668630422,0.906347458972,98.6766137062
2503,5650,2.48497064017,43.9953222227,4.76607315494,0.906768853555,98.6764584279
2504,5650,2.48601183851,44.0253636497,4.76528304105,0.907190286795,98.6763031026
2505,5650,2.48705325882,44.0554176628,4.76449270058,0.907611758592,98.6761477304
2506,5650,2.48809490099,44.0854842645,4.76370213356,0.908033268847,98.6759923111
2507,5650,2.48913676488,44.1155634575,4.76291134003,0.908454817459,98.6758368448
2508,5650,2.49017885037,44.1456552446,4.76212032001,0.908876404329,98.6756813315
2509,5650,2.49122115733,44.1757596284,4.76132907356,0.909298029356,98.6755257711
2510,5650,2.49226368564,44.2058766116,4.7605376007,0.90971969244,98.6753701635
2511,5650,2.49330643515,44.2360061969,4.75974590147,0.910141393481,98.6752145088
2512,5650,2.49434940576,44.2661483869,4.75895397591,0.910563132378,98.6750588069
2513,5650,2.49539259733,44.2963031843,4.75816182406,0.910984909032,98.6749030579
2514,5650,2.49643600973,44.3264705918,4.75736944596,0.911406723341,98.6747472616
2515,5650,2.49747964283,44.3566506121,4.75657684163,0.911828575205,98.674591418
2516,5650,2.49852349651,44.3868432477,4.75578401113,0.912250464524,98.6744355272
2517,5650,2.49956757064,44.4170485015,4.75499095448,0.912672391197,98.6742795891
2518,5650,2.50061186509,44.447266376,4.75419767172,0.913094355124,98.6741236036
2519,5650,2.50165637972,44.4774968739,4.7534041629,0.913516356202,98.6739675707
2520,5650,2.50270111443,44.5077399979,4.75261042804,0.913938394333,98.6738114905
2521,5650,2.50374606906,44.5379957505,4.75181646719,0.914360469414,98.6736553628
2522,5650,2.5047912435,44.5682641346,4.75102228039,0.914782581345,98.6734991877
2523,5650,2.50583663762,44.5985451527,4.75022786766,0.915204730024,98.6733429652
2524,5650,2.50688225128,44.6288388076,4.74943322906,0.915626915351,98.6731866951
2525,5650,2.50792808436,44.6591451017,4.74863836462,0.916049137225,98.6730303775
2526,5650,2.50897413672,44.6894640379,4.74784327437,0.916471395544,98.6728740123
2527,5650,2.51002040825,44.7197956187,4.74704795836,0.916893690207,98.6727175996
2528,5650,2.5110668988,44.7501398468,4.74625241663,0.917316021113,98.6725611392
2529,5650,2.51211360825,44.7804967248,4.7454566492,0.91773838816,98.6724046312
2530,5650,2.51316053647,44.8108662555,4.74466065613,0.918160791246,98.6722480755
2531,5650,2.51420768333,44.8412484413,4.74386443744,0.918583230271,98.6720914722
2532,5650,2.5152550487,44.8716432851,4.74306799318,0.919005705133,98.6719348211
2533,5650,2.51630263244,44.9020507893,4.74227132339,0.919428215729,98.6717781222
2534,5650,2.51735043443,44.9324709567,4.7414744281,0.919850761958,98.6716213756
2535,5650,2.51839845454,44.9629037899,4.74067730736,0.920273343719,98.6714645812
2536,5650,2.51944669263,44.9933492915,4.7398799612,0.920695960909,98.671307739
2537,5650,2.52049514858,45.0238074642,4.73908238967,0.921118613427,98.6711508489
2538,5650,2.52154382225,45.0542783106,4.73828459279,0.92154130117,98.6709939109
2539,5650,2.52259271351,45.0847618333,4.73748657061,0.921964024036,98.670836925
2540,5650,2.52364182223,45.1152580349,4.73668832318,0.922386781924,98.6706798911
2541,5650,2.52469114828,45.1457669181,4.73588985052,0.922809574731,98.6705228093
2542,5650,2.52574069153,45.1762884855,4.73509115269,0.923232402355,98.6703656795
2543,5650,2.52679045185,45.2068227398,4.73429222971,0.923655264694,98.6702085016
2544,5650,2.5278404291,45.2373696835,4.73349308163,0.924078161645,98.6700512758
2545,5650,2.52889062315,45.2679293193,4.73269370848,0.924501093105,98.6698940018
2546,5650,2.52994103387,45.2985016497,4.73189411032,0.924924058973,98.6697366797
2547,5650,2.53099166113,45.3290866775,4.73109428717,0.925347059145,98.6695793095
2548,5650,2.53204250479,45.3596844052,4.73029423908,0.925770093519,98.6694218912
2549,5650,2.53309356472,45.3902948354,4.72949396609,0.926193161993,98.6692644246
2550,5650,2.53414484079,45.4209179708,4.72869346823,0.926616264463,98.6691069099
2551,5650,2.53519633287,45.451553814,4.72789274555,0.927039400827,98.6689493468
2552,5650,2.53624804083,45.4822023675,4.72709179809,0.927462570982,98.6687917356
2553,5650,2.53729996452,45.5128636341,4.72629062589,0.927885774824,98.668634076
2554,5650,2.53835210382,45.5435376162,4.72548922899,0.928309012251,98.6684763681
2555,5650,2.53940445859,45.5742243165,4.72468760743,0.92873228316,98.6683186119
2556,5650,2.54045702871,45.6049237376,4.72388576125,0.929155587448,98.6681608072
2557,5650,2.54150981402,45.6356358821,4.72308369048,0.929578925011,98.6680029542
2558,5650,2.54256281442,45.6663607526,4.72228139518,0.930002295746,98.6678450527
2559,5650,2.54361602975,45.6970983518,4.72147887539,0.93042569955,98.6676871028
2560,5650,2.54466945988,45.7278486821,4.72067613113,0.930849136319,98.6675291044
2561,5650,2.54572310468,45.7586117462,4.71987316246,0.93127260595,98.6673710575
2562,5650,2.54677696402,45.7893875467,4.71906996942,0.931696108339,98.667212962
2563,5650,2.54783103777,45.8201760862,4.71826655204,0.932119643383,98.6670548179
2564,5650,2.54888532577,45.8509773672,4.71746291037,0.932543210979,98.6668966253
2565,5650,2.54993982791,45.8817913924,4.71665904445,0.932966811021,98.666738384
2566,5650,2.55099454405,45.9126181644,4.71585495432,0.933390443408,98.6665800941
2567,5650,2.55204947404,45.9434576856,4.71505064003,0.933814108034,98.6664217555
2568,5650,2.55310461777,45.9743099588,4.7142461016,0.934237804795,98.6662633682
2569,5650,2.55415997508,46.0051749865,4.7134413391,0.934661533589,98.6661049322
2570,5650,2.55521554585,46.0360527713,4.71263635255,0.935085294311,98.6659464474
2571,5650,2.55627132994,46.0669433158,4.711831142,0.935509086856,98.6657879138
2572,5650,2.55732732722,46.0978466224,4.71102570749,0.935932911121,98.6656293314
2573,5650,2.55838353754,46.1287626939,4.71022004906,0.936356767001,98.6654707001
2574,5650,2.55943996078,46.1596915328,4.70941416676,0.936780654393,98.66531202
2575,5650,2.56049659679,46.1906331416,4.70860806063,0.937204573191,98.665153291
2576,5650,2.56155344544,46.221587523,4.7078017307,0.937628523291,98.6649945131
2577,5650,2.56261050659,46.2525546794,4.70699517703,0.938052504589,98.6648356862
2578,5650,2.56366778012,46.2835346136,4.70618839965,0.938476516981,98.6646768103
2579,5650,2.56472526587,46.3145273279,4.70538139861,0.938900560361,98.6645178855
2580,5650,2.56578296371,46.3455328251,4.70457417395,0.939324634626,98.6643589115
2581,5650,2.56684087352,46.3765511076,4.70376672572,0.939748739669,98.6641998886
2582,5650,2.56789899514,46.407582178,4.70295905394,0.940172875388,98.6640408165
2583,5650,2.56895732844,46.4386260389,4.70215115868,0.940597041676,98.6638816954
2584,5650,2.57001587329,46.4696826929,4.70134303996,0.941021238429,98.6637225251
2585,5650,2.57107462955,46.5007521424,4.70053469784,0.941445465541,98.6635633056
2586,5650,2.57213359707,46.5318343901,4.69972613236,0.941869722909,98.6634040369
2587,5650,2.57319277573,46.5629294385,4.69891734355,0.942294010426,98.663244719
2588,5650,2.57425216538,46.5940372902,4.69810833147,0.942718327988,98.6630853518
2589,5650,2.57531176589,46.6251579476,4.69729909615,0.943142675489,98.6629259354
2590,5650,2.57637157711,46.6562914134,4.69648963765,0.943567052824,98.6627664697
2591,5650,2.57743159892,46.6874376901,4.695679956,0.943991459887,98.6626069546
2592,5650,2.57849183116,46.7185967802,4.69487005124,0.944415896575,98.6624473902
2593,5650,2.57955227371,46.7497686863,4.69405992343,0.944840362779,98.6622877764
2594,5650,2.58061292642,46.780953411,4.6932495726,0.945264858397,98.6621281132
2595,5650,2.58167378916,46.8121509567,4.69243899879,0.945689383321,98.6619684005
2596,5650,2.58273486178,46.843361326,4.69162820206,0.946113937446,98.6618086384
2597,5650,2.58379614415,46.8745845214,4.69081718245,0.946538520666,98.6616488267
2598,5650,2.58485763612,46.9058205455,4.69000593999,0.946963132876,98.6614889656
2599,5650,2.58591933757,46.9370694008,4.68919447474,0.94738777397,98.6613290549
2600,5650,2.58698124834,46.9683310898,4.68838278674,0.947812443841,98.6611690946
2601,5650,2.5880433683,46.9996056151,4.68757087603,0.948237142385,98.6610090847
2602,5650,2.58910569731,47.0308929792,4.68675874266,0.948661869494,98.6608490252
2603,5650,2.59016823523,47.0621931846,4.68594638667,0.949086625063,98.6606889161
2604,5650,2.59123098192,47.0935062339,4.6851338081,0.949511408986,98.6605287572
2605,5650,2.59229393724,47.1248321295,4.68432100701,0.949936221156,98.6603685486
2606,5650,2.59335710104,47.156170874,4.68350798343,0.950361061468,98.6602082903
2607,5650,2.59442047319,47.1875224699,4.68269473741,0.950785929814,98.6600479823
2608,5650,2.59548405356,47.2188869197,4.68188126899,0.951210826089,98.6598876244
2609,5650,2.59654784198,47.2502642259,4.68106757823,0.951635750185,98.6597272167
2610,5650,2.59761183834,47.2816543912,4.68025366516,0.952060701998,98.6595667592
2611,5650,2.59867604248,47.3130574178,4.67943952983,0.952485681419,98.6594062518
2612,5650,2.59974045426,47.3444733085,4.67862517228,0.952910688342,98.6592456945
2613,5650,2.60080507354,47.3759020656,4.67781059257,0.953335722662,98.6590850872
2614,5650,2.60186990019,47.4073436917,4.67699579073,0.95376078427,98.6589244301
2615,5650,2.60293493405,47.4387981893,4.67618076681,0.95418587306,98.6587637229
2616,5650,2.604000175,47.4702655609,4.67536552086,0.954610988925,98.6586029657
2617,5650,2.60506562287,47.501745809,4.67455005292,0.955036131758,98.6584421585
2618,5650,2.60613127755,47.5332389361,4.67373436304,0.955461301453,98.6582813012
2619,5650,2.60719713887,47.5647449447,4.67291845126,0.955886497902,98.6581203938
2620,5650,2.6082632067,47.5962638373,4.67210231764,0.956311720998,98.6579594363
2621,5650,2.60932948091,47.6277956164,4.67128596221,0.956736970634,98.6577984287
2622,5650,2.61039596133,47.6593402844,4.67046938502,0.957162246703,98.6576373709
2623,5650,2.61146264784,47.690897844,4.66965258611,0.957587549097,98.6574762629
2624,5650,2.61252954029,47.7224682975,4.66883556554,0.958012877709,98.6573151047
2625,5650,2.61359663853,47.7540516475,4.66801832336,0.958438232432,98.6571538962
2626,5650,2.61466394243,47.7856478964,4.66720085959,0.958863613158,98.6569926374
2627,5650,2.61573145184,47.8172570467,4.6663831743,0.959289019779,98.6568313283
2628,5650,2.61679916662,47.8488791009,4.66556526753,0.959714452189,98.6566699689
2629,5650,2.61786708662,47.8805140616,4.66474713933,0.960139910279,98.6565085592
2630,5650,2.61893521169,47.9121619311,4.66392878974,0.960565393941,98.656347099
2631,5650,2.62000354171,47.9438227119,4.6631102188,0.960990903068,98.6561855885
2632,5650,2.62107207652,47.9754964066,4.66229142658,0.961416437553,98.6560240274
2633,5650,2.62214081598,48.0071830175,4.6614724131,0.961841997286,98.655862416
2634,5650,2.62320975994,48.0388825473,4.66065317843,0.962267582161,98.655700754
2635,5650,2.62427890826,48.0705949983,4.6598337226,0.962693192069,98.6555390415
2636,5650,2.6253482608,48.1023203729,4.65901404567,0.963118826901,98.6553772785
2637,5650,2.62641781741,48.1340586738,4.65819414768,0.963544486551,98.6552154648
2638,5650,2.62748757795,48.1658099033,4.65737402868,0.96397017091,98.6550536006
2639,5650,2.62855754226,48.1975740639,4.65655368871,0.964395879869,98.6548916858
2640,5650,2.62962771022,48.2293511581,4.65573312783,0.96482161332,98.6547297202
2641,5650,2.63069808167,48.2611411884,4.65491234608,0.965247371155,98.6545677041
2642,5650,2.63176865646,48.2929441571,4.6540913435,0.965673153266,98.6544056371
2643,5650,2.63283943446,48.3247600667,4.65327012016,0.966098959543,98.6542435195
2644,5650,2.63391041551,48.3565889198,4.65244867609,0.966524789879,98.6540813511
2645,5650,2.63498159948,48.3884307187,4.65162701134,0.966950644165,98.6539191319
2646,5650,2.63605298621,48.4202854659,4.65080512596,0.967376522291,98.6537568619
2647,5650,2.63712457556,48.4521531639,4.64998301999,0.96780242415,98.653594541
2648,5650,2.63819636738,48.484033815,4.6491606935,0.968228349633,98.6534321693
2649,5650,2.63926836153,48.5159274219,4.64833814652,0.96865429863,98.6532697466
2650,5650,2.64034055786,48.5478339868,4.6475153791,0.969080271033,98.6531072731
2651,5650,2.64141295622,48.5797535122,4.64669239129,0.969506266733,98.6529447486
2652,5650,2.64248555648,48.6116860007,4.64586918314,0.969932285621,98.6527821731
2653,5650,2.64355835847,48.6436314545,4.6450457547,0.970358327587,98.6526195466
2654,5650,2.64463136206,48.6755898762,4.64422210602,0.970784392523,98.652456869
2655,5650,2.6457045671,48.7075612682,4.64339823714,0.97121048032,98.6522941404
2656,5650,2.64677797344,48.7395456329,4.64257414812,0.971636590868,98.6521313608
2657,5650,2.64785158093,48.7715429728,4.641749839,0.972062724057,98.65196853
2658,5650,2.64892538943,48.8035532903,4.64092530983,0.972488879779,98.651805648
2659,5650,2.64999939879,48.8355765878,4.64010056066,0.972915057925,98.6516427149
2660,5650,2.65107360885,48.8676128677,4.63927559155,0.973341258383,98.6514797306
2661,5650,2.65214801949,48.8996621325,4.63845040253,0.973767481046,98.6513166951
2662,5650,2.65322263054,48.9317243846,4.63762499366,0.974193725803,98.6511536083
2663,5650,2.65429744185,48.9637996264,4.63679936499,0.974619992545,98.6509904703
2664,5650,2.65537245329,48.9958878603,4.63597351656,0.975046281162,98.6508272809
2665,5650,2.6564476647,49.0279890888,4.63514744843,0.975472591544,98.6506640403
2666,5650,2.65752307593,49.0601033142,4.63432116065,0.975898923582,98.6505007482
2667,5650,2.65859868684,49.0922305391,4.63349465327,0.976325277165,98.6503374048
2668,5650,2.65967449727,49.1243707657,4.63266792633,0.976751652184,98.65017401
2669,5650,2.66075050708,49.1565239965,4.63184097988,0.977178048528,98.6500105637
2670,5650,2.66182671612,49.188690234,4.63101381399,0.977604466088,98.649847066
2671,5650,2.66290312424,49.2208694804,4.63018642868,0.978030904753,98.6496835168
2672,5650,2.6639797313,49.2530617383,4.62935882403,0.978457364413,98.6495199161
2673,5650,2.66505653713,49.28526701,4.62853100006,0.978883844959,98.6493562638
2674,5650,2.66613354159,49.317485298,4.62770295685,0.979310346278,98.64919256
2675,5650,2.66721074454,49.3497166045,4.62687469443,0.979736868263,98.6490288045
2676,5650,2.66828814582,49.3819609321,4.62604621286,0.980163410801,98.6488649975
2677,5650,2.66936574528,49.4142182832,4.62521751218,0.980589973782,98.6487011388
2678,5650,2.67044354277,49.44648866,4.62438859245,0.981016557097,98.6485372284
2679,5650,2.67152153815,49.4787720651,4.62355945373,0.981443160633,98.6483732663
2680,5650,2.67259973126,49.5110685007,4.62273009605,0.981869784281,98.6482092525
2681,5650,2.67367812195,49.5433779694,4.62190051947,0.982296427931,98.6480451869
2682,5650,2.67475671008,49.5757004734,4.62107072404,0.98272309147,98.6478810695
2683,5650,2.67583549549,49.6080360152,4.62024070981,0.983149774789,98.6477169004
2684,5650,2.67691447802,49.6403845971,4.61941047684,0.983576477776,98.6475526793
2685,5650,2.67799365754,49.6727462216,4.61858002516,0.984003200321,98.6473884065
2686,5650,2.67907303389,49.705120891,4.61774935485,0.984429942312,98.6472240817
2687,5650,2.68015260691,49.7375086076,4.61691846594,0.984856703639,98.647059705
2688,5650,2.68123237646,49.769909374,4.61608735849,0.985283484191,98.6468952764
2689,5650,2.68231234239,49.8023231923,4.61525603255,0.985710283856,98.6467307958
2690,5650,2.68339250453,49.8347500651,4.61442448817,0.986137102522,98.6465662632
2691,5650,2.68447286276,49.8671899947,4.6135927254,0.98656394008,98.6464016786
2692,5650,2.6855534169,49.8996429834,4.6127607443,0.986990796417,98.6462370419
2693,5650,2.68663416681,49.9321090336,4.61192854491,0.987417671422,98.6460723532
2694,5650,2.68771511233,49.9645881477,4.61109612729,0.987844564984,98.6459076123
2695,5650,2.68879625332,49.9970803281,4.61026349149,0.988271476992,98.6457428194
2696,5650,2.68987758963,50.0295855771,4.60943063756,0.988698407332,98.6455779742
2697,5650,2.69095912109,50.062103897,4.60859756555,0.989125355895,98.6454130769
2698,5650,2.69204084756,50.0946352902,4.60776427552,0.989552322568,98.6452481274
2699,5650,2.69312276888,50.1271797592,4.60693076752,0.98997930724,98.6450831256
2700,5650,2.6942048849,50.1597373062,4.6060970416,0.990406309798,98.6449180716
2701,5650,2.69528719547,50.1923079335,4.60526309782,0.990833330132,98.6447529652
2702,5650,2.69636970044,50.2248916436,4.60442893622,0.991260368129,98.6445878066
2703,5650,2.69745239965,50.2574884388,4.60359455685,0.991687423677,98.6444225956
2704,5650,2.69853529295,50.2900983214,4.60275995978,0.992114496664,98.6442573323
2705,5650,2.69961838019,50.3227212938,4.60192514505,0.992541586979,98.6440920165
2706,5650,2.7007016612,50.3553573584,4.60109011272,0.992968694508,98.6439266483
2707,5650,2.70178513585,50.3880065173,4.60025486284,0.99339581914,98.6437612277
2708,5650,2.70286880396,50.4206687731,4.59941939546,0.993822960763,98.6435957546
2709,5650,2.7039526654,50.4533441281,4.59858371064,0.994250119265,98.643430229
2710,5650,2.70503672001,50.4860325845,4.59774780842,0.994677294532,98.6432646508
2711,5650,2.70612096762,50.5187341447,4.59691168887,0.995104486453,98.6430990201
2712,5650,2.7072054081,50.551448811,4.59607535203,0.995531694915,98.6429333369
2713,5650,2.70829004127,50.5841765859,4.59523879796,0.995958919806,98.642767601
2714,5650,2.709374867,50.6169174715,4.59440202671,0.996386161013,98.6426018124
2715,5650,2.71045988512,50.6496714703,4.59356503834,0.996813418424,98.6424359713
2716,5650,2.71154509548,50.6824385845,4.5927278329,0.997240691926,98.6422700774
2717,5650,2.71263049792,50.7152188164,4.59189041044,0.997667981405,98.6421041308
2718,5650,2.71371609229,50.7480121685,4.59105277101,0.998095286751,98.6419381314
2719,5650,2.71480187843,50.780818643,4.59021491468,0.998522607848,98.6417720793
2720,5650,2.71588785619,50.8136382422,4.5893768415,0.998949944586,98.6416059744
2721,5650,2.71697402541,50.8464709685,4.58853855151,0.99937729685,98.6414398167
2722,5650,2.71806038594,50.8793168241,4.58770004477,0.999804664528,98.6412736061
2723,5650,2.71914693762,50.9121758114,4.58686132134,1.00023204751,98.6411073427
2724,5650,2.72023368029,50.9450479327,4.58602238128,1.00065944567,98.6409410263
2725,5650,2.72132061381,50.9779331902,4.58518322462,1.00108685891,98.640774657
2726,5650,2.722407738,51.0108315863,4.58434385144,1.00151428712,98.6406082348
2727,5650,2.72349505272,51.0437431234,4.58350426179,1.00194173017,98.6404417596
2728,5650,2.72458255781,51.0766678036,4.58266445571,1.00236918795,98.6402752313
2729,5650,2.72567025312,51.1096056294,4.58182443327,1.00279666036,98.6401086501
2730,5650,2.72675813848,51.1425566029,4.58098419451,1.00322414727,98.6399420157
2731,5650,2.72784621374,51.1755207265,4.5801437395,1.00365164858,98.6397753283
2732,5650,2.72893447874,51.2084980025,4.57930306829,1.00407916417,98.6396085878
2733,5650,2.73002293333,51.2414884332,4.57846218093,1.00450669392,98.6394417941
2734,5650,2.73111157735,51.2744920209,4.57762107748,1.00493423773,98.6392749473
2735,5650,2.73220041063,51.3075087678,4.576779758,1.00536179548,98.6391080473
2736,5650,2.73328943304,51.3405386762,4.57593822253,1.00578936706,98.638941094
2737,5650,2.73437864439,51.3735817485,4.57509647114,1.00621695235,98.6387740875
2738,5650,2.73546804455,51.4066379869,4.57425450388,1.00664455123,98.6386070277
2739,5650,2.73655763334,51.4397073937,4.5734123208,1.0070721636,98.6384399147
2740,5650,2.73764741062,51.4727899712,4.57256992197,1.00749978934,98.6382727483
2741,5650,2.73873737622,51.5058857216,4.57172730743,1.00792742834,98.6381055285
2742,5650,2.73982752999,51.5389946472,4.57088447725,1.00835508048,98.6379382554
2743,5650,2.74091787176,51.5721167504,4.57004143147,1.00878274565,98.6377709289
2744,5650,2.74200840138,51.6052520333,4.56919817016,1.00921042373,98.6376035489
2745,5650,2.7430991187,51.6384004982,4.56835469336,1.00963811462,98.6374361155
2746,5650,2.74419002354,51.6715621475,4.56751100115,1.01006581819,98.6372686286
2747,5650,2.74528111576,51.7047369833,4.56666709356,1.01049353433,98.6371010881
2748,5650,2.74637239519,51.7379250079,4.56582297067,1.01092126292,98.6369334942
2749,5650,2.74746386167,51.7711262237,4.56497863252,1.01134900386,98.6367658467
2750,5650,2.74855551505,51.8043406328,4.56413407917,1.01177675703,98.6365981455
2751,5650,2.74964735517,51.8375682375,4.56328931068,1.01220452231,98.6364303908
2752,5650,2.75073938186,51.8708090401,4.5624443271,1.01263229959,98.6362625824
2753,5650,2.75183159497,51.9040630429,4.5615991285,1.01306008875,98.6360947204
2754,5650,2.75292399433,51.937330248,4.56075371492,1.01348788969,98.6359268047
2755,5650,2.75401657979,51.9706106577,4.55990808643,1.01391570227,98.6357588352
2756,5650,2.75510935119,52.0039042743,4.55906224307,1.0143435264,98.635590812
2757,5650,2.75620230836,52.0372111,4.55821618492,1.01477136195,98.635422735
2758,5650,2.75729545115,52.0705311371,4.55736991202,1.01519920882,98.6352546042
2759,5650,2.7583887794,52.1038643878,4.55652342444,1.01562706687,98.6350864196
2760,5650,2.75948229294,52.1372108544,4.55567672222,1.01605493601,98.6349181811
2761,5650,2.76057599161,52.170570539,4.55482980543,1.01648281611,98.6347498888
2762,5650,2.76166987526,52.203943444,4.55398267413,1.01691070707,98.6345815425
2763,5650,2.76276394372,52.2373295715,4.55313532837,1.01733860875,98.6344131423
2764,5650,2.76385819683,52.2707289239,4.55228776821,1.01776652106,98.6342446882
2765,5650,2.76495263444,52.3041415032,4.5514399937,1.01819444387,98.63407618
2766,5650,2.76604725637,52.3375673118,4.55059200491,1.01862237707,98.6339076179
2767,5650,2.76714206247,52.3710063519,4.54974380189,1.01905032054,98.6337390017
2768,5650,2.76823705257,52.4044586257,4.5488953847,1.01947827417,98.6335703314
2769,5650,2.76933222652,52.4379241354,4.5480467534,1.01990623784,98.6334016071
2770,5650,2.77042758415,52.4714028832,4.54719790805,1.02033421144,98.6332328286
2771,5650,2.7715231253,52.5048948715,4.5463488487,1.02076219486,98.633063996
2772,5650,2.77261884981,52.5384001023,4.54549957541,1.02119018796,98.6328951092
2773,5650,2.77371475752,52.5719185779,4.54465008825,1.02161819065,98.6327261682
2774,5650,2.77481084826,52.6054503005,4.54380038726,1.0220462028,98.632557173
2775,5650,2.77590712187,52.6389952724,4.54295047251,1.0224742243,98.6323881236
2776,5650,2.77700357819,52.6725534957,4.54210034406,1.02290225503,98.6322190198
2777,5650,2.77810021705,52.7061249726,4.54125000196,1.02333029488,98.6320498618
2778,5650,2.7791970383,52.7397097054,4.54039944627,1.02375834372,98.6318806494
2779,5650,2.78029404177,52.7733076962,4.53954867706,1.02418640146,98.6317113827
2780,5650,2.78139122729,52.8069189473,4.53869769437,1.02461446796,98.6315420616
2781,5650,2.78248859471,52.8405434608,4.53784649828,1.02504254311,98.6313726861
2782,5650,2.78358614386,52.874181239,4.53699508883,1.0254706268,98.6312032562
2783,5650,2.78468387457,52.907832284,4.5361434661,1.02589871891,98.6310337718
2784,5650,2.78578178669,52.941496598,4.53529163012,1.02632681933,98.6308642329
2785,5650,2.78687988005,52.9751741833,4.53443958098,1.02675492793,98.6306946395
2786,5650,2.78797815448,53.008865042,4.53358731872,1.0271830446,98.6305249916
2787,5650,2.78907660983,53.0425691763,4.5327348434,1.02761116923,98.6303552891
2788,5650,2.79017524592,53.0762865884,4.53188215509,1.02803930169,98.630185532
2789,5650,2.79127406259,53.1100172805,4.53102925384,1.02846744188,98.6300157203
2790,5650,2.79237305969,53.1437612548,4.53017613972,1.02889558967,98.6298458539
2791,5650,2.79347223703,53.1775185133,4.52932281278,1.02932374495,98.6296759329
2792,5650,2.79457159447,53.2112890584,4.52846927308,1.0297519076,98.6295059572
2793,5650,2.79567113183,53.2450728922,4.52761552068,1.03018007751,98.6293359268
2794,5650,2.79677084896,53.2788700168,4.52676155565,1.03060825456,98.6291658416
2795,5650,2.79787074567,53.3126804345,4.52590737804,1.03103643862,98.6289957016
2796,5650,2.79897082182,53.3465041474,4.52505298791,1.03146462959,98.6288255068
2797,5650,2.80007107723,53.3803411576,4.52419838532,1.03189282735,98.6286552573
2798,5650,2.80117151174,53.4141914674,4.52334357034,1.03232103178,98.6284849528
2799,5650,2.80227212519,53.4480550789,4.52248854301,1.03274924276,98.6283145935
2800,5650,2.8033729174,53.4819319943,4.52163330342,1.03317746018,98.6281441793
2801,5650,2.80447388821,53.5158222157,4.52077785161,1.03360568392,98.6279737101
2802,5650,2.80557503747,53.5497257453,4.51992218764,1.03403391386,98.627803186
2803,5650,2.80667636499,53.5836425852,4.51906631157,1.03446214989,98.6276326069
2804,5650,2.80777787061,53.6175727376,4.51821022348,1.03489039189,98.6274619728
2805,5650,2.80887955418,53.6515162046,4.51735392341,1.03531863973,98.6272912836
2806,5650,2.80998141551,53.6854729884,4.51649741143,1.03574689331,98.6271205394
2807,5650,2.81108345445,53.7194430912,4.51564068759,1.0361751525,98.6269497401
2808,5650,2.81218567083,53.753426515,4.51478375197,1.03660341719,98.6267788857
2809,5650,2.81328806448,53.7874232621,4.51392660462,1.03703168726,98.6266079761
2810,5650,2.81439063523,53.8214333346,4.5130692456,1.0374599626,98.6264370114
2811,5650,2.81549338293,53.8554567346,4.51221167497,1.03788824308,98.6262659915
2812,5650,2.81659630739,53.8894934642,4.5113538928,1.03831652859,98.6260949163
2813,5650,2.81769940846,53.9235435256,4.51049589915,1.03874481901,98.6259237859
2814,5650,2.81880268596,53.9576069209,4.50963769407,1.03917311422,98.6257526003
2815,5650,2.81990613973,53.9916836522,4.50877927763,1.0396014141,98.6255813593
2816,5650,2.8210097696,54.0257737218,4.50792064989,1.04002971854,98.625410063
2817,5650,2.8221135754,54.0598771316,4.50706181092,1.04045802743,98.6252387114
2818,5650,2.82321755697,54.0939938839,4.50620276077,1.04088634063,98.6250673044
2819,5650,2.82432171414,54.1281239807,4.50534349951,1.04131465803,98.624895842
2820,5650,2.82542604674,54.1622674243,4.5044840272,1.04174297952,98.6247243241
2821,5650,2.82653055459,54.1964242166,4.50362434389,1.04217130497,98.6245527508
2822,5650,2.82763523754,54.2305943598,4.50276444966,1.04259963428,98.6243811221
2823,5650,2.82874009541,54.264777856,4.50190434457,1.04302796731,98.6242094378
2824,5650,2.82984512804,54.2989747074,4.50104402867,1.04345630396,98.624037698
2825,5650,2.83095033526,54.333184916,4.50018350203,1.0438846441,98.6238659026
2826,5650,2.83205571689,54.367408484,4.49932276472,1.04431298761,98.6236940516
2827,5650,2.83316127277,54.4016454135,4.49846181679,1.04474133438,98.6235221451
2828,5650,2.83426700273,54.4358957065,4.49760065831,1.04516968429,98.6233501828
2829,5650,2.8353729066,54.4701593652,4.49673928933,1.04559803722,98.623178165
2830,5650,2.83647898421,54.5044363917,4.49587770993,1.04602639306,98.6230060914
2831,5650,2.83758523539,54.5387267881,4.49501592017,1.04645475167,98.6228339621
2832,5650,2.83869165997,54.5730305564,4.49415392011,1.04688311295,98.6226617771
2833,5650,2.83979825779,54.6073476988,4.49329170981,1.04731147677,98.6224895363
2834,5650,2.84090502867,54.6416782174,4.49242928933,1.04773984302,98.6223172397
2835,5650,2.84201197244,54.6760221142,4.49156665874,1.04816821158,98.6221448873
2836,5650,2.84311908893,54.7103793914,4.4907038181,1.04859658233,98.6219724791
2837,5650,2.84422637797,54.744750051,4.48984076748,1.04902495515,98.621800015
2838,5650,2.8453338394,54.7791340951,4.48897750694,1.04945332992,98.621627495
2839,5650,2.84644147303,54.8135315258,4.48811403654,1.04988170652,98.621454919
2840,5650,2.84754927871,54.8479423451,4.48725035634,1.05031008484,98.6212822871
2841,5650,2.84865725625,54.8823665553,4.48638646641,1.05073846475,98.6211095993
2842,5650,2.8497654055,54.9168041582,4.48552236682,1.05116684613,98.6209368554
2843,5650,2.85087372627,54.951255156,4.48465805762,1.05159522887,98.6207640555
2844,5650,2.8519822184,54.9857195509,4.48379353889,1.05202361285,98.6205911995
2845,5650,2.85309088171,55.0201973447,4.48292881068,1.05245199795,98.6204182875
2846,5650,2.85419971604,55.0546885397,4.48206387306,1.05288038404,98.6202453194
2847,5650,2.85530872121,55.0891931379,4.48119872609,1.05330877101,98.6200722951
2848,5650,2.85641789705,55.1237111413,4.48033336983,1.05373715875,98.6198992147
2849,5650,2.85752724339,55.158242552,4.47946780436,1.05416554712,98.6197260781
2850,5650,2.85863676006,55.1927873721,4.47860202974,1.05459393601,98.6195528853
2851,5650,2.85974644688,55.2273456036,4.47773604602,1.05502232531,98.6193796362
2852,5650,2.86085630369,55.2619172485,4.47686985328,1.05545071488,98.6192063309
2853,5650,2.8619663303,55.296502309,4.47600345158,1.05587910462,98.6190329693
2854,5650,2.86307652656,55.3311007871,4.47513684099,1.0563074944,98.6188595514
2855,5650,2.86418689228,55.3657126848,4.47427002156,1.05673588411,98.6186860771
2856,5650,2.8652974273,55.4003380042,4.47340299337,1.05716427361,98.6185125465
2857,5650,2.86640813144,55.4349767474,4.47253575648,1.0575926628,98.6183389595
2858,5650,2.86751900452,55.4696289163,4.47166831095,1.05802105155,98.618165316
2859,5650,2.86863004639,55.504294513,4.47080065685,1.05844943975,98.6179916161
2860,5650,2.86974125685,55.5389735395,4.46993279424,1.05887782727,98.6178178598
2861,5650,2.87085263574,55.5736659979,4.46906472319,1.05930621399,98.617644047
2862,5650,2.87196418289,55.6083718903,4.46819644377,1.05973459979,98.6174701776
2863,5650,2.87307589812,55.6430912186,4.46732795604,1.06016298456,98.6172962517
2864,5650,2.87418778126,55.6778239848,4.46645926006,1.06059136817,98.6171222692
2865,5650,2.87529983214,55.7125701911,4.46559035591,1.06101975051,98.6169482301
2866,5650,2.87641205058,55.7473298395,4.46472124364,1.06144813144,98.6167741344
2867,5650,2.8775244364,55.7821029318,4.46385192332,1.06187651086,98.6165999821
2868,5650,2.87863698944,55.8168894703,4.46298239502,1.06230488864,98.616425773
2869,5650,2.87974970951,55.8516894569,4.46211265881,1.06273326467,98.6162515073
2870,5650,2.88086259646,55.8865028936,4.46124271475,1.06316163881,98.6160771848
2871,5650,2.88197565009,55.9213297824,4.4603725629,1.06359001096,98.6159028056
2872,5650,2.88308887024,55.9561701254,4.45950220334,1.06401838098,98.6157283696
2873,5650,2.88420225673,55.9910239245,4.45863163613,1.06444674877,98.6155538768
2874,5650,2.88531580939,56.0258911818,4.45776086133,1.06487511419,98.6153793272
2875,5650,2.88642952804,56.0607718993,4.45688987901,1.06530347714,98.6152047207
2876,5650,2.8875434125,56.095666079,4.45601868924,1.06573183748,98.6150300573
2877,5650,2.88865746261,56.1305737229,4.45514729208,1.0661601951,98.614855337
2878,5650,2.88977167818,56.1654948329,4.45427568761,1.06658854987,98.6146805598
2879,5650,2.89088605905,56.2004294111,4.45340387588,1.06701690168,98.6145057256
2880,5650,2.89200060503,56.2353774596,4.45253185697,1.06744525041,98.6143308344
2881,5650,2.89311531595,56.2703389802,4.45165963093,1.06787359593,98.6141558863
2882,5650,2.89423019164,56.3053139749,4.45078719785,1.06830193812,98.613980881
2883,5650,2.89534523191,56.3403024459,4.44991455778,1.06873027687,98.6138058187
2884,5650,2.8964604366,56.3753043949,4.4490417108,1.06915861204,98.6136306994
2885,5650,2.89757580552,56.4103198241,4.44816865696,1.06958694353,98.6134555229
2886,5650,2.89869133851,56.4453487355,4.44729539634,1.07001527121,98.6132802892
2887,5650,2.89980703538,56.4803911309,4.446421929,1.07044359495,98.6131049984
2888,5650,2.90092289595,56.5154470124,4.44554825502,1.07087191464,98.6129296504
2889,5650,2.90203892006,56.550516382,4.44467437445,1.07130023015,98.6127542452
2890,5650,2.90315510752,56.5855992416,4.44380028737,1.07172854137,98.6125787828
2891,5650,2.90427145816,56.6206955932,4.44292599385,1.07215684817,98.612403263
2892,5650,2.9053879718,56.6558054388,4.44205149394,1.07258515044,98.612227686
2893,5650,2.90650464826,56.6909287803,4.44117678773,1.07301344804,98.6120520517
2894,5650,2.90762148737,56.7260656198,4.44030187527,1.07344174086,98.61187636
2895,5650,2.90873848895,56.7612159591,4.43942675664,1.07387002878,98.6117006109
2896,5650,2.90985565282,56.7963798003,4.4385514319,1.07429831167,98.6115248044
2897,5650,2.9109729788,56.8315571453,4.43767590112,1.07472658942,98.6113489405
2898,5650,2.91209046672,56.866747996,4.43680016437,1.0751548619,98.6111730192
2899,5650,2.9132081164,56.9019523545,4.43592422172,1.07558312899,98.6109970403
2900,5650,2.91432592766,56.9371702226,4.43504807324,1.07601139057,98.610821004
2901,5650,2.91544390033,56.9724016023,4.43417171899,1.07643964651,98.6106449101
2902,5650,2.91656203422,57.0076464956,4.43329515904,1.0768678967,98.6104687587
2903,5650,2.91768032915,57.0429049045,4.43241839347,1.07729614102,98.6102925497
2904,5650,2.91879878495,57.0781768308,4.43154142233,1.07772437933,98.6101162831
2905,5650,2.91991740145,57.1134622765,4.4306642457,1.07815261153,98.6099399589
2906,5650,2.92103617845,57.1487612436,4.42978686365,1.07858083748,98.609763577
2907,5650,2.92215511579,57.1840737339,4.42890927625,1.07900905707,98.6095871374
2908,5650,2.92327421328,57.2193997495,4.42803148357,1.07943727017,98.6094106402
2909,5650,2.92439347075,57.2547392922,4.42715348566,1.07986547666,98.6092340852
2910,5650,2.92551288801,57.2900923641,4.42627528262,1.08029367643,98.6090574724
2911,5650,2.92663246489,57.3254589669,4.42539687449,1.08072186934,98.6088808018
2912,5650,2.9277522012,57.3608391027,4.42451826136,1.08115005527,98.6087040734
2913,5650,2.92887209678,57.3962327734,4.42363944328,1.08157823411,98.6085272872
2914,5650,2.92999215143,57.4316399809,4.42276042034,1.08200640573,98.6083504432
2915,5650,2.93111236498,57.4670607271,4.4218811926,1.08243457,98.6081735412
2916,5650,2.93223273725,57.502495014,4.42100176013,1.08286272681,98.6079965813
2917,5650,2.93335326806,57.5379428434,4.420122123,1.08329087604,98.6078195635
2918,5650,2.93447395722,57.5734042172,4.41924228128,1.08371901755,98.6076424877
2919,5650,2.93559480457,57.6088791375,4.41836223504,1.08414715123,98.607465354
2920,5650,2.93671580991,57.6443676061,4.41748198434,1.08457527696,98.6072881622
2921,5650,2.93783697308,57.6798696249,4.41660152927,1.08500339461,98.6071109123
2922,5650,2.93895829388,57.7153851957,4.41572086988,1.08543150406,98.6069336044
2923,5650,2.94007977214,57.7509143207,4.41484000625,1.08585960519,98.6067562384
2924,5650,2.94120140767,57.7864570015,4.41395893846,1.08628769788,98.6065788143
2925,5650,2.9423232003,57.8220132401,4.41307766656,1.08671578199,98.6064013321
2926,5650,2.94344514985,57.8575830385,4.41219619063,1.08714385742,98.6062237916
2927,5650,2.94456725613,57.8931663985,4.41131451074,1.08757192403,98.606046193
2928,5650,2.94568951896,57.9287633219,4.41043262697,1.0879999817,98.6058685362
2929,5650,2.94681193816,57.9643738108,4.40955053937,1.08842803032,98.6056908211
2930,5650,2.94793451356,57.999997867,4.40866824803,1.08885606975,98.6055130477
2931,5650,2.94905724496,58.0356354923,4.40778575301,1.08928409988,98.605335216
2932,5650,2.95018013219,58.0712866887,4.40690305438,1.08971212058,98.605157326
2933,5650,2.95130317506,58.106951458,4.40602015222,1.09014013173,98.6049793777
2934,5650,2.95242637339,58.1426298022,4.4051370466,1.0905681332,98.604801371
2935,5650,2.95354972701,58.178321723,4.40425373758,1.09099612488,98.6046233058
2936,5650,2.95467323573,58.2140272224,4.40337022524,1.09142410663,98.6044451823
2937,5650,2.95579689936,58.2497463023,4.40248650964,1.09185207834,98.6042670003
2938,5650,2.95692071773,58.2854789645,4.40160259087,1.09228003989,98.6040887598
2939,5650,2.95804469065,58.3212252109,4.40071846899,1.09270799114,98.6039104608
2940,5650,2.95916881794,58.3569850433,4.39983414407,1.09313593198,98.6037321033
2941,5650,2.96029309941,58.3927584636,4.39894961619,1.09356386228,98.6035536872
2942,5650,2.96141753489,58.4285454738,4.39806488542,1.09399178192,98.6033752126
2943,5650,2.96254212419,58.4643460755,4.39717995182,1.09441969077,98.6031966793
2944,5650,2.96366686713,58.5001602708,4.39629481547,1.09484758872,98.6030180875
2945,5650,2.96479176352,58.5359880614,4.39540947644,1.09527547563,98.6028394369
2946,5650,2.96591681319,58.5718294492,4.39452393481,1.09570335139,98.6026607277
2947,5650,2.96704201594,58.6076844361,4.39363819064,1.09613121587,98.6024819597
2948,5650,2.9681673716,58.6435530239,4.392752244,1.09655906895,98.6023031331
2949,5650,2.96929287998,58.6794352145,4.39186609498,1.0969869105,98.6021242476
2950,5650,2.97041854089,58.7153310096,4.39097974364,1.0974147404,98.6019453034
2951,5650,2.97154435416,58.7512404112,4.39009319006,1.09784255853,98.6017663004
2952,5650,2.9726703196,58.7871634211,4.3892064343,1.09827036476,98.6015872385
2953,5650,2.97379643702,58.8231000411,4.38831947643,1.09869815896,98.6014081178
2954,5650,2.97492270625,58.8590502731,4.38743231654,1.09912594102,98.6012289382
2955,5650,2.97604912709,58.8950141189,4.3865449547,1.09955371082,98.6010496997
2956,5650,2.97717569937,58.9309915802,4.38565739097,1.09998146821,98.6008704022
2957,5650,2.97830242289,58.9669826591,4.38476962543,1.1004092131,98.6006910458
2958,5650,2.97942929748,59.0029873572,4.38388165815,1.10083694533,98.6005116304
2959,5650,2.98055632294,59.0390056764,4.38299348921,1.10126466481,98.600332156
2960,5650,2.9816834991,59.0750376185,4.38210511867,1.10169237139,98.6001526225
2961,5650,2.98281082577,59.1110831854,4.38121654662,1.10212006496,98.5999730299
2962,5650,2.98393830276,59.1471423789,4.38032777312,1.10254774539,98.5997933783
2963,5650,2.98506592989,59.1832152007,4.37943879825,1.10297541256,98.5996136676
2964,5650,2.98619370697,59.2193016527,4.37854962208,1.10340306634,98.5994338977
2965,5650,2.98732163382,59.2554017368,4.37766024468,1.10383070661,98.5992540686
2966,5650,2.98844971025,59.2915154546,4.37677066613,1.10425833324,98.5990741804
2967,5650,2.98957793608,59.3276428081,4.3758808865,1.10468594612,98.5988942329
2968,5650,2.99070631112,59.363783799,4.37499090587,1.10511354511,98.5987142262
2969,5650,2.99183483519,59.3999384291,4.3741007243,1.10554113009,98.5985341602
2970,5650,2.99296350809,59.4361067003,4.37321034188,1.10596870093,98.598354035
2971,5650,2.99409232964,59.4722886142,4.37231975867,1.10639625752,98.5981738504
2972,5650,2.99522129966,59.5084841728,4.37142897475,1.10682379973,98.5979936064
2973,5650,2.99635041797,59.5446933779,4.3705379902,1.10725132742,98.5978133031
2974,5650,2.99747968436,59.5809162311,4.36964680508,1.10767884049,98.5976329404
2975,5650,2.99860909866,59.6171527343,4.36875541947,1.1081063388,98.5974525183
2976,5650,2.99973866068,59.6534028893,4.36786383346,1.10853382222,98.5972720367
2977,5650,3.00086837024,59.6896666979,4.3669720471,1.10896129065,98.5970914956
2978,5650,3.00199822714,59.7259441618,4.36608006047,1.10938874393,98.5969108951
2979,5650,3.0031282312,59.7622352828,4.36518787366,1.10981618197,98.596730235
2980,5650,3.00425838224,59.7985400628,4.36429548673,1.11024360462,98.5965495154
2981,5650,3.00538868005,59.8348585034,4.36340289976,1.11067101177,98.5963687362
2982,5650,3.00651912447,59.8711906065,4.36251011282,1.11109840328,98.5961878974
2983,5650,3.0076497153,59.9075363738,4.36161712599,1.11152577904,98.596006999
2984,5650,3.00878045235,59.9438958071,4.36072393934,1.11195313892,98.5958260409
2985,5650,3.00991133543,59.9802689081,4.35983055295,1.11238048279,98.5956450232
2986,5650,3.01104236436,60.0166556787,4.35893696689,1.11280781053,98.5954639457
2987,5650,3.01217353895,60.0530561206,4.35804318124,1.11323512202,98.5952828085
2988,5650,3.01330485901,60.0894702355,4.35714919607,1.11366241712,98.5951016116
2989,5650,3.01443632436,60.1258980252,4.35625501146,1.11408969571,98.5949203549
2990,5650,3.01556793479,60.1623394914,4.35536062748,1.11451695768,98.5947390384
2991,5650,3.01669969014,60.198794636,4.35446604421,1.11494420288,98.594557662
2992,5650,3.0178315902,60.2352634606,4.35357126172,1.11537143121,98.5943762258
2993,5650,3.01896363479,60.2717459671,4.3526762801,1.11579864252,98.5941947298
2994,5650,3.02009582372,60.308242157,4.35178109941,1.1162258367,98.5940131738
2995,5650,3.02122815681,60.3447520323,4.35088571972,1.11665301363,98.5938315579
2996,5650,3.02236063385,60.3812755947,4.34999014113,1.11708017316,98.593649882
2997,5650,3.02349325467,60.4178128458,4.3490943637,1.11750731519,98.5934681462
2998,5650,3.02462601908,60.4543637874,4.3481983875,1.11793443958,98.5932863503
2999,5650,3.02575892688,60.4909284212,4.34730221262,1.11836154622,98.5931044944
3000,5650,3.02689197788,60.5275067491,4.34640583913,1.11878863496,98.5929225785
3001,5650,3.0280251719,60.5640987726,4.3455092671,1.11921570569,98.5927406025
3002,5650,3.02915850875,60.6007044936,4.34461249662,1.11964275829,98.5925585663
3003,5650,3.03029198823,60.6373239137,4.34371552776,1.12006979262,98.5923764701
3004,5650,3.03142561016,60.6739570347,4.34281836059,1.12049680856,98.5921943137
3005,5650,3.03255937435,60.7106038584,4.34192099519,1.12092380598,98.5920120971
3006,5650,3.03369328061,60.7472643863,4.34102343164,1.12135078476,98.5918298202
3007,5650,3.03482732874,60.7839386203,4.34012567001,1.12177774478,98.5916474832
3008,5650,3.03596151856,60.820626562,4.33922771039,1.1222046859,98.5914650859
3009,5650,3.03709584987,60.8573282133,4.33832955284,1.12263160801,98.5912826283
3010,5650,3.0382303225,60.8940435756,4.33743119744,1.12305851097,98.5911001104
3011,5650,3.03936493623,60.9307726509,4.33653264428,1.12348539466,98.5909175322
3012,5650,3.04049969089,60.9675154407,4.33563389343,1.12391225895,98.5907348936
3013,5650,3.04163458629,61.0042719469,4.33473494496,1.12433910371,98.5905521946
3014,5650,3.04276962222,61.041042171,4.33383579895,1.12476592883,98.5903694352
3015,5650,3.04390479851,61.0778261148,4.33293645549,1.12519273418,98.5901866154
3016,5650,3.04504011496,61.1146237799,4.33203691464,1.12561951962,98.5900037351
3017,5650,3.04617557138,61.1514351682,4.33113717648,1.12604628503,98.5898207943
3018,5650,3.04731116757,61.1882602812,4.33023724109,1.12647303029,98.589637793
3019,5650,3.04844690335,61.2250991207,4.32933710856,1.12689975527,98.5894547312
3020,5650,3.04958277853,61.2619516883,4.32843677895,1.12732645984,98.5892716088
3021,5650,3.05071879291,61.2988179857,4.32753625234,1.12775314388,98.5890884258
3022,5650,3.0518549463,61.3356980146,4.32663552882,1.12817980726,98.5889051823
3023,5650,3.05299123851,61.3725917767,4.32573460845,1.12860644986,98.588721878
3024,5650,3.05412766935,61.4094992737,4.32483349133,1.12903307154,98.5885385131
3025,5650,3.05526423862,61.4464205071,4.32393217751,1.12945967219,98.5883550876
3026,5650,3.05640094613,61.4833554788,4.3230306671,1.12988625166,98.5881716013
3027,5650,3.0575377917,61.5203041904,4.32212896015,1.13031280985,98.5879880542
3028,5650,3.05867477512,61.5572666435,4.32122705675,1.13073934662,98.5878044465
3029,5650,3.05981189621,61.5942428398,4.32032495698,1.13116586184,98.5876207779
3030,5650,3.06094915477,61.631232781,4.31942266092,1.13159235539,98.5874370485
3031,5650,3.06208655061,61.6682364687,4.31852016864,1.13201882715,98.5872532582
3032,5650,3.06322408354,61.7052539046,4.31761748022,1.13244527698,98.5870694071
3033,5650,3.06436175336,61.7422850903,4.31671459574,1.13287170475,98.5868854951
3034,5650,3.06549955989,61.7793300276,4.31581151529,1.13329811035,98.5867015222
3035,5650,3.06663750292,61.8163887179,4.31490823893,1.13372449365,98.5865174884
3036,5650,3.06777558226,61.8534611631,4.31400476675,1.13415085451,98.5863333936
3037,5650,3.06891379773,61.8905473647,4.31310109883,1.13457719281,98.5861492378
3038,5650,3.07005214912,61.9276473244,4.31219723524,1.13500350842,98.5859650209
3039,5650,3.07119063625,61.9647610439,4.31129317606,1.13542980123,98.5857807431
3040,5650,3.07232925891,62.0018885247,4.31038892138,1.13585607109,98.5855964041
3041,5650,3.07346801692,62.0390297685,4.30948447127,1.13628231789,98.5854120041
3042,5650,3.07460691009,62.0761847769,4.30857982581,1.13670854149,98.585227543
3043,5650,3.07574593821,62.1133535516,4.30767498508,1.13713474177,98.5850430207
3044,5650,3.0768851011,62.1505360943,4.30676994916,1.1375609186,98.5848584373
3045,5650,3.07802439855,62.1877324064,4.30586471813,1.13798707186,98.5846737926
3046,5650,3.07916383038,62.2249424897,4.30495929207,1.13841320142,98.5844890868
3047,5650,3.08030339639,62.2621663458,4.30405367106,1.13883930714,98.5843043197
3048,5650,3.08144309639,62.2994039763,4.30314785517,1.13926538891,98.5841194913
3049,5650,3.08258293018,62.3366553828,4.3022418445,1.1396914466,98.5839346016
3050,5650,3.08372289756,62.3739205669,4.30133563911,1.14011748007,98.5837496507
3051,5650,3.08486299835,62.4111995303,4.30042923909,1.1405434892,98.5835646383
3052,5650,3.08600323234,62.4484922745,4.29952264451,1.14096947387,98.5833795646
3053,5650,3.08714359934,62.4857988012,4.29861585546,1.14139543395,98.5831944296
3054,5650,3.08828409916,62.5231191119,4.29770887202,1.1418213693,98.5830092331
3055,5650,3.0894247316,62.5604532084,4.29680169427,1.14224727981,98.5828239751
3056,5650,3.09056549646,62.5978010921,4.29589432229,1.14267316534,98.5826386557
3057,5650,3.09170639355,62.6351627647,4.29498675615,1.14309902577,98.5824532748
3058,5650,3.09284742268,62.6725382278,4.29407899594,1.14352486097,98.5822678324
3059,5650,3.09398858364,62.7099274829,4.29317104174,1.14395067081,98.5820823284
3060,5650,3.09512987625,62.7473305317,4.29226289363,1.14437645516,98.5818967629
3061,5650,3.0962713003,62.7847473758,4.29135455169,1.1448022139,98.5817111357
3062,5650,3.0974128556,62.8221780167,4.290446016,1.1452279469,98.581525447
3063,5650,3.09855454196,62.859622456,4.28953728664,1.14565365403,98.5813396966
3064,5650,3.09969635917,62.8970806953,4.2886283637,1.14607933516,98.5811538845
3065,5650,3.10083830704,62.9345527362,4.28771924724,1.14650499017,98.5809680108
3066,5650,3.10198038538,62.9720385803,4.28680993736,1.14693061893,98.5807820753
3067,5650,3.10312259399,63.0095382291,4.28590043414,1.1473562213,98.5805960781
3068,5650,3.10426493266,63.0470516843,4.28499073765,1.14778179717,98.5804100191
3069,5650,3.10540740121,63.0845789473,4.28408084798,1.14820734641,98.5802238983
3070,5650,3.10654999944,63.1221200198,4.28317076521,1.14863286888,98.5800377157
3071,5650,3.10769272715,63.1596749033,4.28226048942,1.14905836445,98.5798514712
3072,5650,3.10883558414,63.1972435994,4.28135002068,1.14948383301,98.5796651649
3073,5650,3.10997857021,63.2348261096,4.2804393591,1.14990927443,98.5794787967
3074,5650,3.11112168518,63.2724224355,4.27952850473,1.15033468856,98.5792923666
3075,5650,3.11226492883,63.3100325787,4.27861745768,1.1507600753,98.5791058745
3076,5650,3.11340830098,63.3476565407,4.27770621801,1.1511854345,98.5789193205
3077,5650,3.11455180142,63.3852943231,4.27679478581,1.15161076604,98.5787327044
3078,5650,3.11569542996,63.4229459274,4.27588316116,1.1520360698,98.5785460264
3079,5650,3.1168391864,63.4606113551,4.27497134414,1.15246134563,98.5783592863
3080,5650,3.11798307054,63.4982906079,4.27405933484,1.15288659343,98.5781724841
3081,5650,3.11912708218,63.5359836872,4.27314713334,1.15331181305,98.5779856198
3082,5650,3.12027122113,63.5736905946,4.27223473972,1.15373700438,98.5777986934
3083,5650,3.12141548719,63.6114113316,4.27132215405,1.15416216727,98.5776117049
3084,5650,3.12255988016,63.6491458998,4.27040937644,1.15458730161,98.5774246542
3085,5650,3.12370439983,63.6868943007,4.26949640695,1.15501240726,98.5772375413
3086,5650,3.12484904602,63.7246565358,4.26858324566,1.15543748409,98.5770503662
3087,5650,3.12599381852,63.7624326067,4.26766989267,1.15586253199,98.5768631288
3088,5650,3.12713871713,63.8002225148,4.26675634806,1.15628755082,98.5766758292
3089,5650,3.12828374166,63.8380262617,4.26584261189,1.15671254044,98.5764884672
3090,5650,3.1294288919,63.875843849,4.26492868427,1.15713750074,98.576301043
3091,5650,3.13057416766,63.9136752781,4.26401456527,1.15756243158,98.5761135564
3092,5650,3.13171956874,63.9515205506,4.26310025498,1.15798733284,98.5759260074
3093,5650,3.13286509493,63.9893796679,4.26218575347,1.15841220439,98.5757383961
3094,5650,3.13401074605,64.0272526317,4.26127106084,1.15883704609,98.5755507223
3095,5650,3.13515652188,64.0651394433,4.26035617716,1.15926185783,98.5753629861
3096,5650,3.13630242223,64.1030401043,4.25944110251,1.15968663946,98.5751751874
3097,5650,3.13744844691,64.1409546162,4.25852583699,1.16011139087,98.5749873262
3098,5650,3.1385945957,64.1788829805,4.25761038067,1.16053611192,98.5747994025
3099,5650,3.13974086841,64.2168251987,4.25669473363,1.16096080249,98.5746114163
3100,5650,3.14088726484,64.2547812723,4.25577889597,1.16138546244,98.5744233675
3101,5650,3.14203378479,64.2927512028,4.25486286776,1.16181009165,98.5742352561
3102,5650,3.14318042806,64.3307349917,4.25394664909,1.16223468999,98.574047082
3103,5650,3.14432719445,64.3687326405,4.25303024004,1.16265925734,98.5738588454
3104,5650,3.14547408375,64.4067441506,4.2521136407,1.16308379355,98.573670546
3105,5650,3.14662109578,64.4447695235,4.25119685114,1.1635082985,98.573482184
3106,5650,3.14776823032,64.4828087608,4.25027987146,1.16393277207,98.5732937593
3107,5650,3.14891548718,64.5208618639,4.24936270173,1.16435721412,98.5731052718
3108,5650,3.15006286615,64.5589288343,4.24844534205,1.16478162453,98.5729167215
3109,5650,3.15121036704,64.5970096734,4.24752779249,1.16520600316,98.5727281085
3110,5650,3.15235798964,64.6351043828,4.24661005314,1.1656303499,98.5725394326
3111,5650,3.15350573375,64.6732129638,4.24569212408,1.1660546646,98.5723506939
3112,5650,3.15465359917,64.711335418,4.2447740054,1.16647894714,98.5721618923
3113,5650,3.15580158571,64.7494717469,4.24385569718,1.16690319739,98.5719730278
3114,5650,3.15694969315,64.7876219518,4.24293719951,1.16732741522,98.5717841004
3115,5650,3.15809792129,64.8257860344,4.24201851247,1.1677516005,98.5715951101
3116,5650,3.15924626994,64.8639639959,4.24109963615,1.16817575311,98.5714060568
3117,5650,3.1603947389,64.9021558379,4.24018057062,1.16859987291,98.5712169405
3118,5650,3.16154332795,64.9403615618,4.23926131598,1.16902395978,98.5710277612
3119,5650,3.16269203691,64.978581169,4.23834187231,1.16944801358,98.5708385188
3120,5650,3.16384086556,65.0168146611,4.2374222397,1.16987203419,98.5706492134
3121,5650,3.1649898137,65.0550620395,4.23650241822,1.17029602147,98.5704598449
3122,5650,3.16613888114,65.0933233056,4.23558240797,1.17071997531,98.5702704133
3123,5650,3.16728806767,65.1315984608,4.23466220903,1.17114389556,98.5700809185
3124,5650,3.16843737308,65.1698875066,4.23374182149,1.1715677821,98.5698913606
3125,5650,3.16958679718,65.2081904444,4.23282124543,1.1719916348,98.5697017395
3126,5650,3.17073633976,65.2465072757,4.23190048093,1.17241545353,98.5695120551
3127,5650,3.17188600062,65.2848380018,4.23097952808,1.17283923816,98.5693223076
3128,5650,3.17303577956,65.3231826243,4.23005838697,1.17326298856,98.5691324967
3129,5650,3.17418567637,65.3615411445,4.22913705768,1.1736867046,98.5689426226
3130,5650,3.17533569085,65.3999135639,4.2282155403,1.17411038615,98.5687526851
3131,5650,3.17648582279,65.4382998839,4.22729383492,1.17453403309,98.5685626844
3132,5650,3.17763607201,65.4767001059,4.22637194161,1.17495764528,98.5683726202
3133,5650,3.17878643828,65.5151142313,4.22544986047,1.1753812226,98.5681824927
3134,5650,3.1799369214,65.5535422615,4.22452759157,1.17580476491,98.5679923017
3135,5650,3.18108752118,65.5919841979,4.22360513502,1.17622827208,98.5678020473
3136,5650,3.18223823742,65.6304400421,4.22268249089,1.17665174399,98.5676117295
3137,5650,3.18338906989,65.6689097952,4.22175965927,1.1770751805,98.5674213481
3138,5650,3.18454001841,65.7073934589,4.22083664024,1.17749858149,98.5672309033
3139,5650,3.18569108276,65.7458910344,4.21991343389,1.17792194682,98.5670403949
3140,5650,3.18684226275,65.7844025232,4.21899004032,1.17834527637,98.5668498229
3141,5650,3.18799355817,65.8229279266,4.21806645959,1.17876857001,98.5666591874
3142,5650,3.18914496882,65.8614672461,4.21714269181,1.1791918276,98.5664684882
3143,5650,3.19029649448,65.900020483,4.21621873706,1.17961504902,98.5662777254
3144,5650,3.19144813496,65.9385876387,4.21529459541,1.18003823413,98.566086899
3145,5650,3.19259989006,65.9771687147,4.21437026697,1.18046138282,98.5658960089
3146,5650,3.19375175956,66.0157637123,4.21344575182,1.18088449494,98.565705055
3147,5650,3.19490374326,66.0543726329,4.21252105004,1.18130757036,98.5655140374
3148,5650,3.19605584096,66.0929954778,4.21159616173,1.18173060896,98.5653229561
3149,5650,3.19720805245,66.1316322485,4.21067108696,1.18215361062,98.565131811
3150,5650,3.19836037753,66.1702829463,4.20974582582,1.18257657518,98.564940602
3151,5650,3.19951281599,66.2089475726,4.20882037841,1.18299950254,98.5647493292
3152,5650,3.20066536763,66.2476261287,4.20789474481,1.18342239255,98.5645579926
3153,5650,3.20181803224,66.286318616,4.2069689251,1.18384524509,98.5643665921
3154,5650,3.20297080962,66.325025036,4.20604291938,1.18426806002,98.5641751277
3155,5650,3.20412369955,66.3637453899,4.20511672773,1.18469083723,98.5639835993
3156,5650,3.20527670184,66.4024796791,4.20419035024,1.18511357657,98.563792007
3157,5650,3.20642981628,66.441227905,4.20326378699,1.18553627791,98.5636003507
3158,5650,3.20758304267,66.4799900688,4.20233703808,1.18595894114,98.5634086304
3159,5650,3.20873638079,66.5187661721,4.20141010359,1.1863815661,98.563216846
3160,5650,3.20988983044,66.5575562161,4.20048298361,1.18680415269,98.5630249976
3161,5650,3.21104339142,66.5963602021,4.19955567823,1.18722670076,98.5628330852
3162,5650,3.21219706352,66.6351781316,4.19862818754,1.18764921019,98.5626411086
3163,5650,3.21335084653,66.6740100058,4.19770051161,1.18807168084,98.5624490679
3164,5650,3.21450474024,66.7128558261,4.19677265055,1.18849411259,98.562256963
3165,5650,3.21565874446,66.7517155938,4.19584460443,1.1889165053,98.5620647939
3166,5650,3.21681285896,66.7905893103,4.19491637336,1.18933885885,98.5618725607
3167,5650,3.21796708356,66.8294769769,4.19398795741,1.1897611731,98.5616802632
3168,5650,3.21912141803,66.8683785949,4.19305935667,1.19018344793,98.5614879015
3169,5650,3.22027586218,66.9072941657,4.19213057124,1.1906056832,98.5612954755
3170,5650,3.22143041579,66.9462236905,4.1912016012,1.19102787878,98.5611029851
3171,5650,3.22258507866,66.9851671707,4.19027244663,1.19145003454,98.5609104305
3172,5650,3.22373985058,67.0241246077,4.18934310764,1.19187215036,98.5607178115
3173,5650,3.22489473135,67.0630960027,4.1884135843,1.1922942261,98.5605251281
3174,5650,3.22604972075,67.102081357,4.1874838767,1.19271626163,98.5603323803
3175,5650,3.22720481858,67.141080672,4.18655398494,1.19313825682,98.5601395681
3176,5650,3.22836002463,67.180093949,4.18562390911,1.19356021154,98.5599466915
3177,5650,3.2295153387,67.2191211892,4.18469364928,1.19398212566,98.5597537503
3178,5650,3.23067076057,67.258162394,4.18376320556,1.19440399905,98.5595607447
3179,5650,3.23182629004,67.2972175647,4.18283257803,1.19482583158,98.5593676745
3180,5650,3.2329819269,67.3362867026,4.18190176677,1.19524762311,98.5591745398
3181,5650,3.23413767095,67.375369809,4.18097077188,1.19566937352,98.5589813405
3182,5650,3.23529352196,67.4144668851,4.18003959346,1.19609108268,98.5587880767
3183,5650,3.23644947975,67.4535779323,4.17910823158,1.19651275046,98.5585947482
3184,5650,3.23760554409,67.4927029519,4.17817668633,1.19693437672,98.558401355
3185,5650,3.23876171478,67.5318419451,4.17724495781,1.19735596133,98.5582078972
3186,5650,3.23991799161,67.5709949132,4.17631304611,1.19777750417,98.5580143746
3187,5650,3.24107437437,67.6101618575,4.17538095131,1.1981990051,98.5578207874
3188,5650,3.24223086286,67.6493427793,4.17444867351,1.198620464,98.5576271354
3189,5650,3.24338745686,67.6885376799,4.17351621279,1.19904188072,98.5574334186
3190,5650,3.24454415616,67.7277465605,4.17258356925,1.19946325515,98.5572396371
3191,5650,3.24570096057,67.7669694224,4.17165074297,1.19988458714,98.5570457907
3192,5650,3.24685786986,67.8062062668,4.17071773404,1.20030587658,98.5568518795
3193,5650,3.24801488383,67.8454570952,4.16978454256,1.20072712332,98.5566579034
3194,5650,3.24917200226,67.8847219086,4.16885116862,1.20114832724,98.5564638624
3195,5650,3.25032922496,67.9240007084,4.1679176123,1.20156948821,98.5562697565
3196,5650,3.25148655171,67.9632934958,4.16698387369,1.20199060609,98.5560755857
3197,5650,3.25264398229,68.0026002721,4.16604995289,1.20241168076,98.5558813498
3198,5650,3.25380151651,68.0419210386,4.16511584999,1.20283271208,98.555687049
3199,5650,3.25495915415,68.0812557964,4.16418156507,1.20325369992,98.5554926832
3200,5650,3.25611689501,68.1206045469,4.16324709823,1.20367464415,98.5552982524
3201,5650,3.25727473886,68.1599672912,4.16231244955,1.20409554465,98.5551037564
3202,5650,3.25843268551,68.1993440307,4.16137761914,1.20451640127,98.5549091954
3203,5650,3.25959073473,68.2387347665,4.16044260707,1.2049372139,98.5547145693
3204,5650,3.26074888633,68.2781395,4.15950741344,1.20535798239,98.554519878
3205,5650,3.26190714009,68.3175582323,4.15857203834,1.20577870661,98.5543251216
3206,5650,3.2630654958,68.3569909646,4.15763648187,1.20619938645,98.5541302999
3207,5650,3.26422395325,68.3964376983,4.15670074411,1.20662002175,98.5539354131
3208,5650,3.26538251223,68.4358984345,4.15576482515,1.2070406124,98.553740461
3209,5650,3.26654117253,68.4753731745,4.15482872508,1.20746115826,98.5535454437
3210,5650,3.26769993393,68.5148619194,4.153892444,1.2078816592,98.5533503611
3211,5650,3.26885879624,68.5543646706,4.152955982,1.20830211509,98.5531552131
3212,5650,3.27001775923,68.5938814291,4.15201933917,1.2087225258,98.5529599999
3213,5650,3.27117682269,68.6334121964,4.15108251559,1.2091428912,98.5527647213
3214,5650,3.27233598643,68.6729569734,4.15014551137,1.20956321115,98.5525693772
3215,5650,3.27349525021,68.7125157616,4.1492083266,1.20998348553,98.5523739678
3216,5650,3.27465461383,68.752088562,4.14827096135,1.2104037142,98.552178493
3217,5650,3.27581407709,68.7916753758,4.14733341573,1.21082389703,98.5519829527
3218,5650,3.27697363977,68.8312762044,4.14639568984,1.21124403389,98.5517873469
3219,5650,3.27813330165,68.8708910488,4.14545778375,1.21166412465,98.5515916756
3220,5650,3.27929306253,68.9105199103,4.14451969756,1.21208416918,98.5513959388
3221,5650,3.28045292219,68.9501627901,4.14358143137,1.21250416735,98.5512001364
3222,5650,3.28161288042,68.9898196894,4.14264298526,1.21292411902,98.5510042684
3223,5650,3.28277293702,69.0294906093,4.14170435933,1.21334402407,98.5508083348
3224,5650,3.28393309176,69.069175551,4.14076555367,1.21376388236,98.5506123356
3225,5650,3.28509334444,69.1088745158,4.13982656838,1.21418369376,98.5504162708
3226,5650,3.28625369484,69.1485875048,4.13888740354,1.21460345814,98.5502201403
3227,5650,3.28741414276,69.1883145192,4.13794805924,1.21502317537,98.550023944
3228,5650,3.28857468798,69.2280555601,4.13700853559,1.21544284531,98.5498276821
3229,5650,3.28973533028,69.2678106288,4.13606883266,1.21586246784,98.5496313544
3230,5650,3.29089606945,69.3075797264,4.13512895057,1.21628204283,98.5494349609
3231,5650,3.29205690529,69.3473628541,4.13418888939,1.21670157013,98.5492385016
3232,5650,3.29321783758,69.387160013,4.13324864922,1.21712104963,98.5490419765
3233,5650,3.2943788661,69.4269712043,4.13230823015,1.21754048118,98.5488453856
3234,5650,3.29553999065,69.4667964293,4.13136763228,1.21795986467,98.5486487288
3235,5650,3.296701211,69.5066356889,4.1304268557,1.21837919995,98.548452006
3236,5650,3.29786252696,69.5464889845,4.12948590049,1.21879848689,98.5482552174
3237,5650,3.2990239383,69.5863563171,4.12854476677,1.21921772537,98.5480583628
3238,5650,3.3001854448,69.6262376879,4.12760345461,1.21963691525,98.5478614423
3239,5650,3.30134704627,69.666133098,4.12666196411,1.2200560564,98.5476644557
3240,5650,3.30250874248,69.7060425486,4.12572029537,1.22047514869,98.5474674031
3241,5650,3.30367053322,69.7459660409,4.12477844848,1.22089419198,98.5472702845
3242,5650,3.30483241828,69.785903576,4.12383642352,1.22131318615,98.5470730998
3243,5650,3.30599439744,69.825855155,4.1228942206,1.22173213106,98.5468758491
3244,5650,3.30715647049,69.865820779,4.12195183981,1.22215102658,98.5466785322
3245,5650,3.30831863721,69.9058004492,4.12100928124,1.22256987258,98.5464811491
3246,5650,3.3094808974,69.9457941667,4.12006654498,1.22298866893,98.5462836999
3247,5650,3.31064325084,69.9858019327,4.11912363114,1.2234074155,98.5460861846
3248,5650,3.31180569731,70.0258237483,4.1181805398,1.22382611215,98.545888603
3249,5650,3.31296823659,70.0658596145,4.11723727105,1.22424475875,98.5456909551
3250,5650,3.31413086848,70.1059095326,4.11629382499,1.22466335518,98.545493241
3251,5650,3.31529359277,70.1459735036,4.11535020172,1.22508190129,98.5452954606
3252,5650,3.31645640923,70.1860515286,4.11440640133,1.22550039696,98.5450976139
3253,5650,3.31761931765,70.2261436088,4.11346242391,1.22591884206,98.5448997009
3254,5650,3.31878231781,70.2662497453,4.11251826956,1.22633723645,98.5447017215
3255,5650,3.31994540951,70.3063699392,4.11157393837,1.22675558,98.5445036757
3256,5650,3.32110859253,70.3465041915,4.11062943043,1.22717387258,98.5443055635
3257,5650,3.32227186664,70.3866525035,4.10968474585,1.22759211406,98.5441073849
3258,5650,3.32343523165,70.4268148761,4.10873988471,1.22801030431,98.5439091398
3259,5650,3.32459868733,70.4669913105,4.1077948471,1.22842844318,98.5437108283
3260,5650,3.32576223346,70.5071818078,4.10684963313,1.22884653057,98.5435124502
3261,5650,3.32692586984,70.5473863691,4.10590424289,1.22926456632,98.5433140056
3262,5650,3.32808959624,70.5876049954,4.10495867648,1.22968255031,98.5431154945
3263,5650,3.32925341245,70.6278376879,4.10401293398,1.23010048241,98.5429169167
3264,5650,3.33041731826,70.6680844475,4.10306701549,1.23051836248,98.5427182724
3265,5650,3.33158131345,70.7083452756,4.10212092111,1.23093619039,98.5425195615
3266,5650,3.3327453978,70.748620173,4.10117465093,1.23135396602,98.5423207839
3267,5650,3.3339095711,70.7889091408,4.10022820505,1.23177168922,98.5421219396
3268,5650,3.33507383314,70.8292121803,4.09928158357,1.23218935987,98.5419230286
3269,5650,3.33623818369,70.8695292923,4.09833478657,1.23260697784,98.5417240509
3270,5650,3.33740262254,70.909860478,4.09738781415,1.23302454298,98.5415250064
3271,5650,3.33856714947,70.9502057385,4.09644066642,1.23344205518,98.5413258952
3272,5650,3.33973176428,70.9905650747,4.09549334345,1.2338595143,98.5411267172
3273,5650,3.34089646673,71.0309384879,4.09454584536,1.2342769202,98.5409274723
3274,5650,3.34206125662,71.0713259789,4.09359817223,1.23469427276,98.5407281606
3275,5650,3.34322613373,71.111727549,4.09265032416,1.23511157184,98.540528782
3276,5650,3.34439109784,71.1521431991,4.09170230125,1.23552881731,98.5403293366
3277,5650,3.34555614874,71.1925729303,4.09075410359,1.23594600903,98.5401298242
3278,5650,3.34672128621,71.2330167436,4.08980573128,1.23636314689,98.5399302449
3279,5650,3.34788651003,71.2734746401,4.08885718441,1.23678023073,98.5397305986
3280,5650,3.34905181998,71.3139466208,4.08790846308,1.23719726044,98.5395308853
3281,5650,3.35021721586,71.3544326868,4.08695956739,1.23761423588,98.539331105
3282,5650,3.35138269743,71.3949328391,4.08601049742,1.23803115691,98.5391312577
3283,5650,3.35254826449,71.4354470787,4.08506125329,1.23844802341,98.5389313433
3284,5650,3.35371391682,71.4759754067,4.08411183508,1.23886483524,98.5387313618
3285,5650,3.3548796542,71.5165178241,4.08316224288,1.23928159228,98.5385313132
3286,5650,3.35604547641,71.5570743319,4.08221247681,1.23969829438,98.5383311975
3287,5650,3.35721138323,71.5976449312,4.08126253695,1.24011494142,98.5381310146
3288,5650,3.35837737445,71.6382296229,4.08031242339,1.24053153326,98.5379307645
3289,5650,3.35954344985,71.6788284081,4.07936213624,1.24094806977,98.5377304472
3290,5650,3.36070960922,71.7194412879,4.0784116756,1.24136455083,98.5375300627
3291,5650,3.36187585233,71.7600682631,4.07746104155,1.24178097629,98.5373296109
3292,5650,3.36304217896,71.8007093349,4.0765102342,1.24219734602,98.5371290919
3293,5650,3.3642085889,71.8413645042,4.07555925364,1.2426136599,98.5369285055
3294,5650,3.36537508194,71.882033772,4.07460809997,1.24302991779,98.5367278518
3295,5650,3.36654165785,71.9227171394,4.07365677328,1.24344611956,98.5365271308
3296,5650,3.36770831641,71.9634146073,4.07270527368,1.24386226507,98.5363263423
3297,5650,3.3688750574,72.0041261768,4.07175360126,1.24427835419,98.5361254865
3298,5650,3.37004188062,72.0448518488,4.07080175612,1.2446943868,98.5359245633
3299,5650,3.37120878583,72.0855916243,4.06984973835,1.24511036276,98.5357235726
3300,5650,3.37237577282,72.1263455044,4.06889754805,1.24552628193,98.5355225144
3301,5650,3.37354284138,72.16711349,4.06794518532,1.24594214419,98.5353213887
3302,5650,3.37470999128,72.207895582,4.06699265025,1.24635794939,98.5351201955
3303,5650,3.3758772223,72.2486917816,4.06603994295,1.24677369742,98.5349189347
3304,5650,3.37704453423,72.2895020895,4.06508706351,1.24718938814,98.5347176064
3305,5650,3.37821192685,72.3303265069,4.06413401203,1.24760502141,98.5345162105
3306,5650,3.37937939993,72.3711650348,4.0631807886,1.2480205971,98.534314747
3307,5650,3.38054695327,72.412017674,4.06222739333,1.24843611508,98.5341132158
3308,5650,3.38171458663,72.4528844255,4.06127382631,1.24885157522,98.5339116169
3309,5650,3.3828822998,72.4937652903,4.06032008764,1.24926697738,98.5337099504
3310,5650,3.38405009257,72.5346602694,4.05936617741,1.24968232144,98.5335082161
3311,5650,3.3852179647,72.5755693638,4.05841209574,1.25009760725,98.5333064141
3312,5650,3.38638591599,72.6164925743,4.0574578427,1.2505128347,98.5331045444
3313,5650,3.38755394621,72.657429902,4.0565034184,1.25092800364,98.5329026068
3314,5650,3.38872205514,72.6983813478,4.05554882295,1.25134311394,98.5327006015
3315,5650,3.38989024256,72.7393469126,4.05459405643,1.25175816547,98.5324985283
3316,5650,3.39105850826,72.7803265974,4.05363911895,1.2521731581,98.5322963872
3317,5650,3.39222685201,72.8213204032,4.0526840106,1.2525880917,98.5320941782
3318,5650,3.3933952736,72.8623283308,4.05172873148,1.25300296613,98.5318919014
3319,5650,3.39456377279,72.9033503813,4.05077328169,1.25341778126,98.5316895566
3320,5650,3.39573234938,72.9443865555,4.04981766134,1.25383253696,98.5314871439
3321,5650,3.39690100315,72.9854368545,4.04886187051,1.25424723309,98.5312846631
3322,5650,3.39806973386,73.026501279,4.04790590931,1.25466186952,98.5310821144
3323,5650,3.39923854131,73.0675798301,4.04694977783,1.25507644613,98.5308794976
3324,5650,3.40040742527,73.1086725087,4.04599347618,1.25549096277,98.5306768128
3325,5650,3.40157638552,73.1497793156,4.04503700444,1.25590541932,98.5304740599
3326,5650,3.40274542185,73.190900252,4.04408036273,1.25631981564,98.5302712389
3327,5650,3.40391453402,73.2320353185,4.04312355115,1.25673415161,98.5300683498
3328,5650,3.40508372182,73.2731845162,4.04216656978,1.25714842708,98.5298653925
3329,5650,3.40625298503,73.314347846,4.04120941873,1.25756264192,98.5296623671
3330,5650,3.40742232342,73.3555253087,4.04025209809,1.25797679601,98.5294592735
3331,5650,3.40859173679,73.3967169054,4.03929460798,1.25839088921,98.5292561116
3332,5650,3.4097612249,73.4379226368,4.03833694848,1.25880492138,98.5290528815
3333,5650,3.41093078753,73.4791425039,4.03737911969,1.2592188924,98.5288495831
3334,5650,3.41210042446,73.5203765076,4.03642112172,1.25963280213,98.5286462164
3335,5650,3.41327013548,73.5616246488,4.03546295467,1.26004665044,98.5284427814
3336,5650,3.41443992036,73.6028869284,4.03450461862,1.2604604372,98.5282392781
3337,5650,3.41560977887,73.6441633473,4.0335461137,1.26087416227,98.5280357064
3338,5650,3.41677971081,73.6854539063,4.03258743998,1.26128782553,98.5278320663
3339,5650,3.41794971594,73.7267586064,4.03162859758,1.26170142683,98.5276283578
3340,5650,3.41911979404,73.7680774484,4.03066958659,1.26211496605,98.5274245809
3341,5650,3.42028994489,73.8094104333,4.02971040711,1.26252844305,98.5272207354
3342,5650,3.42146016828,73.8507575618,4.02875105925,1.26294185771,98.5270168216
3343,5650,3.42263046397,73.8921188349,4.02779154309,1.26335520988,98.5268128391
3344,5650,3.42380083175,73.9334942534,4.02683185875,1.26376849944,98.5266087882
3345,5650,3.4249712714,73.9748838182,4.02587200632,1.26418172625,98.5264046687
3346,5650,3.42614178268,74.0162875302,4.02491198591,1.26459489019,98.5262004806
3347,5650,3.42731236539,74.0577053903,4.0239517976,1.26500799111,98.525996224
3348,5650,3.42848301929,74.0991373993,4.02299144151,1.26542102889,98.5257918986
3349,5650,3.42965374417,74.140583558,4.02203091773,1.26583400339,98.5255875047
3350,5650,3.4308245398,74.1820438673,4.02107022637,1.26624691448,98.525383042
3351,5650,3.43199540596,74.2235183282,4.02010936752,1.26665976202,98.5251785107
3352,5650,3.43316634243,74.2650069413,4.01914834129,1.2670725459,98.5249739106
3353,5650,3.43433734898,74.3065097076,4.01818714777,1.26748526596,98.5247692418
3354,5650,3.4355084254,74.3480266279,4.01722578706,1.26789792208,98.5245645042
3355,5650,3.43667957145,74.3895577031,4.01626425927,1.26831051413,98.5243596978
3356,5650,3.43785078692,74.431102934,4.0153025645,1.26872304198,98.5241548226
3357,5650,3.43902207159,74.4726623215,4.01434070285,1.26913550548,98.5239498785
3358,5650,3.44019342522,74.5142358663,4.01337867441,1.26954790452,98.5237448656
3359,5650,3.4413648476,74.5558235693,4.0124164793,1.26996023894,98.5235397837
3360,5650,3.44253633851,74.5974254314,4.01145411761,1.27037250864,98.523334633
3361,5650,3.44370789772,74.6390414533,4.01049158944,1.27078471346,98.5231294133
3362,5650,3.444879525,74.6806716359,4.00952889489,1.27119685328,98.5229241247
3363,5650,3.44605122014,74.72231598,4.00856603406,1.27160892797,98.522718767
3364,5650,3.4472229829,74.7639744864,4.00760300707,1.27202093738,98.5225133404
3365,5650,3.44839481308,74.805647156,4.00663981399,1.2724328814,98.5223078447
3366,5650,3.44956671044,74.8473339895,4.00567645495,1.27284475989,98.5221022799
3367,5650,3.45073867475,74.8890349879,4.00471293004,1.27325657271,98.5218966461
3368,5650,3.4519107058,74.9307501517,4.00374923935,1.27366831973,98.5216909431
3369,5650,3.45308280337,74.972479482,4.00278538301,1.27408000081,98.521485171
3370,5650,3.45425496722,75.0142229795,4.00182136109,1.27449161584,98.5212793298
3371,5650,3.45542719713,75.0559806449,4.00085717371,1.27490316467,98.5210734194
3372,5650,3.45659949289,75.0977524791,3.99989282097,1.27531464716,98.5208674398
3373,5650,3.45777185426,75.1395384829,3.99892830297,1.2757260632,98.5206613909
3374,5650,3.45894428102,75.181338657,3.99796361981,1.27613741264,98.5204552728
3375,5650,3.46011677295,75.2231530023,3.99699877159,1.27654869535,98.5202490854
3376,5650,3.46128932981,75.2649815196,3.99603375842,1.27695991121,98.5200428287
3377,5650,3.4624619514,75.3068242096,3.99506858039,1.27737106007,98.5198365027
3378,5650,3.46363463748,75.348681073,3.99410323762,1.2777821418,98.5196301074
3379,5650,3.46480738783,75.3905521108,3.9931377302,1.27819315627,98.5194236426
3380,5650,3.46598020223,75.4324373236,3.99217205823,1.27860410336,98.5192171085
3381,5650,3.46715308044,75.4743367123,3.99120622181,1.27901498291,98.519010505
3382,5650,3.46832602225,75.5162502776,3.99024022106,1.27942579482,98.518803832
3383,5650,3.46949902742,75.5581780202,3.98927405607,1.27983653893,98.5185970895
3384,5650,3.47067209575,75.6001199409,3.98830772694,1.28024721512,98.5183902776
3385,5650,3.47184522699,75.6420760406,3.98734123377,1.28065782325,98.5181833961
3386,5650,3.47301842092,75.6840463199,3.98637457668,1.2810683632,98.5179764451
3387,5650,3.47419167733,75.7260307796,3.98540775575,1.28147883482,98.5177694246
3388,5650,3.47536499598,75.7680294205,3.9844407711,1.28188923799,98.5175623344
3389,5650,3.47653837665,75.8100422433,3.98347362283,1.28229957258,98.5173551747
3390,5650,3.47771181911,75.8520692488,3.98250631104,1.28270983845,98.5171479453
3391,5650,3.47888532313,75.8941104377,3.98153883583,1.28312003546,98.5169406462
3392,5650,3.48005888851,75.9361658107,3.9805711973,1.28353016349,98.5167332775
3393,5650,3.48123251499,75.9782353687,3.97960339556,1.2839402224,98.516525839
3394,5650,3.48240620237,76.0203191122,3.97863543072,1.28435021206,98.5163183309
3395,5650,3.48357995042,76.0624170421,3.97766730287,1.28476013234,98.5161107529
3396,5650,3.4847537589,76.1045291591,3.97669901212,1.28516998311,98.5159031052
3397,5650,3.48592762759,76.146655464,3.97573055856,1.28557976422,98.5156953877
3398,5650,3.48710155628,76.1887959574,3.97476194232,1.28598947556,98.5154876004
3399,5650,3.48827554472,76.2309506401,3.97379316348,1.28639911698,98.5152797432
3400,5650,3.4894495927,76.2731195127,3.97282422215,1.28680868835,98.5150718162
3401,5650,3.49062369999,76.3153025761,3.97185511844,1.28721818955,98.5148638192
3402,5650,3.49179786637,76.3574998309,3.97088585244,1.28762762043,98.5146557524
3403,5650,3.4929720916,76.3997112779,3.96991642427,1.28803698086,98.5144476155
3404,5650,3.49414637546,76.4419369177,3.96894683402,1.28844627072,98.5142394088
3405,5650,3.49532071772,76.4841767511,3.96797708181,1.28885548987,98.514031132
3406,5650,3.49649511816,76.5264307787,3.96700716772,1.28926463818,98.5138227852
3407,5650,3.49766957655,76.5686990013,3.96603709188,1.28967371551,98.5136143684
3408,5650,3.49884409267,76.6109814196,3.96506685437,1.29008272173,98.5134058815
3409,5650,3.50001866628,76.6532780342,3.96409645531,1.29049165671,98.5131973245
3410,5650,3.50119329716,76.6955888459,3.9631258948,1.29090052031,98.5129886974
3411,5650,3.50236798509,76.7379138553,3.96215517294,1.29130931241,98.5127800002
3412,5650,3.50354272983,76.7802530632,3.96118428984,1.29171803287,98.5125712328
3413,5650,3.50471753116,76.8226064701,3.96021324559,1.29212668156,98.5123623953
3414,5650,3.50589238886,76.8649740769,3.95924204032,1.29253525834,98.5121534875
3415,5650,3.50706730269,76.9073558842,3.95827067412,1.29294376308,98.5119445095
3416,5650,3.50824227243,76.9497518926,3.95729914709,1.29335219566,98.5117354613
3417,5650,3.50941729785,76.9921621029,3.95632745933,1.29376055592,98.5115263428
3418,5650,3.51059237872,77.0345865156,3.95535561097,1.29416884376,98.5113171539
3419,5650,3.51176751482,77.0770251316,3.95438360209,1.29457705902,98.5111078948
3420,5650,3.51294270592,77.1194779514,3.9534114328,1.29498520159,98.5108985653
3421,5650,3.51411795179,77.1619449756,3.95243910321,1.29539327131,98.5106891654
3422,5650,3.5152932522,77.2044262051,3.95146661342,1.29580126808,98.5104796952
3423,5650,3.51646860693,77.2469216404,3.95049396354,1.29620919174,98.5102701545
3424,5650,3.51764401575,77.2894312821,3.94952115367,1.29661704217,98.5100605433
3425,5650,3.51881947842,77.331955131,3.94854818392,1.29702481923,98.5098508617
3426,5650,3.51999499473,77.3744931876,3.94757505439,1.2974325228,98.5096411097
3427,5650,3.52117056445,77.4170454527,3.94660176518,1.29784015273,98.5094312871
3428,5650,3.52234618734,77.4596119269,3.94562831641,1.2982477089,98.5092213939
3429,5650,3.52352186318,77.5021926107,3.94465470817,1.29865519118,98.5090114302
3430,5650,3.52469759173,77.544787505,3.94368094058,1.29906259943,98.5088013959
3431,5650,3.52587337278,77.5873966101,3.94270701373,1.29946993352,98.5085912911
3432,5650,3.5270492061,77.630019927,3.94173292774,1.29987719331,98.5083811155
3433,5650,3.52822509145,77.672657456,3.9407586827,1.30028437867,98.5081708693
3434,5650,3.52940102861,77.715309198,3.93978427873,1.30069148948,98.5079605525
3435,5650,3.53057701734,77.7579751534,3.93880971593,1.30109852559,98.5077501649
3436,5650,3.53175305743,77.800655323,3.9378349944,1.30150548688,98.5075397066
3437,5650,3.53292914863,77.8433497073,3.93686011425,1.30191237322,98.5073291776
3438,5650,3.53410529073,77.886058307,3.93588507558,1.30231918446,98.5071185778
3439,5650,3.53528148349,77.9287811226,3.93490987851,1.30272592048,98.5069079072
3440,5650,3.53645772669,77.9715181548,3.93393452314,1.30313258114,98.5066971657
3441,5650,3.53763402009,78.0142694043,3.93295900957,1.30353916632,98.5064863534
3442,5650,3.53881036348,78.0570348715,3.93198333791,1.30394567587,98.5062754703
3443,5650,3.53998675661,78.0998145571,3.93100750826,1.30435210967,98.5060645162
3444,5650,3.54116319925,78.1426084617,3.93003152073,1.30475846759,98.5058534913
3445,5650,3.54233969119,78.1854165859,3.92905537544,1.30516474948,98.5056423954
3446,5650,3.54351623219,78.2282389303,3.92807907247,1.30557095523,98.5054312285
3447,5650,3.54469282202,78.2710754955,3.92710261195,1.30597708469,98.5052199906
3448,5650,3.54586946046,78.3139262821,3.92612599397,1.30638313774,98.5050086818
3449,5650,3.54704614726,78.3567912906,3.92514921864,1.30678911423,98.5047973019
3450,5650,3.54822288221,78.3996705217,3.92417228607,1.30719501405,98.5045858509
3451,5650,3.54939966508,78.4425639758,3.92319519637,1.30760083705,98.5043743289
3452,5650,3.55057649562,78.4854716537,3.92221794963,1.3080065831,98.5041627357
3453,5650,3.55175337363,78.5283935559,3.92124054598,1.30841225208,98.5039510714
3454,5650,3.55293029885,78.5713296829,3.92026298551,1.30881784384,98.503739336
3455,5650,3.55410727108,78.6142800353,3.91928526833,1.30922335825,98.5035275294
3456,5650,3.55528429006,78.6572446137,3.91830739455,1.30962879519,98.5033156516
3457,5650,3.55646135559,78.7002234186,3.91732936427,1.31003415452,98.5031037025
3458,5650,3.55763846742,78.7432164507,3.9163511776,1.31043943611,98.5028916823
3459,5650,3.55881562532,78.7862237104,3.91537283465,1.31084463982,98.5026795907
3460,5650,3.55999282907,78.8292451983,3.91439433553,1.31124976553,98.5024674279
3461,5650,3.56117007844,78.8722809151,3.91341568034,1.31165481309,98.5022551937
3462,5650,3.56234737319,78.9153308611,3.91243686919,1.31205978239,98.5020428882
3463,5650,3.56352471309,78.958395037,3.91145790219,1.31246467327,98.5018305113
3464,5650,3.56470209792,79.0014734433,3.91047877944,1.31286948562,98.501618063
3465,5650,3.56587952745,79.0445660806,3.90949950105,1.3132742193,98.5014055434
3466,5650,3.56705700143,79.0876729494,3.90852006712,1.31367887418,98.5011929523
3467,5650,3.56823451965,79.1307940502,3.90754047778,1.31408345012,98.5009802897
3468,5650,3.56941208188,79.1739293836,3.90656073311,1.314487947,98.5007675556
3469,5650,3.57058968787,79.21707895,3.90558083324,1.31489236467,98.5005547501
3470,5650,3.57176733741,79.2602427501,3.90460077826,1.31529670301,98.500341873
3471,5650,3.57294503026,79.3034207844,3.90362056829,1.31570096189,98.5001289243
3472,5650,3.57412276618,79.3466130533,3.90264020343,1.31610514117,98.4999159041
3473,5650,3.57530054496,79.3898195574,3.90165968379,1.31650924072,98.4997028123
3474,5650,3.57647836635,79.4330402972,3.90067900949,1.31691326041,98.4994896488
3475,5650,3.57765623013,79.4762752732,3.89969818061,1.3173172001,98.4992764137
3476,5650,3.57883413606,79.519524486,3.89871719728,1.31772105966,98.4990631069
3477,5650,3.58001208392,79.562787936,3.8977360596,1.31812483897,98.4988497285
3478,5650,3.58119007348,79.6060656237,3.89675476769,1.31852853788,98.4986362783
3479,5650,3.58236810449,79.6493575497,3.89577332163,1.31893215627,98.4984227563
3480,5650,3.58354617674,79.6926637144,3.89479172156,1.319335694,98.4982091626
3481,5650,3.58472428998,79.7359841184,3.89380996757,1.31973915094,98.4979954972
3482,5650,3.58590244399,79.7793187621,3.89282805977,1.32014252697,98.4977817599
3483,5650,3.58708063854,79.822667646,3.89184599827,1.32054582193,98.4975679507
3484,5650,3.5882588734,79.8660307707,3.89086378318,1.32094903571,98.4973540697
3485,5650,3.58943714833,79.9094081366,3.88988141461,1.32135216817,98.4971401168
3486,5650,3.5906154631,79.9527997441,3.88889889266,1.32175521918,98.496926092
3487,5650,3.59179381748,79.9962055938,3.88791621744,1.32215818861,98.4967119953
3488,5650,3.59297221123,80.0396256862,3.88693338907,1.32256107632,98.4964978266
3489,5650,3.59415064414,80.0830600216,3.88595040765,1.32296388218,98.496283586
3490,5650,3.59532911596,80.1265086007,3.88496727329,1.32336660606,98.4960692733
3491,5650,3.59650762646,80.1699714238,3.88398398609,1.32376924783,98.4958548886
3492,5650,3.59768617541,80.2134484915,3.88300054617,1.32417180736,98.4956404319
3493,5650,3.59886476258,80.2569398041,3.88201695364,1.32457428451,98.4954259031
3494,5650,3.60004338773,80.3004453622,3.8810332086,1.32497667914,98.4952113022
3495,5650,3.60122205064,80.3439651661,3.88004931117,1.32537899114,98.4949966292
3496,5650,3.60240075107,80.3874992165,3.87906526145,1.32578122036,98.494781884
3497,5650,3.6035794888,80.4310475137,3.87808105954,1.32618336667,98.4945670667
3498,5650,3.60475826357,80.4746100581,3.87709670557,1.32658542995,98.4943521772
3499,5650,3.60593707518,80.5181868502,3.87611219964,1.32698741006,98.4941372155
3500,5650,3.60711592337,80.5617778905,3.87512754186,1.32738930686,98.4939221815
3501,5650,3.60829480793,80.6053831794,3.87414273233,1.32779112023,98.4937070753
3502,5650,3.60947372861,80.6490027173,3.87315777117,1.32819285002,98.4934918968
3503,5650,3.61065268518,80.6926365046,3.87217265849,1.32859449612,98.493276646
3504,5650,3.61183167742,80.7362845419,3.87118739439,1.32899605839,98.4930613228
3505,5650,3.61301070509,80.7799468295,3.87020197899,1.3293975367,98.4928459273
3506,5650,3.61418976795,80.8236233679,3.86921641239,1.32979893091,98.4926304594
3507,5650,3.61536886577,80.8673141574,3.86823069471,1.33020024089,98.4924149192
3508,5650,3.61654799833,80.9110191985,3.86724482605,1.3306014665,98.4921993065
3509,5650,3.61772716538,80.9547384917,3.86625880652,1.33100260763,98.4919836213
3510,5650,3.6189063667,80.9984720373,3.86527263624,1.33140366413,98.4917678637
3511,5650,3.62008560205,81.0422198357,3.86428631531,1.33180463588,98.4915520336
3512,5650,3.62126487119,81.0859818874,3.86329984384,1.33220552274,98.4913361309
3513,5650,3.6224441739,81.1297581928,3.86231322194,1.33260632457,98.4911201558
3514,5650,3.62362350994,81.1735487522,3.86132644973,1.33300704126,98.490904108
3515,5650,3.62480287908,81.2173535661,3.86033952731,1.33340767265,98.4906879877
3516,5650,3.62598228109,81.2611726349,3.85935245479,1.33380821863,98.4904717948
3517,5650,3.62716171572,81.3050059589,3.85836523228,1.33420867907,98.4902555292
3518,5650,3.62834118275,81.3488535386,3.8573778599,1.33460905382,98.4900391909
3519,5650,3.62952068195,81.3927153743,3.85639033775,1.33500934275,98.48982278
3520,5650,3.63070021308,81.4365914665,3.85540266594,1.33540954575,98.4896062964
3521,5650,3.6318797759,81.4804818155,3.85441484459,1.33580966266,98.4893897401
3522,5650,3.63305937019,81.5243864216,3.8534268738,1.33620969337,98.489173111
3523,5650,3.63423899571,81.5683052854,3.85243875368,1.33660963774,98.4889564091
3524,5650,3.63541865222,81.6122384071,3.85145048435,1.33700949563,98.4887396344
3525,5650,3.63659833949,81.6561857872,3.85046206591,1.33740926692,98.4885227869
3526,5650,3.63777805729,81.7001474259,3.84947349848,1.33780895147,98.4883058666
3527,5650,3.63895780539,81.7441233238,3.84848478216,1.33820854915,98.4880888733
3528,5650,3.64013758354,81.788113481,3.84749591707,1.33860805983,98.4878718072
3529,5650,3.64131739152,81.832117898,3.84650690332,1.33900748338,98.4876546682
3530,5650,3.6424972291,81.8761365752,3.84551774102,1.33940681967,98.4874374563
3531,5650,3.64367709602,81.9201695129,3.84452843027,1.33980606856,98.4872201713
3532,5650,3.64485699207,81.9642167115,3.8435389712,1.34020522992,98.4870028134
3533,5650,3.64603691701,82.0082781713,3.8425493639,1.34060430362,98.4867853825
3534,5650,3.64721687061,82.0523538926,3.8415596085,1.34100328953,98.4865678785
3535,5650,3.64839685262,82.0964438759,3.8405697051,1.34140218752,98.4863503015
3536,5650,3.64957686282,82.1405481214,3.83957965382,1.34180099745,98.4861326514
3537,5650,3.65075690097,82.1846666294,3.83858945476,1.3421997192,98.4859149282
3538,5650,3.65193696684,82.2287994004,3.83759910803,1.34259835262,98.4856971319
3539,5650,3.65311706018,82.2729464347,3.83660861376,1.3429968976,98.4854792625
3540,5650,3.65429718078,82.3171077326,3.83561797204,1.34339535399,98.4852613198
3541,5650,3.65547732838,82.3612832943,3.83462718299,1.34379372167,98.485043304
3542,5650,3.65665750277,82.4054731203,3.83363624673,1.3441920005,98.4848252149
3543,5650,3.65783770369,82.4496772109,3.83264516336,1.34459019036,98.4846070526
3544,5650,3.65901793093,82.4938955663,3.83165393299,1.34498829111,98.484388817
3545,5650,3.66019818423,82.538128187,3.83066255574,1.34538630262,98.4841705082
3546,5650,3.66137846338,82.5823750731,3.82967103171,1.34578422475,98.483952126
3547,5650,3.66255876812,82.6266362251,3.82867936103,1.34618205738,98.4837336705
3548,5650,3.66373909824,82.6709116432,3.82768754379,1.34657980038,98.4835151416
3549,5650,3.66491945348,82.7152013278,3.82669558012,1.34697745361,98.4832965394
3550,5650,3.66609983362,82.759505279,3.82570347013,1.34737501694,98.4830778637
3551,5650,3.66728023843,82.8038234974,3.82471121392,1.34777249024,98.4828591146
3552,5650,3.66846066766,82.848155983,3.82371881161,1.34816987338,98.4826402921
3553,5650,3.66964112108,82.8925027363,3.82272626331,1.34856716622,98.4824213961
3554,5650,3.67082159846,82.9368637575,3.82173356913,1.34896436864,98.4822024266
3555,5650,3.67200209956,82.9812390469,3.82074072918,1.3493614805,98.4819833835
3556,5650,3.67318262414,83.0256286048,3.81974774359,1.34975850168,98.4817642669
3557,5650,3.67436317197,83.0700324315,3.81875461245,1.35015543204,98.4815450768
3558,5650,3.67554374282,83.1144505273,3.81776133588,1.35055227144,98.481325813
3559,5650,3.67672433644,83.1588828923,3.816767914,1.35094901977,98.4811064757
3560,5650,3.6779049526,83.203329527,3.81577434691,1.35134567688,98.4808870647
3561,5650,3.67908559108,83.2477904315,3.81478063473,1.35174224264,98.48066758
3562,5650,3.68026625162,83.2922656062,3.81378677757,1.35213871693,98.4804480216
3563,5650,3.681446934,83.3367550513,3.81279277554,1.35253509961,98.4802283896
3564,5650,3.68262763797,83.3812587671,3.81179862876,1.35293139056,98.4800086838
3565,5650,3.68380836331,83.4257767538,3.81080433733,1.35332758963,98.4797889042
3566,5650,3.68498910978,83.4703090117,3.80980990138,1.3537236967,98.4795690509
3567,5650,3.68616987713,83.5148555411,3.80881532101,1.35411971163,98.4793491238
3568,5650,3.68735066514,83.5594163421,3.80782059634,1.35451563431,98.4791291228
3569,5650,3.68853147357,83.6039914151,3.80682572747,1.35491146458,98.478909048
3570,5650,3.68971230218,83.6485807602,3.80583071453,1.35530720233,98.4786888993
3571,5650,3.69089315074,83.6931843778,3.80483555762,1.35570284743,98.4784686767
3572,5650,3.69207401901,83.7378022681,3.80384025686,1.35609839973,98.4782483802
3573,5650,3.69325490675,83.7824344312,3.80284481236,1.35649385911,98.4780280098
3574,5650,3.69443581373,83.8270808676,3.80184922423,1.35688922544,98.4778075654
3575,5650,3.6956167397,83.8717415772,3.80085349259,1.35728449859,98.477587047
3576,5650,3.69679768445,83.9164165605,3.79985761755,1.35767967842,98.4773664546
3577,5650,3.69797864772,83.9611058176,3.79886159922,1.35807476481,98.4771457882
3578,5650,3.69915962928,84.0058093488,3.79786543772,1.35846975762,98.4769250477
3579,5650,3.70034062889,84.0505271542,3.79686913316,1.35886465672,98.4767042331
3580,5650,3.70152164632,84.0952592341,3.79587268565,1.35925946199,98.4764833444
3581,5650,3.70270268134,84.1400055887,3.79487609531,1.35965417328,98.4762623816
3582,5650,3.70388373369,84.1847662182,3.79387936225,1.36004879048,98.4760413446
3583,5650,3.70506480316,84.2295411228,3.79288248658,1.36044331344,98.4758202335
3584,5650,3.70624588949,84.2743303027,3.79188546841,1.36083774204,98.4755990482
3585,5650,3.70742699246,84.3191337582,3.79088830787,1.36123207615,98.4753777886
3586,5650,3.70860811183,84.3639514894,3.78989100506,1.36162631563,98.4751564548
3587,5650,3.70978924735,84.4087834965,3.7888935601,1.36202046036,98.4749350467
3588,5650,3.7109703988,84.4536297797,3.7878959731,1.3624145102,98.4747135644
3589,5650,3.71215156593,84.4984903393,3.78689824417,1.36280846502,98.4744920077
3590,5650,3.71333274851,84.5433651753,3.78590037344,1.3632023247,98.4742703767
3591,5650,3.7145139463,84.588254288,3.784902361,1.36359608909,98.4740486713
3592,5650,3.71569515906,84.6331576776,3.78390420699,1.36398975808,98.4738268916
3593,5650,3.71687638656,84.6780753442,3.7829059115,1.36438333152,98.4736050374
3594,5650,3.71805762856,84.723007288,3.78190747466,1.36477680929,98.4733831088
3595,5650,3.71923888482,84.7679535092,3.78090889658,1.36517019126,98.4731611058
3596,5650,3.72042015511,84.812914008,3.77991017737,1.3655634773,98.4729390283
3597,5650,3.72160143918,84.8578887845,3.77891131715,1.36595666727,98.4727168763
3598,5650,3.7227827368,84.9028778389,3.77791231603,1.36634976105,98.4724946497
3599,5650,3.72396404773,84.9478811714,3.77691317412,1.3667427585,98.4722723486
3600,5650,3.72514537174,84.9928987821,3.77591389155,1.36713565949,98.472049973
3601,5650,3.72632670858,85.0379306711,3.77491446842,1.3675284639,98.4718275227
3602,5650,3.72750805802,85.0829768387,3.77391490485,1.36792117159,98.4716049979
3603,5650,3.72868941983,85.128037285,3.77291520095,1.36831378243,98.4713823984
3604,5650,3.72987079375,85.17311201,3.77191535684,1.3687062963,98.4711597242
3605,5650,3.73105217956,85.2182010141,3.77091537263,1.36909871305,98.4709369754
3606,5650,3.73223357702,85.2633042973,3.76991524844,1.36949103256,98.4707141518
3607,5650,3.73341498589,85.3084218597,3.76891498438,1.36988325471,98.4704912535
3608,5650,3.73459640593,85.3535537015,3.76791458057,1.37027537935,98.4702682805
3609,5650,3.7357778369,85.3986998229,3.76691403712,1.37066740636,98.4700452327
3610,5650,3.73695927857,85.4438602238,3.76591335415,1.37105933561,98.46982211
3611,5650,3.7381407307,85.4890349046,3.76491253176,1.37145116696,98.4695989126
3612,5650,3.73932219304,85.5342238653,3.76391157008,1.37184290029,98.4693756403
3613,5650,3.74050366537,85.579427106,3.76291046922,1.37223453547,98.4691522932
3614,5650,3.74168514744,85.6246446269,3.7619092293,1.37262607237,98.4689288711
3615,5650,3.74286663901,85.669876428,3.76090785043,1.37301751084,98.4687053741
3616,5650,3.74404813985,85.7151225095,3.75990633273,1.37340885078,98.4684818022
3617,5650,3.74522964972,85.7603828715,3.7589046763,1.37380009204,98.4682581554
3618,5650,3.74641116837,85.805657514,3.75790288127,1.37419123449,98.4680344335
3619,5650,3.74759269558,85.8509464373,3.75690094776,1.37458227801,98.4678106366
3620,5650,3.7487742311,85.8962496414,3.75589887587,1.37497322246,98.4675867647
3621,5650,3.7499557747,85.9415671264,3.75489666572,1.37536406772,98.4673628178
3622,5650,3.75113732613,85.9868988924,3.75389431743,1.37575481365,98.4671387958
3623,5650,3.75231888515,86.0322449394,3.75289183111,1.37614546012,98.4669146986
3624,5650,3.75350045154,86.0776052677,3.75188920688,1.37653600701,98.4666905264
3625,5650,3.75468202505,86.1229798772,3.75088644486,1.37692645418,98.466466279
3626,5650,3.75586360543,86.1683687681,3.74988354515,1.3773168015,98.4662419564
3627,5650,3.75704519246,86.2137719404,3.74888050788,1.37770704884,98.4660175586
3628,5650,3.75822678589,86.2591893942,3.74787733316,1.37809719608,98.4657930857
3629,5650,3.75940838549,86.3046211297,3.74687402111,1.37848724307,98.4655685374
3630,5650,3.76058999101,86.3500671467,3.74587057184,1.3788771897,98.465343914
3631,5650,3.76177160221,86.3955274455,3.74486698547,1.37926703584,98.4651192152
3632,5650,3.76295321887,86.4410020261,3.74386326211,1.37965678134,98.4648944411
3633,5650,3.76413484073,86.4864908886,3.74285940188,1.38004642609,98.4646695917
3634,5650,3.76531646757,86.531994033,3.7418554049,1.38043596995,98.4644446669
3635,5650,3.76649809913,86.5775114594,3.74085127128,1.38082541279,98.4642196668
3636,5650,3.76767973519,86.6230431678,3.73984700113,1.38121475448,98.4639945912
3637,5650,3.76886137549,86.6685891583,3.73884259459,1.3816039949,98.4637694403
3638,5650,3.77004301981,86.714149431,3.73783805175,1.38199313391,98.4635442138
3639,5650,3.77122466791,86.7597239859,3.73683337273,1.38238217138,98.463318912
3640,5650,3.77240631953,86.8053128229,3.73582855767,1.38277110719,98.4630935346
3641,5650,3.77358797446,86.8509159423,3.73482360665,1.38315994119,98.4628680817
3642,5650,3.77476963244,86.896533344,3.73381851982,1.38354867327,98.4626425532
3643,5650,3.77595129323,86.942165028,3.73281329727,1.3839373033,98.4624169492
3644,5650,3.7771329566,86.9878109944,3.73180793914,1.38432583114,98.4621912696
3645,5650,3.77831462231,87.0334712432,3.73080244553,1.38471425666,98.4619655144
3646,5650,3.77949629012,87.0791457745,3.72979681656,1.38510257974,98.4617396836
3647,5650,3.78067795978,87.1248345882,3.72879105234,1.38549080024,98.4615137771
3648,5650,3.78185963107,87.1705376844,3.727785153,1.38587891803,98.461287795
3649,5650,3.78304130373,87.2162550631,3.72677911866,1.386266933,98.4610617371
3650,5650,3.78422297753,87.2619867243,3.72577294941,1.38665484499,98.4608356035
3651,5650,3.78540465223,87.3077326681,3.7247666454,1.3870426539,98.4606093942
3652,5650,3.78658632759,87.3534928944,3.72376020672,1.38743035958,98.4603831091
3653,5650,3.78776800337,87.3992674032,3.7227536335,1.38781796191,98.4601567482
3654,5650,3.78894967933,87.4450561946,3.72174692586,1.38820546076,98.4599303115
3655,5650,3.79013135523,87.4908592685,3.72074008391,1.38859285599,98.4597037989
3656,5650,3.79131303083,87.536676625,3.71973310777,1.38898014748,98.4594772105
3657,5650,3.7924947059,87.582508264,3.71872599755,1.38936733511,98.4592505462
3658,5650,3.79367638018,87.6283541855,3.71771875337,1.38975441873,98.459023806
3659,5650,3.79485805344,87.6742143896,3.71671137536,1.39014139822,98.4587969899
3660,5650,3.79603972544,87.7200888762,3.71570386362,1.39052827346,98.4585700978
3661,5650,3.79722139594,87.7659776453,3.71469621828,1.39091504431,98.4583431297
3662,5650,3.79840306471,87.8118806968,3.71368843945,1.39130171064,98.4581160856
3663,5650,3.79958473149,87.8577980308,3.71268052724,1.39168827232,98.4578889655
3664,5650,3.80076639605,87.9037296472,3.71167248178,1.39207472923,98.4576617694
3665,5650,3.80194805815,87.9496755461,3.71066430319,1.39246108123,98.4574344972
3666,5650,3.80312971755,87.9956357273,3.70965599158,1.3928473282,98.4572071489
3667,5650,3.80431137401,88.0416101908,3.70864754706,1.39323347001,98.4569797244
3668,5650,3.80549302729,88.0875989366,3.70763896976,1.39361950652,98.4567522239
3669,5650,3.80667467715,88.1336019647,3.7066302598,1.39400543761,98.4565246472
3670,5650,3.80785632334,88.1796192749,3.70562141728,1.39439126315,98.4562969943
3671,5650,3.80903796563,88.2256508674,3.70461244233,1.39477698301,98.4560692652
3672,5650,3.81021960378,88.2716967419,3.70360333507,1.39516259707,98.4558414598
3673,5650,3.81140123755,88.3177568986,3.70259409562,1.39554810518,98.4556135782
3674,5650,3.81258286668,88.3638313372,3.70158472408,1.39593350723,98.4553856204
3675,5650,3.81376449096,88.4099200578,3.70057522059,1.39631880308,98.4551575862
3676,5650,3.81494611013,88.4560230603,3.69956558525,1.39670399261,98.4549294757
3677,5650,3.81612772395,88.5021403446,3.69855581819,1.39708907569,98.4547012889
3678,5650,3.81730933219,88.5482719107,3.69754591952,1.39747405218,98.4544730257
3679,5650,3.81849093459,88.5944177584,3.69653588936,1.39785892197,98.4542446861
3680,5650,3.81967253093,88.6405778878,3.69552572784,1.39824368491,98.4540162701
3681,5650,3.82085412096,88.6867522988,3.69451543506,1.39862834088,98.4537877776
3682,5650,3.82203570444,88.7329409912,3.69350501114,1.39901288976,98.4535592087
3683,5650,3.82321728113,88.779143965,3.69249445621,1.39939733141,98.4533305633
3684,5650,3.82439885079,88.8253612201,3.69148377038,1.39978166571,98.4531018414
3685,5650,3.82558041317,88.8715927565,3.69047295377,1.40016589252,98.452873043
3686,5650,3.82676196804,88.9178385739,3.6894620065,1.40055001172,98.452644168
3687,5650,3.82794351516,88.9640986724,3.68845092869,1.40093402318,98.4524152165
3688,5650,3.82912505428,89.0103730519,3.68743972045,1.40131792677,98.4521861883
3689,5650,3.83030658516,89.0566617122,3.68642838191,1.40170172236,98.4519570836
3690,5650,3.83148810757,89.1029646532,3.68541691318,1.40208540983,98.4517279022
3691,5650,3.83266962125,89.1492818749,3.68440531438,1.40246898904,98.4514986441
3692,5650,3.83385112598,89.1956133771,3.68339358563,1.40285245987,98.4512693093
3693,5650,3.8350326215,89.2419591597,3.68238172704,1.40323582219,98.4510398978
3694,5650,3.83621410758,89.2883192227,3.68136973875,1.40361907586,98.4508104096
3695,5650,3.83739558397,89.3346935658,3.68035762086,1.40400222077,98.4505808447
3696,5650,3.83857705045,89.381082189,3.67934537349,1.40438525678,98.4503512029
3697,5650,3.83975850675,89.4274850922,3.67833299676,1.40476818377,98.4501214843
3698,5650,3.84093995265,89.4739022752,3.6773204908,1.4051510016,98.449891689
3699,5650,3.84212138789,89.5203337379,3.67630785572,1.40553371015,98.4496618167
3700,5650,3.84330281225,89.5667794802,3.67529509164,1.40591630929,98.4494318676
3701,5650,3.84448422547,89.6132395019,3.67428219867,1.40629879889,98.4492018416
3702,5650,3.84566562732,89.6597138029,3.67326917695,1.40668117883,98.4489717387
3703,5650,3.84684701755,89.7062023831,3.67225602658,1.40706344897,98.4487415589
3704,5650,3.84802839593,89.7527052423,3.67124274768,1.40744560919,98.448511302
3705,5650,3.84920976221,89.7992223804,3.67022934038,1.40782765936,98.4482809682
3706,5650,3.85039111614,89.8457537973,3.6692158048,1.40820959935,98.4480505574
3707,5650,3.8515724575,89.8922994927,3.66820214104,1.40859142903,98.4478200696
3708,5650,3.85275378603,89.9388594665,3.66718834924,1.40897314828,98.4475895047
3709,5650,3.8539351015,89.9854337186,3.66617442952,1.40935475696,98.4473588627
3710,5650,3.85511640366,90.0320222488,3.66516038198,1.40973625496,98.4471281436
3711,5650,3.85629769227,90.078625057,3.66414620675,1.41011764213,98.4468973474
3712,5650,3.85747896709,90.1252421429,3.66313190395,1.41049891836,98.446666474
3713,5650,3.85866022788,90.1718735065,3.6621174737,1.41088008352,98.4464355235
3714,5650,3.85984147439,90.2185191475,3.66110291613,1.41126113747,98.4462044958
3715,5650,3.86102270639,90.2651790657,3.66008823133,1.4116420801,98.4459733908
3716,5650,3.86220392363,90.3118532611,3.65907341945,1.41202291126,98.4457422087
3717,5650,3.86338512587,90.3585417334,3.6580584806,1.41240363084,98.4455109492
3718,5650,3.86456631286,90.4052444824,3.65704341489,1.41278423871,98.4452796125
3719,5650,3.86574748438,90.451961508,3.65602822245,1.41316473473,98.4450481985
3720,5650,3.86692864016,90.4986928099,3.65501290339,1.41354511879,98.4448167071
3721,5650,3.86810977998,90.5454383879,3.65399745784,1.41392539075,98.4445851384
3722,5650,3.86929090359,90.592198242,3.65298188592,1.41430555049,98.4443534923
3723,5650,3.87047201075,90.6389723718,3.65196618775,1.41468559788,98.4441217688
3724,5650,3.87165310121,90.6857607772,3.65095036344,1.41506553279,98.4438899679
3725,5650,3.87283417474,90.732563458,3.64993441311,1.41544535509,98.4436580896
3726,5650,3.87401523108,90.7793804139,3.6489183369,1.41582506466,98.4434261338
3727,5650,3.87519627001,90.8262116448,3.64790213491,1.41620466137,98.4431941004
3728,5650,3.87637729127,90.8730571504,3.64688580726,1.41658414509,98.4429619896
3729,5650,3.87755829463,90.9199169305,3.64586935408,1.4169635157,98.4427298013
3730,5650,3.87873927984,90.966790985,3.64485277549,1.41734277306,98.4424975354
3731,5650,3.87992024665,91.0136793135,3.64383607161,1.41772191705,98.4422651919
3732,5650,3.88110119484,91.0605819159,3.64281924255,1.41810094755,98.4420327708
3733,5650,3.88228212415,91.107498792,3.64180228844,1.41847986442,98.441800272
3734,5650,3.88346303434,91.1544299414,3.6407852094,1.41885866753,98.4415676957
3735,5650,3.88464392517,91.2013753641,3.63976800554,1.41923735677,98.4413350416
3736,5650,3.8858247964,91.2483350597,3.638750677,1.41961593201,98.4411023099
3737,5650,3.88700564779,91.2953090279,3.63773322388,1.41999439311,98.4408695004
3738,5650,3.88818647909,91.3422972687,3.63671564631,1.42037273995,98.4406366132
3739,5650,3.88936729005,91.3892997816,3.63569794441,1.4207509724,98.4404036482
3740,5650,3.89054808045,91.4363165665,3.63468011831,1.42112909034,98.4401706055
3741,5650,3.89172885003,91.4833476232,3.63366216811,1.42150709364,98.4399374849
3742,5650,3.89290959855,91.5303929513,3.63264409395,1.42188498217,98.4397042865
3743,5650,3.89409032577,91.5774525506,3.63162589594,1.4222627558,98.4394710103
3744,5650,3.89527103145,91.6245264208,3.6306075742,1.42264041441,98.4392376562
3745,5650,3.89645171534,91.6716145618,3.62958912885,1.42301795788,98.4390042241
3746,5650,3.8976323772,91.7187169732,3.62857056003,1.42339538607,98.4387707142
3747,5650,3.89881301679,91.7658336547,3.62755186783,1.42377269885,98.4385371263
3748,5650,3.89999363387,91.8129646061,3.6265330524,1.42414989611,98.4383034604
3749,5650,3.90117422819,91.8601098271,3.62551411384,1.42452697772,98.4380697166
3750,5650,3.90235479951,91.9072693175,3.62449505228,1.42490394354,98.4378358947
3751,5650,3.90353534759,91.9544430769,3.62347586784,1.42528079345,98.4376019948
3752,5650,3.90471587218,92.0016311051,3.62245656064,1.42565752732,98.4373680168
3753,5650,3.90589637304,92.0488334018,3.6214371308,1.42603414504,98.4371339608
3754,5650,3.90707684993,92.0960499667,3.62041757844,1.42641064647,98.4368998266
3755,5650,3.90825730261,92.1432807995,3.61939790369,1.42678703148,98.4366656144
3756,5650,3.90943773082,92.1905258999,3.61837810667,1.42716329995,98.4364313239
3757,5650,3.91061813434,92.2377852676,3.61735818749,1.42753945175,98.4361969553
3758,5650,3.91179851292,92.2850589023,3.61633814627,1.42791548676,98.4359625085
3759,5650,3.9129788663,92.3323468038,3.61531798315,1.42829140485,98.4357279835
3760,5650,3.91415919426,92.3796489717,3.61429769824,1.42866720589,98.4354933802
3761,5650,3.91533949655,92.4269654056,3.61327729166,1.42904288976,98.4352586987
3762,5650,3.91651977291,92.4742961054,3.61225676353,1.42941845633,98.4350239389
3763,5650,3.91770002312,92.5216410706,3.61123611398,1.42979390547,98.4347891008
3764,5650,3.91888024693,92.569000301,3.61021534313,1.43016923706,98.4345541843
3765,5650,3.92006044409,92.6163737962,3.60919445109,1.43054445098,98.4343191895
3766,5650,3.92124061436,92.6637615559,3.60817343799,1.43091954709,98.4340841163
3767,5650,3.9224207575,92.7111635798,3.60715230396,1.43129452527,98.4338489647
3768,5650,3.92360087327,92.7585798676,3.6061310491,1.4316693854,98.4336137347
3769,5650,3.92478096142,92.8060104189,3.60510967356,1.43204412734,98.4333784262
3770,5650,3.9259610217,92.8534552334,3.60408817743,1.43241875098,98.4331430393
3771,5650,3.92714105388,92.9009143107,3.60306656086,1.43279325618,98.4329075738
3772,5650,3.92832105771,92.9483876505,3.60204482396,1.43316764283,98.4326720299
3773,5650,3.92950103295,92.9958752525,3.60102296685,1.43354191078,98.4324364074
3774,5650,3.93068097935,93.0433771164,3.60000098965,1.43391605993,98.4322007064
3775,5650,3.93186089667,93.0908932416,3.59897889249,1.43429009014,98.4319649268
3776,5650,3.93304078468,93.138423628,3.59795667548,1.43466400129,98.4317290685
3777,5650,3.93422064311,93.1859682752,3.59693433876,1.43503779325,98.4314931317
3778,5650,3.93540047174,93.2335271828,3.59591188244,1.43541146589,98.4312571162
3779,5650,3.93658027031,93.2811003503,3.59488930664,1.4357850191,98.431021022
3780,5650,3.93776003859,93.3286877776,3.59386661149,1.43615845274,98.4307848491
3781,5650,3.93893977633,93.3762894642,3.59284379711,1.43653176669,98.4305485975
3782,5650,3.94011948328,93.4239054097,3.59182086361,1.43690496082,98.4303122672
3783,5650,3.94129915921,93.4715356138,3.59079781113,1.43727803502,98.4300758581
3784,5650,3.94247880386,93.519180076,3.58977463979,1.43765098914,98.4298393702
3785,5650,3.943658417,93.5668387961,3.5887513497,1.43802382307,98.4296028035
3786,5650,3.94483799839,93.6145117736,3.587727941,1.43839653669,98.429366158
3787,5650,3.94601754777,93.6621990081,3.58670441379,1.43876912986,98.4291294336
3788,5650,3.94719706491,93.7099004992,3.58568076821,1.43914160247,98.4288926303
3789,5650,3.94837654955,93.7576162467,3.58465700438,1.43951395438,98.4286557481
3790,5650,3.94955600147,93.80534625,3.58363312242,1.43988618547,98.4284187871
3791,5650,3.95073542041,93.8530905087,3.58260912245,1.44025829561,98.428181747
3792,5650,3.95191480612,93.9008490225,3.58158500459,1.44063028469,98.427944628
3793,5650,3.95309415838,93.948621791,3.58056076897,1.44100215257,98.42770743
3794,5650,3.95427347692,93.9964088138,3.57953641571,1.44137389914,98.427470153
3795,5650,3.95545276152,94.0442100904,3.57851194494,1.44174552426,98.427232797
3796,5650,3.95663201191,94.0920256204,3.57748735677,1.44211702781,98.4269953619
3797,5650,3.95781122787,94.1398554034,3.57646265133,1.44248840967,98.4267578477
3798,5650,3.95899040915,94.1876994391,3.57543782874,1.4428596697,98.4265202544
3799,5650,3.9601695555,94.2355577269,3.57441288912,1.4432308078,98.426282582
3800,5650,3.96134866667,94.2834302665,3.5733878326,1.44360182382,98.4260448304
3801,5650,3.96252774243,94.3313170575,3.57236265931,1.44397271765,98.4258069996
3802,5650,3.96370678254,94.3792180993,3.57133736935,1.44434348916,98.4255690897
3803,5650,3.96488578674,94.4271333916,3.57031196286,1.44471413823,98.4253311005
3804,5650,3.96606475479,94.475062934,3.56928643996,1.44508466474,98.4250930321
3805,5650,3.96724368645,94.5230067259,3.56826080077,1.44545506855,98.4248548845
3806,5650,3.96842258147,94.570964767,3.56723504542,1.44582534954,98.4246166575
3807,5650,3.96960143962,94.6189370568,3.56620917402,1.44619550759,98.4243783513
3808,5650,3.97078026064,94.6669235949,3.56518318671,1.44656554258,98.4241399657
3809,5650,3.9719590443,94.7149243808,3.5641570836,1.44693545437,98.4239015008
3810,5650,3.97313779035,94.762939414,3.56313086482,1.44730524285,98.4236629564
3811,5650,3.97431649853,94.8109686942,3.56210453049,1.44767490789,98.4234243327
3812,5650,3.97549516862,94.8590122208,3.56107808073,1.44804444937,98.4231856296
3813,5650,3.97667380037,94.9070699934,3.56005151567,1.44841386716,98.422946847
3814,5650,3.97785239353,94.9551420115,3.55902483544,1.44878316113,98.422707985
3815,5650,3.97903094785,95.0032282746,3.55799804015,1.44915233118,98.4224690434
3816,5650,3.9802094631,95.0513287823,3.55697112992,1.44952137716,98.4222300224
3817,5650,3.98138793903,95.0994435342,3.55594410489,1.44989029895,98.4219909218
3818,5650,3.98256637539,95.1475725297,3.55491696517,1.45025909644,98.4217517416
3819,5650,3.98374477194,95.1957157683,3.5538897109,1.45062776949,98.4215124819
3820,5650,3.98492312844,95.2438732496,3.55286234218,1.45099631799,98.4212731426
3821,5650,3.98610144465,95.292044973,3.55183485915,1.4513647418,98.4210337236
3822,5650,3.98727972031,95.3402309382,3.55080726193,1.45173304081,98.420794225
3823,5650,3.98845795518,95.3884311446,3.54977955065,1.4521012149,98.4205546468
3824,5650,3.98963614903,95.4366455917,3.54875172542,1.45246926392,98.4203149888
3825,5650,3.99081430159,95.4848742789,3.54772378637,1.45283718778,98.4200752511
3826,5650,3.99199241264,95.5331172059,3.54669573363,1.45320498633,98.4198354337
3827,5650,3.99317048193,95.5813743721,3.54566756731,1.45357265946,98.4195955365
3828,5650,3.99434850921,95.629645777,3.54463928755,1.45394020704,98.4193555596
3829,5650,3.99552649423,95.6779314201,3.54361089447,1.45430762895,98.4191155028
3830,5650,3.99670443676,95.7262313009,3.54258238818,1.45467492506,98.4188753662
3831,5650,3.99788233655,95.7745454188,3.54155376882,1.45504209526,98.4186351498
3832,5650,3.99906019335,95.8228737734,3.54052503651,1.45540913941,98.4183948534
3833,5650,4.00023800692,95.8712163641,3.53949619137,1.4557760574,98.4181544772
3834,5650,4.00141577702,95.9195731904,3.53846723353,1.4561428491,98.4179140211
3835,5650,4.0025935034,95.9679442518,3.53743816311,1.45650951439,98.417673485
3836,5650,4.00377118581,96.0163295477,3.53640898023,1.45687605314,98.417432869
3837,5650,4.00494882402,96.0647290777,3.53537968502,1.45724246523,98.4171921729
3838,5650,4.00612641777,96.1131428411,3.53435027761,1.45760875054,98.4169513969
3839,5650,4.00730396683,96.1615708374,3.53332075811,1.45797490894,98.4167105408
3840,5650,4.00848147094,96.2100130661,3.53229112666,1.45834094031,98.4164696047
3841,5650,4.00965892987,96.2584695267,3.53126138337,1.45870684454,98.4162285885
3842,5650,4.01083634336,96.3069402186,3.53023152837,1.45907262148,98.4159874922
3843,5650,4.01201371119,96.3554251413,3.52920156179,1.45943827103,98.4157463158
3844,5650,4.01319103309,96.4039242941,3.52817148375,1.45980379306,98.4155050592
3845,5650,4.01436830882,96.4524376766,3.52714129437,1.46016918744,98.4152637225
3846,5650,4.01554553815,96.5009652881,3.52611099378,1.46053445406,98.4150223055
3847,5650,4.01672272083,96.5495071282,3.5250805821,1.46089959279,98.4147808084
3848,5650,4.0178998566,96.5980631962,3.52405005946,1.4612646035,98.414539231
3849,5650,4.01907694523,96.6466334917,3.52301942599,1.46162948608,98.4142975734
3850,5650,4.02025398648,96.6952180139,3.5219886818,1.4619942404,98.4140558355
3851,5650,4.02143098009,96.7438167624,3.52095782702,1.46235886633,98.4138140173
3852,5650,4.02260792582,96.7924297365,3.51992686177,1.46272336377,98.4135721187
3853,5650,4.02378482343,96.8410569357,3.51889578619,1.46308773258,98.4133301399
3854,5650,4.02496167268,96.8896983594,3.5178646004,1.46345197263,98.4130880806
3855,5650,4.02613847331,96.9383540071,3.51683330451,1.46381608382,98.4128459409
3856,5650,4.02731522509,96.987023878,3.51580189866,1.46418006601,98.4126037209
3857,5650,4.02849192777,97.0357079717,3.51477038297,1.46454391909,98.4123614204
3858,5650,4.0296685811,97.0844062875,3.51373875757,1.46490764292,98.4121190394
3859,5650,4.03084518484,97.1331188249,3.51270702258,1.4652712374,98.411876578
3860,5650,4.03202173874,97.1818455832,3.51167517812,1.46563470239,98.411634036
3861,5650,4.03319824257,97.2305865619,3.51064322432,1.46599803777,98.4113914135
3862,5650,4.03437469607,97.2793417602,3.50961116131,1.46636124343,98.4111487105
3863,5650,4.035551099,97.3281111777,3.5085789892,1.46672431924,98.4109059269
3864,5650,4.03672745112,97.3768948137,3.50754670814,1.46708726507,98.4106630627
3865,5650,4.03790375217,97.4256926676,3.50651431823,1.46745008081,98.4104201179
3866,5650,4.03908000193,97.4745047387,3.50548181961,1.46781276633,98.4101770924
3867,5650,4.04025620013,97.5233310265,3.5044492124,1.46817532151,98.4099339863
3868,5650,4.04143234654,97.5721715304,3.50341649672,1.46853774623,98.4096907995
3869,5650,4.04260844091,97.6210262496,3.50238367271,1.46890004037,98.409447532
3870,5650,4.043784483,97.6698951836,3.50135074048,1.4692622038,98.4092041838
3871,5650,4.04496047256,97.7187783317,3.50031770017,1.46962423641,98.4089607548
3872,5650,4.04613640934,97.7676756933,3.49928455189,1.46998613807,98.408717245
3873,5650,4.04731229311,97.8165872678,3.49825129578,1.47034790866,98.4084736544
3874,5650,4.04848812362,97.8655130545,3.49721793195,1.47070954805,98.408229983
3875,5650,4.04966390061,97.9144530528,3.49618446054,1.47107105614,98.4079862308
3876,5650,4.05083962386,97.963407262,3.49515088167,1.47143243278,98.4077423977
3877,5650,4.0520152931,98.0123756814,3.49411719546,1.47179367788,98.4074984837
3878,5650,4.05319090811,98.0613583105,3.49308340204,1.47215479129,98.4072544888
3879,5650,4.05436646862,98.1103551485,3.49204950154,1.4725157729,98.407010413
3880,5650,4.0555419744,98.1593661949,3.49101549408,1.47287662259,98.4067662562
3881,5650,4.05671742521,98.2083914488,3.48998137979,1.47323734024,98.4065220184
3882,5650,4.05789282079,98.2574309098,3.48894715879,1.47359792573,98.4062776997
3883,5650,4.05906816091,98.306484577,3.4879128312,1.47395837893,98.4060332999
3884,5650,4.06024344531,98.3555524499,3.48687839716,1.47431869972,98.405788819
3885,5650,4.06141867375,98.4046345277,3.4858438568,1.47467888799,98.4055442571
3886,5650,4.06259384599,98.4537308098,3.48480921022,1.47503894361,98.4052996141
3887,5650,4.06376896179,98.5028412955,3.48377445757,1.47539886646,98.40505489
3888,5650,4.06494402089,98.5519659842,3.48273959897,1.47575865641,98.4048100848
3889,5650,4.06611902305,98.601104875,3.48170463454,1.47611831336,98.4045651984
3890,5650,4.06729396803,98.6502579674,3.48066956441,1.47647783717,98.4043202308
3891,5650,4.06846885558,98.6994252606,3.4796343887,1.47683722773,98.404075182
3892,5650,4.06964368546,98.748606754,3.47859910755,1.47719648491,98.403830052
3893,5650,4.07081845743,98.7978024468,3.47756372107,1.4775556086,98.4035848408
3894,5650,4.07199317123,98.8470123383,3.4765282294,1.47791459867,98.4033395483
3895,5650,4.07316782662,98.896236428,3.47549263266,1.478273455,98.4030941744
3896,5650,4.07434242336,98.9454747149,3.47445693097,1.47863217748,98.4028487193
3897,5650,4.0755169612,98.9947271985,3.47342112446,1.47899076598,98.4026031828
3898,5650,4.07669143989,99.0439938779,3.47238521326,1.47934922038,98.402357565
3899,5650,4.0778658592,99.0932747526,3.4713491975,1.47970754056,98.4021118658
3900,5650,4.07904021888,99.1425698218,3.4703130773,1.4800657264,98.4018660852
3901,5650,4.08021451867,99.1918790847,3.46927685278,1.48042377777,98.4016202231
3902,5650,4.08138875835,99.2412025406,3.46824052407,1.48078169457,98.4013742796
3903,5650,4.08256293765,99.2905401889,3.46720409131,1.48113947667,98.4011282547
3904,5650,4.08373705635,99.3398920287,3.46616755461,1.48149712394,98.4008821482
3905,5650,4.08491111418,99.3892580593,3.4651309141,1.48185463628,98.4006359602
3906,5650,4.08608511091,99.43863828,3.46409416991,1.48221201355,98.4003896907
3907,5650,4.08725904629,99.4880326901,3.46305732216,1.48256925564,98.4001433397
3908,5650,4.08843292007,99.5374412888,3.46202037099,1.48292636242,98.399896907
3909,5650,4.08960673202,99.5868640754,3.46098331651,1.48328333379,98.3996503927
3910,5650,4.09078048188,99.6363010491,3.45994615886,1.48364016961,98.3994037968
3911,5650,4.09195416942,99.6857522092,3.45890889816,1.48399686977,98.3991571193
3912,5650,4.09312779438,99.7352175549,3.45787153454,1.48435343414,98.3989103601
3913,5650,4.09430135651,99.7846970854,3.45683406812,1.48470986262,98.3986635191
3914,5650,4.09547485559,99.8341908001,3.45579649903,1.48506615507,98.3984165965
3915,5650,4.09664829135,99.883698698,3.4547588274,1.48542231138,98.3981695921
3916,5650,4.09782166356,99.9332207785,3.45372105335,1.48577833143,98.397922506
3917,5650,4.09899497197,99.9827570409,3.45268317702,1.4861342151,98.397675338
3918,5650,4.10016821633,100.032307484,3.45164519852,1.48648996227,98.3974280883
3919,5650,4.10134139641,100.081872108,3.45060711799,1.48684557281,98.3971807567
3920,5650,4.10251451194,100.131450911,3.44956893554,1.48720104662,98.3969333433
3921,5650,4.1036875627,100.181043893,3.44853065132,1.48755638357,98.396685848
3922,5650,4.10486054843,100.230651052,3.44749226544,1.48791158354,98.3964382708
3923,5650,4.10603346889,100.280272389,3.44645377803,1.48826664641,98.3961906117
3924,5650,4.10720632383,100.329907902,3.44541518922,1.48862157206,98.3959428706
3925,5650,4.10837911301,100.379557591,3.44437649914,1.48897636038,98.3956950476
3926,5650,4.10955183618,100.429221454,3.44333770791,1.48933101124,98.3954471426
3927,5650,4.11072449311,100.478899491,3.44229881566,1.48968552452,98.3951991556
3928,5650,4.11189708353,100.528591702,3.44125982252,1.49003990011,98.3949510865
3929,5650,4.11306960722,100.578298085,3.44022072861,1.49039413789,98.3947029354
3930,5650,4.11424206391,100.628018639,3.43918153406,1.49074823774,98.3944547022
3931,5650,4.11541445338,100.677753364,3.438142239,1.49110219953,98.394206387
3932,5650,4.11658677536,100.727502259,3.43710284355,1.49145602315,98.3939579895
3933,5650,4.11775902962,100.777265323,3.43606334785,1.49180970849,98.39370951
3934,5650,4.11893121592,100.827042555,3.43502375202,1.49216325541,98.3934609483
3935,5650,4.120103334,100.876833954,3.43398405619,1.49251666381,98.3932123044
3936,5650,4.12127538363,100.926639521,3.43294426048,1.49286993356,98.3929635782
3937,5650,4.12244736455,100.976459253,3.43190436502,1.49322306455,98.3927147699
3938,5650,4.12361927652,101.02629315,3.43086436994,1.49357605666,98.3924658793
3939,5650,4.1247911193,101.076141211,3.42982427536,1.49392890976,98.3922169064
3940,5650,4.12596289263,101.126003435,3.42878408142,1.49428162375,98.3919678512
3941,5650,4.12713459629,101.175879822,3.42774378824,1.49463419849,98.3917187137
3942,5650,4.12830623001,101.22577037,3.42670339595,1.49498663388,98.3914694938
3943,5650,4.12947779356,101.275675079,3.42566290468,1.49533892979,98.3912201916
3944,5650,4.1306492867,101.325593948,3.42462231455,1.49569108611,98.390970807
3945,5650,4.13182070916,101.375526977,3.42358162569,1.49604310272,98.39072134
3946,5650,4.13299206072,101.425474163,3.42254083823,1.4963949795,98.3904717905
3947,5650,4.13416334112,101.475435506,3.4214999523,1.49674671633,98.3902221586
3948,5650,4.13533455012,101.525411006,3.42045896802,1.49709831309,98.3899724442
3949,5650,4.13650568748,101.575400662,3.41941788552,1.49744976967,98.3897226473
3950,5650,4.13767675294,101.625404472,3.41837670493,1.49780108595,98.3894727678
3951,5650,4.13884774627,101.675422437,3.41733542638,1.4981522618,98.3892228059
3952,5650,4.14001866722,101.725454554,3.41629404999,1.49850329712,98.3889727613
3953,5650,4.14118951554,101.775500823,3.41525257589,1.49885419178,98.3887226342
3954,5650,4.14236029099,101.825561244,3.41421100422,1.49920494567,98.3884724244
3955,5650,4.14353099333,101.875635815,3.41316933509,1.49955555867,98.388222132
3956,5650,4.1447016223,101.925724535,3.41212756864,1.49990603066,98.387971757
3957,5650,4.14587217767,101.975827404,3.41108570499,1.50025636151,98.3877212993
3958,5650,4.14704265918,102.025944421,3.41004374427,1.50060655113,98.3874707588
3959,5650,4.1482130666,102.076075584,3.40900168662,1.50095659938,98.3872201357
3960,5650,4.14938339967,102.126220894,3.40795953215,1.50130650616,98.3869694298
3961,5650,4.15055365816,102.176380348,3.40691728099,1.50165627133,98.3867186411
3962,5650,4.15172384182,102.226553946,3.40587493328,1.50200589479,98.3864677696
3963,5650,4.1528939504,102.276741688,3.40483248914,1.50235537642,98.3862168153
3964,5650,4.15406398365,102.326943572,3.4037899487,1.5027047161,98.3859657782
3965,5650,4.15523394134,102.377159597,3.40274731209,1.50305391372,98.3857146582
3966,5650,4.15640382322,102.427389763,3.40170457943,1.50340296915,98.3854634554
3967,5650,4.15757362904,102.477634068,3.40066175085,1.50375188228,98.3852121696
3968,5650,4.15874335855,102.527892512,3.39961882649,1.50410065299,98.3849608009
3969,5650,4.15991301152,102.578165094,3.39857580647,1.50444928117,98.3847093493
3970,5650,4.16108258769,102.628451812,3.39753269091,1.5047977667,98.3844578147
3971,5650,4.16225208683,102.678752666,3.39648947996,1.50514610946,98.3842061971
3972,5650,4.16342150868,102.729067655,3.39544617372,1.50549430933,98.3839544964
3973,5650,4.164590853,102.779396778,3.39440277234,1.5058423662,98.3837027128
3974,5650,4.16576011955,102.829740034,3.39335927594,1.50619027995,98.3834508461
3975,5650,4.16692930809,102.880097422,3.39231568465,1.50653805047,98.3831988962
3976,5650,4.16809841835,102.930468941,3.3912719986,1.50688567763,98.3829468633
3977,5650,4.16926745011,102.980854591,3.39022821791,1.50723316132,98.3826947473
3978,5650,4.17043640312,103.03125437,3.38918434272,1.50758050143,98.3824425481
3979,5650,4.17160527713,103.081668277,3.38814037315,1.50792769784,98.3821902658
3980,5650,4.17277407189,103.132096311,3.38709630933,1.50827475043,98.3819379002
3981,5650,4.17394278716,103.182538472,3.3860521514,1.50862165909,98.3816854514
3982,5650,4.1751114227,103.232994758,3.38500789947,1.50896842369,98.3814329194
3983,5650,4.17627997827,103.283465168,3.38396355367,1.50931504413,98.3811803042
3984,5650,4.1774484536,103.333949702,3.38291911415,1.50966152028,98.3809276056
3985,5650,4.17861684847,103.384448359,3.38187458101,1.51000785204,98.3806748237
3986,5650,4.17978516263,103.434961137,3.3808299544,1.51035403928,98.3804219586
3987,5650,4.18095339582,103.485488035,3.37978523444,1.51070008188,98.38016901
3988,5650,4.18212154782,103.536029054,3.37874042126,1.51104597974,98.3799159781
3989,5650,4.18328961836,103.58658419,3.37769551499,1.51139173274,98.3796628628
3990,5650,4.18445760721,103.637153445,3.37665051576,1.51173734076,98.3794096641
3991,5650,4.18562551412,103.687736816,3.37560542369,1.51208280368,98.3791563819
3992,5650,4.18679333884,103.738334302,3.37456023892,1.51242812139,98.3789030163
3993,5650,4.18796108114,103.788945904,3.37351496157,1.51277329377,98.3786495672
3994,5650,4.18912874077,103.839571619,3.37246959177,1.51311832072,98.3783960346
3995,5650,4.19029631747,103.890211446,3.37142412965,1.5134632021,98.3781424184
3996,5650,4.19146381101,103.940865385,3.37037857535,1.51380793781,98.3778887187
3997,5650,4.19263122115,103.991533435,3.36933292898,1.51415252773,98.3776349355
3998,5650,4.19379854763,104.042215594,3.36828719068,1.51449697175,98.3773810686
3999,5650,4.19496579021,104.092911862,3.36724136058,1.51484126975,98.3771271181
4000,5650,4.19613294865,104.143622238,3.3661954388,1.51518542161,98.376873084
4001,5650,4.1973000227,104.19434672,3.36514942548,1.51552942723,98.3766189662
4002,5650,4.19846701211,104.245085308,3.36410332073,1.51587328647,98.3763647648
4003,5650,4.19963391665,104.295838,3.36305712471,1.51621699924,98.3761104796
4004,5650,4.20080073607,104.346604796,3.36201083752,1.51656056541,98.3758561107
4005,5650,4.20196747012,104.397385694,3.3609644593,1.51690398487,98.375601658
4006,5650,4.20313411855,104.448180693,3.35991799019,1.51724725751,98.3753471216
4007,5650,4.20430068113,104.498989793,3.3588714303,1.5175903832,98.3750925014
4008,5650,4.20546715761,104.549812993,3.35782477977,1.51793336184,98.3748377973
4009,5650,4.20663354774,104.60065029,3.35677803873,1.51827619331,98.3745830095
4010,5650,4.20779985128,104.651501685,3.3557312073,1.51861887749,98.3743281377
4011,5650,4.20896606798,104.702367176,3.35468428562,1.51896141428,98.3740731821
4012,5650,4.2101321976,104.753246763,3.35363727381,1.51930380355,98.3738181425
4013,5650,4.21129823989,104.804140443,3.35259017201,1.51964604519,98.3735630191
4014,5650,4.21246419462,104.855048216,3.35154298034,1.51998813909,98.3733078117
4015,5650,4.21363006153,104.905970082,3.35049569893,1.52033008513,98.3730525203
4016,5650,4.21479584037,104.956906038,3.34944832791,1.52067188319,98.3727971449
4017,5650,4.21596153092,105.007856085,3.34840086742,1.52101353318,98.3725416855
4018,5650,4.21712713291,105.05882022,3.34735331757,1.52135503496,98.372286142
4019,5650,4.21829264611,105.109798442,3.34630567851,1.52169638842,98.3720305145
4020,5650,4.21945807026,105.160790752,3.34525795035,1.52203759346,98.3717748029
4021,5650,4.22062340514,105.211797147,3.34421013323,1.52237864995,98.3715190072
4022,5650,4.22178865048,105.262817626,3.34316222728,1.52271955778,98.3712631274
4023,5650,4.22295380606,105.313852189,3.34211423263,1.52306031685,98.3710071634
4024,5650,4.22411887161,105.364900834,3.3410661494,1.52340092703,98.3707511153
4025,5650,4.2252838469,105.415963561,3.34001797773,1.5237413882,98.3704949829
4026,5650,4.22644873169,105.467040367,3.33896971775,1.52408170027,98.3702387663
4027,5650,4.22761352572,105.518131253,3.33792136958,1.52442186311,98.3699824655
4028,5650,4.22877822876,105.569236217,3.33687293335,1.52476187661,98.3697260805
4029,5650,4.22994284055,105.620355257,3.33582440921,1.52510174065,98.3694696111
4030,5650,4.23110736086,105.671488373,3.33477579726,1.52544145513,98.3692130574
4031,5650,4.23227178944,105.722635564,3.33372709765,1.52578101992,98.3689564194
4032,5650,4.23343612605,105.773796828,3.3326783105,1.52612043492,98.3686996971
4033,5650,4.23460037043,105.824972165,3.33162943595,1.52645970001,98.3684428904
4034,5650,4.23576452235,105.876161573,3.33058047412,1.52679881508,98.3681859993
4035,5650,4.23692858157,105.927365051,3.32953142514,1.52713778002,98.3679290237
4036,5650,4.23809254783,105.978582599,3.32848228914,1.52747659471,98.3676719637
4037,5650,4.23925642089,106.029814214,3.32743306626,1.52781525903,98.3674148193
4038,5650,4.24042020051,106.081059896,3.32638375661,1.52815377288,98.3671575904
4039,5650,4.24158388644,106.132319643,3.32533436034,1.52849213615,98.3669002769
4040,5650,4.24274747845,106.183593456,3.32428487757,1.52883034871,98.366642879
4041,5650,4.24391097627,106.234881331,3.32323530843,1.52916841046,98.3663853965
4042,5650,4.24507437968,106.286183269,3.32218565306,1.52950632128,98.3661278294
4043,5650,4.24623768843,106.337499268,3.32113591157,1.52984408107,98.3658701777
4044,5650,4.24740090226,106.388829327,3.32008608411,1.5301816897,98.3656124414
4045,5650,4.24856402095,106.440173445,3.31903617079,1.53051914707,98.3653546205
4046,5650,4.24972704423,106.49153162,3.31798617176,1.53085645306,98.3650967149
4047,5650,4.25088997187,106.542903852,3.31693608714,1.53119360756,98.3648387246
4048,5650,4.25205280363,106.594290139,3.31588591706,1.53153061045,98.3645806496
4049,5650,4.25321553926,106.645690481,3.31483566165,1.53186746164,98.3643224899
4050,5650,4.25437817851,106.697104875,3.31378532104,1.53220416099,98.3640642454
4051,5650,4.25554072115,106.748533322,3.31273489536,1.53254070841,98.3638059161
4052,5650,4.25670316692,106.799975819,3.31168438475,1.53287710377,98.3635475021
4053,5650,4.25786551558,106.851432366,3.31063378932,1.53321334697,98.3632890032
4054,5650,4.25902776689,106.902902961,3.30958310922,1.5335494379,98.3630304195
4055,5650,4.26018992061,106.954387603,3.30853234456,1.53388537643,98.362771751
4056,5650,4.26135197648,107.005886291,3.30748149549,1.53422116247,98.3625129975
4057,5650,4.26251393427,107.057399024,3.30643056213,1.53455679589,98.3622541592
4058,5650,4.26367579373,107.1089258,3.30537954462,1.53489227658,98.3619952359
4059,5650,4.26483755462,107.160466619,3.30432844307,1.53522760445,98.3617362276
4060,5650,4.2659992167,107.21202148,3.30327725763,1.53556277936,98.3614771344
4061,5650,4.26716077971,107.26359038,3.30222598842,1.53589780121,98.3612179562
4062,5650,4.26832224341,107.315173319,3.30117463557,1.53623266989,98.360958693
4063,5650,4.26948360757,107.366770296,3.30012319922,1.53656738529,98.3606993447
4064,5650,4.27064487193,107.418381309,3.29907167949,1.5369019473,98.3604399114
4065,5650,4.27180603626,107.470006358,3.29802007651,1.53723635579,98.360180393
4066,5650,4.27296710031,107.52164544,3.29696839042,1.53757061067,98.3599207895
4067,5650,4.27412806382,107.573298555,3.29591662135,1.53790471182,98.3596611009
4068,5650,4.27528892657,107.624965702,3.29486476941,1.53823865914,98.3594013271
4069,5650,4.27644968831,107.676646879,3.29381283476,1.53857245249,98.3591414681
4070,5650,4.27761034879,107.728342086,3.29276081751,1.53890609179,98.3588815239
4071,5650,4.27877090776,107.78005132,3.29170871779,1.53923957691,98.3586214946
4072,5650,4.27993136499,107.831774581,3.29065653575,1.53957290775,98.3583613799
4073,5650,4.28109172024,107.883511867,3.2896042715,1.53990608419,98.3581011801
4074,5650,4.28225197324,107.935263178,3.28855192518,1.54023910613,98.3578408949
4075,5650,4.28341212378,107.987028512,3.28749949691,1.54057197344,98.3575805244
4076,5650,4.28457217159,108.038807867,3.28644698684,1.54090468603,98.3573200686
4077,5650,4.28573211643,108.090601243,3.28539439508,1.54123724378,98.3570595275
4078,5650,4.28689195807,108.142408638,3.28434172178,1.54156964658,98.356798901
4079,5650,4.28805169625,108.194230052,3.28328896705,1.54190189432,98.3565381891
4080,5650,4.28921133074,108.246065482,3.28223613104,1.54223398688,98.3562773917
4081,5650,4.29037086128,108.297914927,3.28118321387,1.54256592417,98.356016509
4082,5650,4.29153028765,108.349778387,3.28013021567,1.54289770606,98.3557555407
4083,5650,4.29268960958,108.401655859,3.27907713658,1.54322933245,98.355494487
4084,5650,4.29384882684,108.453547344,3.27802397672,1.54356080323,98.3552333478
4085,5650,4.29500793919,108.505452839,3.27697073622,1.54389211828,98.3549721231
4086,5650,4.29616694638,108.557372343,3.27591741522,1.5442232775,98.3547108128
4087,5650,4.29732584817,108.609305855,3.27486401385,1.54455428077,98.3544494169
4088,5650,4.29848464431,108.661253374,3.27381053223,1.544885128,98.3541879355
4089,5650,4.29964333456,108.713214897,3.2727569705,1.54521581906,98.3539263684
4090,5650,4.30080191868,108.765190426,3.27170332879,1.54554635384,98.3536647157
4091,5650,4.30196039641,108.817179956,3.27064960723,1.54587673224,98.3534029773
4092,5650,4.30311876753,108.869183489,3.26959580595,1.54620695415,98.3531411532
4093,5650,4.30427703179,108.921201021,3.26854192508,1.54653701946,98.3528792435
4094,5650,4.30543518894,108.973232553,3.26748796475,1.54686692805,98.352617248
4095,5650,4.30659323873,109.025278082,3.26643392509,1.54719667982,98.3523551668
4096,5650,4.30775118093,109.077337608,3.26537980624,1.54752627466,98.3520929998
4097,5650,4.3089090153,109.129411128,3.26432560833,1.54785571246,98.351830747
4098,5650,4.31006674158,109.181498642,3.26327133147,1.5481849931,98.3515684084
4099,5650,4.31122435954,109.233600149,3.26221697582,1.54851411649,98.3513059839
4100,5650,4.31238186892,109.285715647,3.26116254149,1.5488430825,98.3510434736
4101,5650,4.3135392695,109.337845134,3.26010802862,1.54917189104,98.3507808774
4102,5650,4.31469656102,109.38998861,3.25905343735,1.54950054199,98.3505181953
4103,5650,4.31585374324,109.442146073,3.25799876779,1.54982903524,98.3502554273
4104,5650,4.31701081592,109.494317522,3.25694402008,1.55015737069,98.3499925733
4105,5650,4.31816777882,109.546502956,3.25588919436,1.55048554822,98.3497296334
4106,5650,4.31932463169,109.598702373,3.25483429075,1.55081356772,98.3494666075
4107,5650,4.32048137428,109.650915771,3.25377930938,1.5511414291,98.3492034955
4108,5650,4.32163800636,109.70314315,3.25272425039,1.55146913223,98.3489402976
4109,5650,4.32279452769,109.755384508,3.25166911391,1.55179667701,98.3486770135
4110,5650,4.32395093801,109.807639844,3.25061390007,1.55212406333,98.3484136434
4111,5650,4.32510723708,109.859909157,3.249558609,1.55245129109,98.3481501872
4112,5650,4.32626342467,109.912192445,3.24850324082,1.55277836016,98.3478866449
4113,5650,4.32741950053,109.964489706,3.24744779568,1.55310527046,98.3476230164
4114,5650,4.32857546442,110.01680094,3.2463922737,1.55343202186,98.3473593017
4115,5650,4.32973131609,110.069126145,3.24533667502,1.55375861425,98.3470955009
4116,5650,4.33088705529,110.12146532,3.24428099976,1.55408504754,98.3468316138
4117,5650,4.3320426818,110.173818463,3.24322524806,1.55441132161,98.3465676405
4118,5650,4.33319819536,110.226185573,3.24216942005,1.55473743636,98.3463035809
4119,5650,4.33435359573,110.278566649,3.24111351585,1.55506339167,98.3460394351
4120,5650,4.33550888267,110.330961689,3.24005753561,1.55538918743,98.345775203
4121,5650,4.33666405593,110.383370692,3.23900147945,1.55571482355,98.3455108845
4122,5650,4.33781911528,110.435793656,3.2379453475,1.55604029991,98.3452464797
4123,5650,4.33897406046,110.488230581,3.2368891399,1.5563656164,98.3449819885
4124,5650,4.34012889125,110.540681464,3.23583285677,1.55669077292,98.344717411
4125,5650,4.34128360738,110.593146305,3.23477649825,1.55701576936,98.344452747
4126,5650,4.34243820863,110.645625102,3.23372006447,1.5573406056,98.3441879966
4127,5650,4.34359269474,110.698117853,3.23266355556,1.55766528156,98.3439231597
4128,5650,4.34474706549,110.750624558,3.23160697165,1.5579897971,98.3436582364
4129,5650,4.34590132061,110.803145214,3.23055031288,1.55831415214,98.3433932265
4130,5650,4.34705545987,110.855679821,3.22949357937,1.55863834656,98.3431281302
4131,5650,4.34820948303,110.908228377,3.22843677125,1.55896238025,98.3428629473
4132,5650,4.34936338985,110.96079088,3.22737988867,1.5592862531,98.3425976778
4133,5650,4.35051718008,111.01336733,3.22632293174,1.55960996502,98.3423323217
4134,5650,4.35167085348,111.065957724,3.2252659006,1.55993351589,98.342066879
4135,5650,4.3528244098,111.118562062,3.22420879539,1.5602569056,98.3418013497
4136,5650,4.35397784881,111.171180342,3.22315161623,1.56058013405,98.3415357338
4137,5650,4.35513117026,111.223812562,3.22209436325,1.56090320114,98.3412700311
4138,5650,4.35628437391,111.276458722,3.22103703659,1.56122610675,98.3410042418
4139,5650,4.35743745952,111.329118819,3.21997963638,1.56154885077,98.3407383657
4140,5650,4.35859042684,111.381792852,3.21892216275,1.56187143311,98.3404724029
4141,5650,4.35974327563,111.43448082,3.21786461584,1.56219385365,98.3402063534
4142,5650,4.36089600565,111.487182722,3.21680699576,1.56251611229,98.339940217
4143,5650,4.36204861666,111.539898555,3.21574930266,1.56283820892,98.3396739938
4144,5650,4.36320110842,111.592628319,3.21469153667,1.56316014343,98.3394076838
4145,5650,4.36435348068,111.645372012,3.21363369792,1.56348191573,98.339141287
4146,5650,4.36550573319,111.698129633,3.21257578654,1.56380352569,98.3388748033
4147,5650,4.36665786573,111.75090118,3.21151780265,1.56412497322,98.3386082326
4148,5650,4.36780987804,111.803686652,3.21045974641,1.56444625821,98.3383415751
4149,5650,4.36896176989,111.856486047,3.20940161792,1.56476738056,98.3380748306
4150,5650,4.37011354103,111.909299364,3.20834341734,1.56508834015,98.3378079992
4151,5650,4.37126519121,111.962126601,3.20728514478,1.56540913689,98.3375410807
4152,5650,4.37241672021,112.014967757,3.20622680039,1.56572977066,98.3372740753
4153,5650,4.37356812776,112.06782283,3.20516838428,1.56605024136,98.3370069828
4154,5650,4.37471941365,112.12069182,3.20410989661,1.56637054888,98.3367398033
4155,5650,4.37587057761,112.173574724,3.20305133748,1.56669069313,98.3364725367
4156,5650,4.37702161941,112.226471541,3.20199270705,1.56701067398,98.336205183
4157,5650,4.37817253881,112.279382269,3.20093400543,1.56733049135,98.3359377421
4158,5650,4.37932333557,112.332306908,3.19987523277,1.56765014511,98.3356702142
4159,5650,4.38047400943,112.385245455,3.19881638919,1.56796963517,98.3354025991
4160,5650,4.38162456017,112.438197909,3.19775747483,1.56828896143,98.3351348968
4161,5650,4.38277498754,112.491164269,3.19669848981,1.56860812377,98.3348671073
4162,5650,4.3839252913,112.544144533,3.19563943428,1.56892712209,98.3345992305
4163,5650,4.3850754712,112.597138699,3.19458030835,1.56924595628,98.3343312665
4164,5650,4.38622552701,112.650146767,3.19352111217,1.56956462625,98.3340632153
4165,5650,4.38737545847,112.703168734,3.19246184586,1.56988313188,98.3337950767
4166,5650,4.38852526536,112.756204599,3.19140250956,1.57020147307,98.3335268508
4167,5650,4.38967494743,112.809254361,3.1903431034,1.57051964972,98.3332585376
4168,5650,4.39082450444,112.862318018,3.18928362751,1.57083766171,98.332990137
4169,5650,4.39197393614,112.915395569,3.18822408202,1.57115550896,98.3327216491
4170,5650,4.39312324229,112.968487012,3.18716446707,1.57147319134,98.3324530737
4171,5650,4.39427242266,113.021592345,3.18610478279,1.57179070876,98.3321844109
4172,5650,4.395421477,113.074711567,3.1850450293,1.57210806112,98.3319156607
4173,5650,4.39657040507,113.127844677,3.18398520675,1.5724252483,98.331646823
4174,5650,4.39771920662,113.180991672,3.18292531526,1.5727422702,98.3313778978
4175,5650,4.39886788143,113.234152552,3.18186535497,1.57305912673,98.3311088851
4176,5650,4.40001642924,113.287327315,3.180805326,1.57337581777,98.3308397848
4177,5650,4.40116484981,113.34051596,3.17974522849,1.57369234322,98.330570597
4178,5650,4.4023131429,113.393718484,3.17868506258,1.57400870297,98.3303013216
4179,5650,4.40346130828,113.446934886,3.17762482839,1.57432489693,98.3300319586
4180,5650,4.40460934569,113.500165165,3.17656452605,1.57464092499,98.329762508
4181,5650,4.40575725491,113.55340932,3.17550415571,1.57495678704,98.3294929697
4182,5650,4.40690503568,113.606667348,3.17444371748,1.57527248298,98.3292233437
4183,5650,4.40805268777,113.659939248,3.17338321151,1.57558801271,98.3289536301
4184,5650,4.40920021093,113.713225018,3.17232263792,1.57590337612,98.3286838288
4185,5650,4.41034760493,113.766524658,3.17126199685,1.57621857311,98.3284139397
4186,5650,4.41149486952,113.819838165,3.17020128843,1.57653360358,98.3281439628
4187,5650,4.41264200446,113.873165538,3.16914051278,1.57684846742,98.3278738982
4188,5650,4.41378900951,113.926506775,3.16807967006,1.57716316453,98.3276037458
4189,5650,4.41493588443,113.979861874,3.16701876038,1.57747769481,98.3273335055
4190,5650,4.41608262899,114.033230835,3.16595778388,1.57779205815,98.3270631774
4191,5650,4.41722924292,114.086613656,3.16489674068,1.57810625444,98.3267927615
4192,5650,4.41837572601,114.140010334,3.16383563093,1.5784202836,98.3265222576
4193,5650,4.419522078,114.193420869,3.16277445476,1.57873414551,98.3262516659
4194,5650,4.42066829866,114.246845259,3.16171321229,1.57904784006,98.3259809862
4195,5650,4.42181438774,114.300283501,3.16065190367,1.57936136717,98.3257102185
4196,5650,4.42296034501,114.353735596,3.15959052901,1.57967472672,98.3254393629
4197,5650,4.42410617022,114.40720154,3.15852908846,1.57998791861,98.3251684192
4198,5650,4.42525186313,114.460681333,3.15746758215,1.58030094273,98.3248973876
4199,5650,4.4263974235,114.514174973,3.15640601021,1.580613799,98.3246262679
4200,5650,4.4275428511,114.567682458,3.15534437277,1.5809264873,98.3243550601
4201,5650,4.42868814567,114.621203786,3.15428266996,1.58123900753,98.3240837643
4202,5650,4.42983330699,114.674738957,3.15322090192,1.58155135959,98.3238123803
4203,5650,4.4309783348,114.728287968,3.15215906877,1.58186354337,98.3235409082
4204,5650,4.43212322888,114.781850817,3.15109717066,1.58217555878,98.323269348
4205,5650,4.43326798897,114.835427504,3.15003520771,1.58248740571,98.3229976995
4206,5650,4.43441261484,114.889018027,3.14897318006,1.58279908407,98.3227259629
4207,5650,4.43555710625,114.942622383,3.14791108784,1.58311059373,98.3224541381
4208,5650,4.43670146295,114.996240572,3.14684893118,1.58342193462,98.322182225
4209,5650,4.43784568471,115.049872591,3.14578671021,1.58373310662,98.3219102236
4210,5650,4.43898977129,115.103518439,3.14472442506,1.58404410963,98.321638134
4211,5650,4.44013372245,115.157178115,3.14366207588,1.58435494355,98.321365956
4212,5650,4.44127753794,115.210851616,3.14259966279,1.58466560827,98.3210936898
4213,5650,4.44242121753,115.264538942,3.14153718592,1.58497610371,98.3208213351
4214,5650,4.44356476097,115.31824009,3.1404746454,1.58528642975,98.3205488921
4215,5650,4.44470816803,115.371955059,3.13941204138,1.58559658629,98.3202763607
4216,5650,4.44585143847,115.425683847,3.13834937397,1.58590657324,98.3200037409
4217,5650,4.44699457204,115.479426452,3.13728664332,1.58621639049,98.3197310326
4218,5650,4.44813756851,115.533182873,3.13622384956,1.58652603793,98.3194582359
4219,5650,4.44928042763,115.586953109,3.13516099281,1.58683551548,98.3191853507
4220,5650,4.45042314917,115.640737157,3.13409807322,1.58714482302,98.318912377
4221,5650,4.45156573288,115.694535016,3.13303509091,1.58745396046,98.3186393148
4222,5650,4.45270817853,115.748346684,3.13197204601,1.58776292769,98.318366164
4223,5650,4.45385048588,115.80217216,3.13090893867,1.58807172462,98.3180929246
4224,5650,4.45499265469,115.856011442,3.129845769,1.58838035114,98.3178195967
4225,5650,4.45613468471,115.909864528,3.12878253715,1.58868880715,98.3175461801
4226,5650,4.45727657571,115.963731416,3.12771924325,1.58899709256,98.3172726749
4227,5650,4.45841832744,116.017612105,3.12665588743,1.58930520725,98.316999081
4228,5650,4.45955993968,116.071506593,3.12559246982,1.58961315114,98.3167253984
4229,5650,4.46070141217,116.125414879,3.12452899056,1.58992092412,98.3164516272
4230,5650,4.46184274468,116.179336961,3.12346544977,1.59022852608,98.3161777672
4231,5650,4.46298393697,116.233272836,3.12240184759,1.59053595694,98.3159038185
4232,5650,4.4641249888,116.287222504,3.12133818416,1.59084321659,98.315629781
4233,5650,4.46526589993,116.341185963,3.1202744596,1.59115030492,98.3153556547
4234,5650,4.46640667013,116.39516321,3.11921067405,1.59145722185,98.3150814395
4235,5650,4.46754729914,116.449154245,3.11814682764,1.59176396726,98.3148071356
4236,5650,4.46868778674,116.503159066,3.11708292051,1.59207054106,98.3145327428
4237,5650,4.46982813268,116.55717767,3.11601895278,1.59237694315,98.3142582611
4238,5650,4.47096833672,116.611210057,3.11495492459,1.59268317343,98.3139836905
4239,5650,4.47210839863,116.665256223,3.11389083607,1.5929892318,98.313709031
4240,5650,4.47324831816,116.719316169,3.11282668736,1.59329511816,98.3134342825
4241,5650,4.47438809508,116.773389892,3.11176247859,1.5936008324,98.3131594451
4242,5650,4.47552772915,116.827477389,3.11069820988,1.59390637444,98.3128845187
4243,5650,4.47666722012,116.881578661,3.10963388138,1.59421174417,98.3126095032
4244,5650,4.47780656776,116.935693704,3.10856949322,1.59451694149,98.3123343988
4245,5650,4.47894577184,116.989822517,3.10750504552,1.59482196631,98.3120592053
4246,5650,4.4800848321,117.043965099,3.10644053842,1.59512681851,98.3117839227
4247,5650,4.48122374832,117.098121447,3.10537597206,1.59543149802,98.311508551
4248,5650,4.48236252025,117.15229156,3.10431134657,1.59573600471,98.3112330901
4249,5650,4.48350114766,117.206475436,3.10324666208,1.5960403385,98.3109575402
4250,5650,4.4846396303,117.260673073,3.10218191872,1.59634449929,98.310681901
4251,5650,4.48577796794,117.31488447,3.10111711662,1.59664848698,98.3104061727
4252,5650,4.48691616034,117.369109625,3.10005225593,1.59695230146,98.3101303552
4253,5650,4.48805420726,117.423348536,3.09898733676,1.59725594265,98.3098544484
4254,5650,4.48919210846,117.477601201,3.09792235926,1.59755941044,98.3095784524
4255,5650,4.4903298637,117.531867619,3.09685732356,1.59786270473,98.3093023671
4256,5650,4.49146747275,117.586147788,3.09579222979,1.59816582542,98.3090261925
4257,5650,4.49260493536,117.640441705,3.09472707808,1.59846877243,98.3087499286
4258,5650,4.4937422513,117.69474937,3.09366186856,1.59877154564,98.3084735753
4259,5650,4.49487942033,117.749070781,3.09259660137,1.59907414496,98.3081971327
4260,5650,4.4960164422,117.803405935,3.09153127665,1.59937657029,98.3079206007
4261,5650,4.4971533167,117.857754831,3.09046589452,1.59967882153,98.3076439793
4262,5650,4.49829004356,117.912117467,3.08940045512,1.59998089859,98.3073672684
4263,5650,4.49942662256,117.966493842,3.08833495858,1.60028280137,98.3070904681
4264,5650,4.50056305346,118.020883953,3.08726940503,1.60058452977,98.3068135784
4265,5650,4.50169933602,118.075287799,3.08620379461,1.60088608369,98.3065365991
4266,5650,4.50283547,118.129705378,3.08513812744,1.60118746303,98.3062595303
4267,5650,4.50397145516,118.184136688,3.08407240367,1.6014886677,98.305982372
4268,5650,4.50510729127,118.238581727,3.08300662343,1.6017896976,98.3057051241
4269,5650,4.50624297808,118.293040494,3.08194078684,1.60209055262,98.3054277866
4270,5650,4.50737851537,118.347512987,3.08087489404,1.60239123269,98.3051503596
4271,5650,4.50851390288,118.401999204,3.07980894517,1.60269173768,98.3048728429
4272,5650,4.50964914039,118.456499143,3.07874294035,1.60299206752,98.3045952365
4273,5650,4.51078422765,118.511012802,3.07767687973,1.6032922221,98.3043175405
4274,5650,4.51191916444,118.56554018,3.07661076342,1.60359220132,98.3040397548
4275,5650,4.5130539505,118.620081275,3.07554459158,1.60389200509,98.3037618793
4276,5650,4.5141885856,118.674636084,3.07447836432,1.60419163332,98.3034839142
4277,5650,4.51532306951,118.729204607,3.07341208178,1.60449108589,98.3032058592
4278,5650,4.51645740199,118.78378684,3.0723457441,1.60479036272,98.3029277145
4279,5650,4.5175915828,118.838382783,3.07127935141,1.60508946371,98.30264948
4280,5650,4.5187256117,118.892992434,3.07021290384,1.60538838877,98.3023711557
4281,5650,4.51985948845,118.94761579,3.06914640152,1.60568713779,98.3020927415
4282,5650,4.52099321282,119.002252851,3.06807984459,1.60598571068,98.3018142374
4283,5650,4.52212678457,119.056903613,3.06701323318,1.60628410735,98.3015356434
4284,5650,4.52326020347,119.111568076,3.06594656743,1.60658232769,98.3012569596
4285,5650,4.52439346927,119.166246236,3.06487984746,1.60688037162,98.3009781858
4286,5650,4.52552658173,119.220938094,3.06381307341,1.60717823902,98.300699322
4287,5650,4.52665954063,119.275643646,3.06274624541,1.60747592982,98.3004203683
4288,5650,4.52779234572,119.330362891,3.0616793636,1.60777344391,98.3001413245
4289,5650,4.52892499677,119.385095826,3.0606124281,1.6080707812,98.2998621908
4290,5650,4.53005749354,119.439842451,3.05954543906,1.60836794158,98.299582967
4291,5650,4.53118983579,119.494602763,3.0584783966,1.60866492497,98.2993036531
4292,5650,4.53232202329,119.54937676,3.05741130086,1.60896173127,98.2990242491
4293,5650,4.53345405579,119.604164441,3.05634415198,1.60925836039,98.2987447551
4294,5650,4.53458593307,119.658965803,3.05527695007,1.60955481222,98.2984651709
4295,5650,4.53571765488,119.713780845,3.05420969529,1.60985108667,98.2981854965
4296,5650,4.53684922099,119.768609565,3.05314238775,1.61014718365,98.297905732
4297,5650,4.53798063116,119.823451961,3.0520750276,1.61044310306,98.2976258772
4298,5650,4.53911188516,119.878308031,3.05100761496,1.61073884481,98.2973459323
4299,5650,4.54024298274,119.933177773,3.04994014998,1.61103440879,98.2970658971
4300,5650,4.54137392368,119.988061185,3.04887263277,1.61132979493,98.2967857716
4301,5650,4.54250470773,120.042958266,3.04780506348,1.61162500311,98.2965055558
4302,5650,4.54363533466,120.097869013,3.04673744225,1.61192003325,98.2962252498
4303,5650,4.54476580423,120.152793424,3.04566976919,1.61221488525,98.2959448534
4304,5650,4.5458961162,120.207731499,3.04460204445,1.61250955901,98.2956643666
4305,5650,4.54702627035,120.262683234,3.04353426816,1.61280405445,98.2953837895
4306,5650,4.54815626643,120.317648628,3.04246644045,1.61309837146,98.295103122
4307,5650,4.5492861042,120.372627679,3.04139856145,1.61339250995,98.2948223641
4308,5650,4.55041578343,120.427620384,3.04033063131,1.61368646983,98.2945415157
4309,5650,4.55154530389,120.482626743,3.03926265014,1.613980251,98.2942605768
4310,5650,4.55267466534,120.537646754,3.03819461809,1.61427385337,98.2939795475
4311,5650,4.55380386754,120.592680413,3.03712653529,1.61456727684,98.2936984277
4312,5650,4.55493291025,120.64772772,3.03605840187,1.61486052133,98.2934172173
4313,5650,4.55606179325,120.702788672,3.03499021796,1.61515358673,98.2931359164
4314,5650,4.55719051628,120.757863268,3.0339219837,1.61544647295,98.2928545249
4315,5650,4.55831907913,120.812951505,3.03285369922,1.61573917989,98.2925730429
4316,5650,4.55944748155,120.868053382,3.03178536465,1.61603170747,98.2922914702
4317,5650,4.5605757233,120.923168897,3.03071698013,1.61632405559,98.2920098068
4318,5650,4.56170380415,120.978298047,3.02964854579,1.61661622416,98.2917280529
4319,5650,4.56283172387,121.033440831,3.02858006176,1.61690821308,98.2914462082
4320,5650,4.56395948222,121.088597247,3.02751152818,1.61720002225,98.2911642728
4321,5650,4.56508707896,121.143767293,3.02644294518,1.6174916516,98.2908822467
4322,5650,4.56621451386,121.198950966,3.02537431289,1.61778310101,98.2906001299
4323,5650,4.56734178668,121.254148266,3.02430563145,1.6180743704,98.2903179222
4324,5650,4.56846889719,121.30935919,3.02323690099,1.61836545968,98.2900356238
4325,5650,4.56959584515,121.364583735,3.02216812164,1.61865636874,98.2897532346
4326,5650,4.57072263033,121.419821901,3.02109929354,1.61894709751,98.2894707545
4327,5650,4.57184925249,121.475073685,3.02003041681,1.61923764588,98.2891881836
4328,5650,4.57297571139,121.530339085,3.0189614916,1.61952801377,98.2889055218
4329,5650,4.5741020068,121.585618099,3.01789251803,1.61981820107,98.2886227691
4330,5650,4.57522813849,121.640910725,3.01682349624,1.6201082077,98.2883399255
4331,5650,4.57635410622,121.696216962,3.01575442637,1.62039803356,98.2880569909
4332,5650,4.57747990975,121.751536807,3.01468530853,1.62068767857,98.2877739654
4333,5650,4.57860554886,121.806870258,3.01361614288,1.62097714262,98.2874908489
4334,5650,4.5797310233,121.862217313,3.01254692954,1.62126642564,98.2872076414
4335,5650,4.58085633283,121.91757797,3.01147766864,1.62155552751,98.2869243428
4336,5650,4.58198147724,121.972952228,3.01040836032,1.62184444816,98.2866409532
4337,5650,4.58310645627,122.028340084,3.00933900472,1.62213318748,98.2863574725
4338,5650,4.5842312697,122.083741536,3.00826960196,1.62242174539,98.2860739007
4339,5650,4.58535591729,122.139156583,3.00720015217,1.6227101218,98.2857902377
4340,5650,4.58648039881,122.194585222,3.0061306555,1.62299831661,98.2855064837
4341,5650,4.58760471402,122.250027451,3.00506111207,1.62328632973,98.2852226385
4342,5650,4.58872886268,122.305483268,3.00399152202,1.62357416107,98.284938702
4343,5650,4.58985284457,122.360952671,3.00292188548,1.62386181054,98.2846546744
4344,5650,4.59097665945,122.416435659,3.00185220258,1.62414927804,98.2843705556
4345,5650,4.59210030708,122.471932229,3.00078247347,1.62443656349,98.2840863455
4346,5650,4.59322378722,122.527442379,2.99971269826,1.62472366679,98.2838020441
4347,5650,4.59434709966,122.582966107,2.9986428771,1.62501058785,98.2835176514
4348,5650,4.59547024414,122.638503411,2.99757301011,1.62529732657,98.2832331674
4349,5650,4.59659322044,122.694054289,2.99650309744,1.62558388288,98.2829485921
4350,5650,4.59771602833,122.74961874,2.99543313921,1.62587025668,98.2826639254
4351,5650,4.59883866756,122.80519676,2.99436313555,1.62615644787,98.2823791673
4352,5650,4.5999611379,122.860788348,2.99329308661,1.62644245636,98.2820943178
4353,5650,4.60108343913,122.916393502,2.99222299251,1.62672828207,98.2818093769
4354,5650,4.602205571,122.972012221,2.99115285339,1.6270139249,98.2815243445
4355,5650,4.60332753329,123.0276445,2.99008266937,1.62729938477,98.2812392207
4356,5650,4.60444932575,123.08329034,2.98901244061,1.62758466157,98.2809540053
4357,5650,4.60557094816,123.138949737,2.98794216721,1.62786975523,98.2806686985
4358,5650,4.60669240027,123.19462269,2.98687184933,1.62815466564,98.2803833001
4359,5650,4.60781368187,123.250309197,2.9858014871,1.62843939273,98.2800978101
4360,5650,4.60893479271,123.306009255,2.98473108063,1.62872393639,98.2798122286
4361,5650,4.61005573256,123.361722863,2.98366063008,1.62900829654,98.2795265555
4362,5650,4.61117650118,123.417450018,2.98259013558,1.62929247309,98.2792407907
4363,5650,4.61229709835,123.473190718,2.98151959724,1.62957646595,98.2789549343
4364,5650,4.61341752383,123.528944962,2.98044901522,1.62986027503,98.2786689862
4365,5650,4.61453777739,123.584712747,2.97937838965,1.63014390024,98.2783829465
4366,5650,4.61565785879,123.640494071,2.97830772064,1.63042734148,98.278096815
4367,5650,4.61677776779,123.696288932,2.97723700835,1.63071059867,98.2778105918
4368,5650,4.61789750418,123.752097328,2.9761662529,1.63099367172,98.2775242768
4369,5650,4.6190170677,123.807919256,2.97509545443,1.63127656054,98.2772378701
4370,5650,4.62013645814,123.863754716,2.97402461307,1.63155926504,98.2769513715
4371,5650,4.62125567526,123.919603704,2.97295372895,1.63184178513,98.2766647811
4372,5650,4.62237471882,123.975466219,2.97188280221,1.63212412072,98.2763780989
4373,5650,4.62349358859,124.031342258,2.97081183297,1.63240627171,98.2760913248
4374,5650,4.62461228434,124.08723182,2.96974082138,1.63268823803,98.2758044588
4375,5650,4.62573080583,124.143134901,2.96866976757,1.63297001959,98.275517501
4376,5650,4.62684915284,124.199051501,2.96759867166,1.63325161628,98.2752304511
4377,5650,4.62796732513,124.254981618,2.9665275338,1.63353302803,98.2749433094
4378,5650,4.62908532246,124.310925247,2.96545635411,1.63381425475,98.2746560756
4379,5650,4.63020314461,124.366882389,2.96438513273,1.63409529634,98.2743687498
4380,5650,4.63132079135,124.422853041,2.9633138698,1.63437615272,98.2740813321
4381,5650,4.63243826243,124.4788372,2.96224256544,1.6346568238,98.2737938223
4382,5650,4.63355555763,124.534834864,2.96117121979,1.63493730948,98.2735062204
4383,5650,4.63467267671,124.590846032,2.96009983298,1.63521760969,98.2732185264
4384,5650,4.63578961945,124.646870701,2.95902840515,1.63549772433,98.2729307403
4385,5650,4.63690638561,124.702908869,2.95795693643,1.63577765332,98.2726428621
4386,5650,4.63802297495,124.758960534,2.95688542695,1.63605739656,98.2723548918
4387,5650,4.63913938726,124.815025694,2.95581387684,1.63633695398,98.2720668293
4388,5650,4.64025562228,124.871104347,2.95474228625,1.63661632547,98.2717786745
4389,5650,4.6413716798,124.927196489,2.95367065529,1.63689551095,98.2714904276
4390,5650,4.64248755958,124.983302121,2.95259898411,1.63717451033,98.2712020884
4391,5650,4.64360326139,125.039421238,2.95152727284,1.63745332354,98.270913657
4392,5650,4.64471878499,125.09555384,2.95045552162,1.63773195047,98.2706251332
4393,5650,4.64583413015,125.151699923,2.94938373056,1.63801039104,98.2703365172
4394,5650,4.64694929665,125.207859486,2.94831189982,1.63828864516,98.2700478088
4395,5650,4.64806428425,125.264032527,2.94724002952,1.63856671275,98.2697590081
4396,5650,4.64917909272,125.320219043,2.94616811979,1.63884459372,98.269470115
4397,5650,4.65029372183,125.376419033,2.94509617077,1.63912228797,98.2691811295
4398,5650,4.65140817134,125.432632493,2.94402418259,1.63939979543,98.2688920517
4399,5650,4.65252244103,125.488859423,2.94295215539,1.63967711601,98.2686028813
4400,5650,4.65363653066,125.545099819,2.9418800893,1.63995424961,98.2683136185
4401,5650,4.65475044,125.60135368,2.94080798444,1.64023119616,98.2680242633
4402,5650,4.65586416883,125.657621003,2.93973584096,1.64050795555,98.2677348155
4403,5650,4.6569777169,125.713901786,2.93866365899,1.64078452772,98.2674452752
4404,5650,4.65809108399,125.770196027,2.93759143866,1.64106091257,98.2671556423
4405,5650,4.65920426987,125.826503724,2.93651918011,1.64133711001,98.2668659169
4406,5650,4.6603172743,125.882824875,2.93544688346,1.64161311996,98.2665760989
4407,5650,4.66143009706,125.939159477,2.93437454886,1.64188894233,98.2662861883
4408,5650,4.66254273791,125.995507528,2.93330217642,1.64216457703,98.265996185
4409,5650,4.66365519663,126.051869027,2.9322297663,1.64244002398,98.2657060891
4410,5650,4.66476747298,126.10824397,2.93115731861,1.64271528309,98.2654159005
4411,5650,4.66587956672,126.164632356,2.9300848335,1.64299035428,98.2651256192
4412,5650,4.66699147764,126.221034182,2.9290123111,1.64326523745,98.2648352452
4413,5650,4.6681032055,126.277449446,2.92793975154,1.64353993253,98.2645447785
4414,5650,4.66921475007,126.333878147,2.92686715495,1.64381443943,98.264254219
4415,5650,4.67032611112,126.390320281,2.92579452147,1.64408875805,98.2639635666
4416,5650,4.67143728842,126.446775847,2.92472185123,1.64436288833,98.2636728215
4417,5650,4.67254828173,126.503244842,2.92364914436,1.64463683016,98.2633819836
4418,5650,4.67365909084,126.559727264,2.92257640099,1.64491058346,98.2630910527
4419,5650,4.6747697155,126.616223111,2.92150362127,1.64518414815,98.2628000291
4420,5650,4.67588015548,126.672732381,2.92043080532,1.64545752415,98.2625089125
4421,5650,4.67699041057,126.729255071,2.91935795328,1.64573071136,98.262217703
4422,5650,4.67810048052,126.785791179,2.91828506528,1.6460037097,98.2619264005
4423,5650,4.6792103651,126.842340704,2.91721214144,1.64627651909,98.2616350051
4424,5650,4.6803200641,126.898903642,2.91613918192,1.64654913944,98.2613435167
4425,5650,4.68142957727,126.955479991,2.91506618683,1.64682157067,98.2610519353
4426,5650,4.68253890439,127.01206975,2.91399315632,1.64709381269,98.2607602609
4427,5650,4.68364804522,127.068672915,2.91292009051,1.64736586542,98.2604684934
4428,5650,4.68475699954,127.125289485,2.91184698954,1.64763772876,98.2601766328
4429,5650,4.68586576712,127.181919458,2.91077385354,1.64790940265,98.2598846792
4430,5650,4.68697434773,127.238562831,2.90970068265,1.64818088698,98.2595926324
4431,5650,4.68808274114,127.295219602,2.90862747699,1.64845218168,98.2593004925
4432,5650,4.68919094711,127.351889768,2.90755423671,1.64872328667,98.2590082594
4433,5650,4.69029896543,127.408573328,2.90648096193,1.64899420185,98.2587159332
4434,5650,4.69140679585,127.465270279,2.90540765279,1.64926492715,98.2584235137
4435,5650,4.69251443816,127.521980619,2.90433430942,1.64953546248,98.258131001
4436,5650,4.69362189211,127.578704345,2.90326093195,1.64980580776,98.2578383951
4437,5650,4.69472915749,127.635441456,2.90218752052,1.65007596289,98.2575456959
4438,5650,4.69583623406,127.692191949,2.90111407526,1.65034592781,98.2572529034
4439,5650,4.6969431216,127.748955821,2.90004059631,1.65061570241,98.2569600176
4440,5650,4.69804981987,127.805733071,2.89896708379,1.65088528663,98.2566670384
4441,5650,4.69915632865,127.862523696,2.89789353784,1.65115468038,98.2563739659
4442,5650,4.7002626477,127.919327694,2.89681995859,1.65142388356,98.2560808
4443,5650,4.70136877681,127.976145063,2.89574634618,1.65169289611,98.2557875407
4444,5650,4.70247471573,128.032975799,2.89467270074,1.65196171793,98.255494188
4445,5650,4.70358046424,128.089819902,2.8935990224,1.65223034894,98.2552007418
4446,5650,4.70468602211,128.146677369,2.8925253113,1.65249878907,98.2549072022
4447,5650,4.70579138912,128.203548197,2.89145156756,1.65276703821,98.254613569
4448,5650,4.70689656504,128.260432383,2.89037779133,1.6530350963,98.2543198424
4449,5650,4.70800154963,128.317329927,2.88930398273,1.65330296325,98.2540260222
4450,5650,4.70910634266,128.374240825,2.8882301419,1.65357063898,98.2537321085
4451,5650,4.71021094392,128.431165075,2.88715626897,1.6538381234,98.2534381012
4452,5650,4.71131535317,128.488102675,2.88608236407,1.65410541643,98.2531440003
4453,5650,4.71241957018,128.545053623,2.88500842735,1.65437251799,98.2528498058
4454,5650,4.71352359473,128.602017915,2.88393445892,1.65463942799,98.2525555176
4455,5650,4.71462742658,128.658995551,2.88286045892,1.65490614636,98.2522611357
4456,5650,4.71573106552,128.715986527,2.88178642749,1.655172673,98.2519666602
4457,5650,4.7168345113,128.772990841,2.88071236476,1.65543900785,98.251672091
4458,5650,4.71793776371,128.830008491,2.87963827087,1.65570515081,98.251377428
4459,5650,4.71904082251,128.887039474,2.87856414594,1.6559711018,98.2510826713
4460,5650,4.72014368749,128.944083788,2.8774899901,1.65623686075,98.2507878208
4461,5650,4.7212463584,129.001141432,2.8764158035,1.65650242756,98.2504928765
4462,5650,4.72234883502,129.058212402,2.87534158627,1.65676780216,98.2501978384
4463,5650,4.72345111713,129.115296695,2.87426733853,1.65703298447,98.2499027064
4464,5650,4.72455320449,129.172394311,2.87319306042,1.6572979744,98.2496074806
4465,5650,4.72565509689,129.229505246,2.87211875208,1.65756277188,98.2493121609
4466,5650,4.72675679409,129.286629498,2.87104441363,1.65782737681,98.2490167472
4467,5650,4.72785829586,129.343767065,2.86997004521,1.65809178912,98.2487212397
4468,5650,4.72895960198,129.400917944,2.86889564696,1.65835600873,98.2484256382
4469,5650,4.73006071222,129.458082133,2.867821219,1.65862003556,98.2481299427
4470,5650,4.73116162635,129.51525963,2.86674676147,1.65888386952,98.2478341533
4471,5650,4.73226234415,129.572450431,2.8656722745,1.65914751053,98.2475382698
4472,5650,4.73336286539,129.629654536,2.86459775823,1.65941095852,98.2472422923
4473,5650,4.73446318985,129.686871941,2.86352321278,1.65967421339,98.2469462207
4474,5650,4.73556331728,129.744102644,2.8624486383,1.65993727508,98.246650055
4475,5650,4.73666324748,129.801346643,2.86137403491,1.6602001435,98.2463537952
4476,5650,4.73776298021,129.858603935,2.86029940274,1.66046281857,98.2460574413
4477,5650,4.73886251525,129.915874518,2.85922474194,1.6607253002,98.2457609933
4478,5650,4.73996185236,129.97315839,2.85815005262,1.66098758832,98.2454644511
4479,5650,4.74106099133,130.030455548,2.85707533494,1.66124968285,98.2451678147
4480,5650,4.74215993192,130.087765989,2.85600058901,1.66151158371,98.244871084
4481,5650,4.74325867391,130.145089712,2.85492581497,1.66177329082,98.2445742592
4482,5650,4.74435721707,130.202426714,2.85385101296,1.66203480408,98.24427734
4483,5650,4.74545556119,130.259776992,2.8527761831,1.66229612344,98.2439803266
4484,5650,4.74655370602,130.317140544,2.85170132554,1.6625572488,98.2436832189
4485,5650,4.74765165134,130.374517369,2.8506264404,1.66281818009,98.2433860169
4486,5650,4.74874939694,130.431907462,2.84955152781,1.66307891722,98.2430887205
4487,5650,4.74984694258,130.489310822,2.84847658791,1.66333946012,98.2427913298
4488,5650,4.75094428803,130.546727447,2.84740162083,1.66359980871,98.2424938446
4489,5650,4.75204143308,130.604157334,2.84632662671,1.6638599629,98.2421962651
4490,5650,4.75313837749,130.66160048,2.84525160568,1.66411992263,98.2418985911
4491,5650,4.75423512104,130.719056884,2.84417655786,1.66437968779,98.2416008227
4492,5650,4.7553316635,130.776526542,2.8431014834,1.66463925833,98.2413029598
4493,5650,4.75642800465,130.834009453,2.84202638243,1.66489863416,98.2410050023
4494,5650,4.75752414427,130.891505614,2.84095125507,1.6651578152,98.2407069504
4495,5650,4.75862008212,130.949015022,2.83987610147,1.66541680137,98.2404088039
4496,5650,4.75971581798,131.006537675,2.83880092175,1.66567559259,98.2401105629
4497,5650,4.76081135163,131.064073571,2.83772571604,1.66593418878,98.2398122272
4498,5650,4.76190668284,131.121622707,2.83665048449,1.66619258987,98.239513797
4499,5650,4.76300181138,131.17918508,2.83557522722,1.66645079577,98.2392152721
4500,5650,4.76409673704,131.236760689,2.83449994437,1.66670880641,98.2389166526
4501,5650,4.76519145958,131.294349531,2.83342463606,1.66696662171,98.2386179384
4502,5650,4.76628597878,131.351951603,2.83234930244,1.66722424159,98.2383191294
4503,5650,4.76738029442,131.409566903,2.83127394362,1.66748166596,98.2380202258
4504,5650,4.76847440627,131.467195428,2.83019855976,1.66773889477,98.2377212274
4505,5650,4.76956831411,131.524837176,2.82912315098,1.66799592791,98.2374221343
4506,5650,4.7706620177,131.582492145,2.8280477174,1.66825276533,98.2371229464
4507,5650,4.77175551684,131.640160331,2.82697225918,1.66850940693,98.2368236637
4508,5650,4.77284881128,131.697841733,2.82589677643,1.66876585264,98.2365242861
4509,5650,4.77394190082,131.755536348,2.82482126929,1.66902210239,98.2362248137
4510,5650,4.77503478521,131.813244174,2.82374573789,1.66927815608,98.2359252464
4511,5650,4.77612746425,131.870965208,2.82267018237,1.66953401366,98.2356255842
4512,5650,4.7772199377,131.928699448,2.82159460286,1.66978967504,98.2353258271
4513,5650,4.77831220534,131.98644689,2.82051899949,1.67004514014,98.2350259751
4514,5650,4.77940426695,132.044207534,2.81944337239,1.67030040888,98.2347260281
4515,5650,4.7804961223,132.101981375,2.8183677217,1.67055548119,98.2344259861
4516,5650,4.78158777117,132.159768412,2.81729204755,1.67081035699,98.2341258492
4517,5650,4.78267921333,132.217568642,2.81621635007,1.6710650362,98.2338256171
4518,5650,4.78377044856,132.275382063,2.81514062939,1.67131951875,98.2335252901
4519,5650,4.78486147664,132.333208672,2.81406488565,1.67157380455,98.2332248679
4520,5650,4.78595229734,132.391048467,2.81298911898,1.67182789354,98.2329243507
4521,5650,4.78704291044,132.448901445,2.81191332952,1.67208178564,98.2326237384
4522,5650,4.78813331572,132.506767603,2.81083751739,1.67233548076,98.2323230309
4523,5650,4.78922351295,132.56464694,2.80976168272,1.67258897883,98.2320222283
4524,5650,4.79031350191,132.622539452,2.80868582566,1.67284227978,98.2317213304
4525,5650,4.79140328237,132.680445137,2.80760994633,1.67309538352,98.2314203374
4526,5650,4.79249285411,132.738363993,2.80653404486,1.67334828999,98.2311192492
4527,5650,4.79358221692,132.796296017,2.8054581214,1.6736009991,98.2308180657
4528,5650,4.79467137056,132.854241206,2.80438217606,1.67385351078,98.2305167869
4529,5650,4.79576031481,132.912199559,2.80330620899,1.67410582496,98.2302154129
4530,5650,4.79684904945,132.970171072,2.80223022031,1.67435794155,98.2299139435
4531,5650,4.79793757426,133.028155742,2.80115421016,1.67460986048,98.2296123788
4532,5650,4.79902588901,133.086153568,2.80007817867,1.67486158168,98.2293107187
4533,5650,4.80011399348,133.144164547,2.79900212597,1.67511310507,98.2290089633
4534,5650,4.80120188745,133.202188677,2.7979260522,1.67536443057,98.2287071124
4535,5650,4.8022895707,133.260225954,2.79684995749,1.67561555812,98.2284051662
4536,5650,4.80337704299,133.318276376,2.79577384196,1.67586648762,98.2281031245
4537,5650,4.80446430412,133.376339941,2.79469770576,1.67611721901,98.2278009873
4538,5650,4.80555135386,133.434416646,2.79362154902,1.67636775221,98.2274987546
4539,5650,4.80663819198,133.492506488,2.79254537186,1.67661808715,98.2271964264
4540,5650,4.80772481826,133.550609466,2.79146917442,1.67686822375,98.2268940027
4541,5650,4.80881123249,133.608725575,2.79039295684,1.67711816194,98.2265914835
4542,5650,4.80989743444,133.666854815,2.78931671924,1.67736790164,98.2262888686
4543,5650,4.81098342388,133.724997182,2.78824046176,1.67761744278,98.2259861582
4544,5650,4.81206920059,133.783152674,2.78716418453,1.67786678528,98.2256833521
4545,5650,4.81315476436,133.841321288,2.78608788768,1.67811592906,98.2253804504
4546,5650,4.81424011496,133.899503021,2.78501157135,1.67836487406,98.2250774531
4547,5650,4.81532525217,133.957697872,2.78393523566,1.6786136202,98.22477436
4548,5650,4.81641017577,134.015905836,2.78285888075,1.67886216739,98.2244711713
4549,5650,4.81749488553,134.074126913,2.78178250676,1.67911051558,98.2241678868
4550,5650,4.81857938123,134.132361099,2.78070611381,1.67935866469,98.2238645065
4551,5650,4.81966366266,134.190608392,2.77962970203,1.67960661463,98.2235610305
4552,5650,4.82074772959,134.248868788,2.77855327156,1.67985436534,98.2232574587
4553,5650,4.8218315818,134.307142286,2.77747682254,1.68010191674,98.222953791
4554,5650,4.82291521907,134.365428883,2.77640035509,1.68034926877,98.2226500276
4555,5650,4.82399864117,134.423728577,2.77532386934,1.68059642133,98.2223461682
4556,5650,4.82508184789,134.482041363,2.77424736543,1.68084337437,98.222042213
4557,5650,4.82616483901,134.540367241,2.77317084349,1.68109012781,98.2217381619
4558,5650,4.8272476143,134.598706208,2.77209430366,1.68133668156,98.2214340148
4559,5650,4.82833017355,134.65705826,2.77101774606,1.68158303557,98.2211297718
4560,5650,4.82941251652,134.715423396,2.76994117082,1.68182918976,98.2208254328
4561,5650,4.83049464301,134.773801612,2.76886457808,1.68207514405,98.2205209978
4562,5650,4.83157655279,134.832192906,2.76778796798,1.68232089837,98.2202164668
4563,5650,4.83265824564,134.890597275,2.76671134064,1.68256645265,98.2199118398
4564,5650,4.83373972134,134.949014718,2.76563469619,1.68281180681,98.2196071167
4565,5650,4.83482097967,135.00744523,2.76455803478,1.68305696079,98.2193022975
4566,5650,4.8359020204,135.06588881,2.76348135652,1.6833019145,98.2189973822
4567,5650,4.83698284333,135.124345455,2.76240466155,1.68354666788,98.2186923708
4568,5650,4.83806344822,135.182815162,2.76132795001,1.68379122085,98.2183872633
4569,5650,4.83914383487,135.241297928,2.76025122203,1.68403557335,98.2180820596
4570,5650,4.84022400304,135.299793752,2.75917447773,1.68427972529,98.2177767596
4571,5650,4.84130395252,135.35830263,2.75809771726,1.6845236766,98.2174713635
4572,5650,4.84238368308,135.416824559,2.75702094073,1.68476742722,98.2171658711
4573,5650,4.84346319452,135.475359538,2.7559441483,1.68501097708,98.2168602825
4574,5650,4.8445424866,135.533907563,2.75486734007,1.68525432609,98.2165545976
4575,5650,4.84562155912,135.592468632,2.7537905162,1.68549747418,98.2162488164
4576,5650,4.84670041184,135.651042742,2.75271367681,1.6857404213,98.2159429388
4577,5650,4.84777904455,135.70962989,2.75163682203,1.68598316735,98.2156369649
4578,5650,4.84885745703,135.768230074,2.750559952,1.68622571228,98.2153308947
4579,5650,4.84993564906,135.826843291,2.74948306684,1.68646805601,98.215024728
4580,5650,4.85101362043,135.885469538,2.74840616669,1.68671019847,98.214718465
4581,5650,4.8520913709,135.944108813,2.74732925169,1.68695213958,98.2144121055
4582,5650,4.85316890027,136.002761114,2.74625232195,1.68719387928,98.2141056495
4583,5650,4.85424620831,136.061426436,2.74517537762,1.68743541749,98.2137990971
4584,5650,4.85532329481,136.120104779,2.74409841883,1.68767675414,98.2134924482
4585,5650,4.85640015955,136.178796138,2.74302144571,1.68791788917,98.2131857027
4586,5650,4.8574768023,136.237500512,2.74194445838,1.6881588225,98.2128788607
4587,5650,4.85855322284,136.296217898,2.74086745699,1.68839955405,98.2125719222
4588,5650,4.85962942097,136.354948292,2.73979044167,1.68864008377,98.212264887
4589,5650,4.86070539646,136.413691693,2.73871341254,1.68888041157,98.2119577552
4590,5650,4.86178114909,136.472448098,2.73763636974,1.68912053739,98.2116505268
4591,5650,4.86285667865,136.531217503,2.7365593134,1.68936046116,98.2113432018
4592,5650,4.86393198491,136.589999907,2.73548224365,1.68960018281,98.2110357801
4593,5650,4.86500706766,136.648795306,2.73440516062,1.68983970226,98.2107282616
4594,5650,4.86608192667,136.707603698,2.73332806445,1.69007901944,98.2104206465
4595,5650,4.86715656174,136.76642508,2.73225095527,1.69031813429,98.2101129346
4596,5650,4.86823097264,136.825259449,2.7311738332,1.69055704674,98.2098051259
4597,5650,4.86930515915,136.884106804,2.73009669839,1.69079575671,98.2094972205
4598,5650,4.87037912106,136.94296714,2.72901955096,1.69103426414,98.2091892182
4599,5650,4.87145285815,137.001840455,2.72794239104,1.69127256895,98.2088811191
4600,5650,4.8725263702,137.060726747,2.72686521877,1.69151067108,98.2085729232
4601,5650,4.873599657,137.119626013,2.72578803428,1.69174857045,98.2082646304
4602,5650,4.87467271831,137.17853825,2.7247108377,1.691986267,98.2079562407
4603,5650,4.87574555394,137.237463456,2.72363362916,1.69222376065,98.2076477541
4604,5650,4.87681816366,137.296401627,2.72255640879,1.69246105135,98.2073391705
4605,5650,4.87789054725,137.35535276,2.72147917673,1.69269813901,98.2070304899
4606,5650,4.8789627045,137.414316855,2.7204019331,1.69293502357,98.2067217124
4607,5650,4.88003463518,137.473293906,2.71932467804,1.69317170496,98.2064128379
4608,5650,4.88110633909,137.532283912,2.71824741168,1.69340818311,98.2061038663
4609,5650,4.882177816,137.591286871,2.71717013415,1.69364445795,98.2057947977
4610,5650,4.8832490657,137.650302778,2.71609284559,1.69388052941,98.205485632
4611,5650,4.88432008796,137.709331632,2.71501554611,1.69411639743,98.2051763693
4612,5650,4.88539088259,137.768373429,2.71393823587,1.69435206193,98.2048670094
4613,5650,4.88646144935,137.827428168,2.71286091498,1.69458752285,98.2045575523
4614,5650,4.88753178802,137.886495845,2.71178358358,1.69482278012,98.2042479981
4615,5650,4.88860189841,137.945576457,2.7107062418,1.69505783367,98.2039383467
4616,5650,4.88967178028,138.004670002,2.70962888977,1.69529268342,98.2036285982
4617,5650,4.89074143342,138.063776477,2.70855152763,1.69552732933,98.2033187523
4618,5650,4.89181085761,138.122895879,2.7074741555,1.6957617713,98.2030088093
4619,5650,4.89288005264,138.182028205,2.70639677352,1.69599600929,98.2026987689
4620,5650,4.8939490183,138.241173454,2.70531938182,1.69623004321,98.2023886313
4621,5650,4.89501775436,138.30033162,2.70424198052,1.696463873,98.2020783964
4622,5650,4.8960862606,138.359502703,2.70316456977,1.6966974986,98.2017680641
4623,5650,4.89715453683,138.4186867,2.70208714969,1.69693091994,98.2014576344
4624,5650,4.89822258281,138.477883607,2.70100972041,1.69716413694,98.2011471074
4625,5650,4.89929039833,138.537093421,2.69993228207,1.69739714954,98.200836483
4626,5650,4.90035798318,138.596316141,2.6988548348,1.69762995767,98.2005257611
4627,5650,4.90142533714,138.655551762,2.69777737872,1.69786256127,98.2002149418
4628,5650,4.90249245999,138.714800283,2.69669991397,1.69809496027,98.199904025
4629,5650,4.90355935152,138.774061701,2.69562244068,1.6983271546,98.1995930107
4630,5650,4.90462601152,138.833336012,2.69454495898,1.6985591442,98.199281899
4631,5650,4.90569243977,138.892623215,2.69346746901,1.69879092899,98.1989706896
4632,5650,4.90675863604,138.951923305,2.69238997089,1.69902250891,98.1986593827
4633,5650,4.90782460014,139.011236281,2.69131246476,1.6992538839,98.1983479783
4634,5650,4.90889033184,139.070562139,2.69023495074,1.69948505388,98.1980364762
4635,5650,4.90995583093,139.129900877,2.68915742897,1.6997160188,98.1977248765
4636,5650,4.9110210972,139.189252493,2.68807989958,1.69994677858,98.1974131792
4637,5650,4.91208613042,139.248616982,2.6870023627,1.70017733315,98.1971013842
4638,5650,4.91315093038,139.307994342,2.68592481846,1.70040768246,98.1967894915
4639,5650,4.91421549687,139.367384571,2.684847267,1.70063782643,98.1964775011
4640,5650,4.91527982968,139.426787666,2.68376970844,1.700867765,98.1961654129
4641,5650,4.91634392859,139.486203623,2.68269214292,1.70109749811,98.195853227
4642,5650,4.91740779339,139.545632441,2.68161457056,1.70132702568,98.1955409433
4643,5650,4.91847142385,139.605074115,2.68053699149,1.70155634765,98.1952285619
4644,5650,4.91953481977,139.664528644,2.67945940586,1.70178546396,98.1949160825
4645,5650,4.92059798094,139.723996025,2.67838181379,1.70201437454,98.1946035054
4646,5650,4.92166090713,139.783476254,2.67730421541,1.70224307932,98.1942908304
4647,5650,4.92272359814,139.842969329,2.67622661084,1.70247157824,98.1939780575
4648,5650,4.92378605375,139.902475247,2.67514900024,1.70269987124,98.1936651866
4649,5650,4.92484827375,139.961994005,2.67407138371,1.70292795824,98.1933522179
4650,5650,4.92591025792,140.0215256,2.6729937614,1.70315583918,98.1930391512
4651,5650,4.92697200604,140.08107003,2.67191613344,1.703383514,98.1927259865
4652,5650,4.92803351792,140.140627292,2.67083849995,1.70361098264,98.1924127238
4653,5650,4.92909479333,140.200197382,2.66976086107,1.70383824502,98.1920993631
4654,5650,4.93015583205,140.259780298,2.66868321693,1.70406530109,98.1917859043
4655,5650,4.93121663388,140.319376037,2.66760556766,1.70429215077,98.1914723475
4656,5650,4.93227719861,140.378984596,2.66652791339,1.70451879401,98.1911586926
4657,5650,4.93333752601,140.438605972,2.66545025425,1.70474523073,98.1908449395
4658,5650,4.93439761588,140.498240163,2.66437259037,1.70497146088,98.1905310884
4659,5650,4.935457468,140.557887165,2.66329492189,1.70519748439,98.1902171391
4660,5650,4.93651708216,140.617546976,2.66221724893,1.7054233012,98.1899030916
4661,5650,4.93757645815,140.677219593,2.66113957162,1.70564891123,98.1895889459
4662,5650,4.93863559576,140.736905012,2.6600618901,1.70587431444,98.189274702
4663,5650,4.93969449476,140.796603232,2.6589842045,1.70609951075,98.1889603598
4664,5650,4.94075315496,140.856314248,2.65790651494,1.7063245001,98.1886459194
4665,5650,4.94181157613,140.916038059,2.65682882156,1.70654928242,98.1883313807
4666,5650,4.94286975807,140.975774662,2.65575112449,1.70677385765,98.1880167437
4667,5650,4.94392770055,141.035524052,2.65467342386,1.70699822574,98.1877020083
4668,5650,4.94498540338,141.095286229,2.6535957198,1.70722238661,98.1873871746
4669,5650,4.94604286634,141.155061188,2.65251801244,1.70744634019,98.1870722426
4670,5650,4.94710008921,141.214848926,2.65144030191,1.70767008644,98.1867572121
4671,5650,4.94815707178,141.274649442,2.65036258834,1.70789362528,98.1864420832
4672,5650,4.94921381385,141.334462731,2.64928487186,1.70811695666,98.1861268558
4673,5650,4.95027031519,141.394288792,2.64820715261,1.7083400805,98.18581153
4674,5650,4.9513265756,141.454127621,2.64712943072,1.70856299675,98.1854961058
4675,5650,4.95238259487,141.513979214,2.6460517063,1.70878570534,98.185180583
4676,5650,4.95343837279,141.573843571,2.6449739795,1.70900820621,98.1848649616
4677,5650,4.95449390913,141.633720686,2.64389625045,1.70923049929,98.1845492418
4678,5650,4.9555492037,141.693610558,2.64281851927,1.70945258453,98.1842334233
4679,5650,4.95660425628,141.753513184,2.6417407861,1.70967446187,98.1839175062
4680,5650,4.95765906666,141.81342856,2.64066305107,1.70989613123,98.1836014906
4681,5650,4.95871363463,141.873356684,2.63958531431,1.71011759256,98.1832853763
4682,5650,4.95976795997,141.933297553,2.63850757594,1.71033884579,98.1829691633
4683,5650,4.96082204248,141.993251163,2.6374298361,1.71055989087,98.1826528516
4684,5650,4.96187588194,142.053217512,2.63635209492,1.71078072773,98.1823364413
4685,5650,4.96292947815,142.113196598,2.63527435253,1.7110013563,98.1820199322
4686,5650,4.96398283089,142.173188416,2.63419660906,1.71122177654,98.1817033243
4687,5650,4.96503593996,142.233192964,2.63311886464,1.71144198836,98.1813866177
4688,5650,4.96608880514,142.29321024,2.6320411194,1.71166199172,98.1810698123
4689,5650,4.96714142621,142.353240239,2.63096337347,1.71188178656,98.180752908
4690,5650,4.96819380299,142.41328296,2.62988562698,1.7121013728,98.1804359049
4691,5650,4.96924593524,142.473338399,2.62880788006,1.71232075039,98.180118803
4692,5650,4.97029782276,142.533406554,2.62773013284,1.71253991927,98.1798016022
4693,5650,4.97134946534,142.59348742,2.62665238546,1.71275887937,98.1794843024
4694,5650,4.97240086278,142.653580997,2.62557463804,1.71297763064,98.1791669038
4695,5650,4.97345201485,142.713687279,2.62449689071,1.71319617302,98.1788494062
4696,5650,4.97450292136,142.773806265,2.6234191436,1.71341450644,98.1785318096
4697,5650,4.97555358209,142.833937952,2.62234139685,1.71363263084,98.178214114
4698,5650,4.97660399682,142.894082335,2.62126365058,1.71385054616,98.1778963194
4699,5650,4.97765416537,142.954239414,2.62018590492,1.71406825234,98.1775784257
4700,5650,4.9787040875,143.014409184,2.61910816001,1.71428574932,98.177260433
4701,5650,4.97975376302,143.074591643,2.61803041596,1.71450303704,98.1769423413
4702,5650,4.98080319171,143.134786787,2.61695267293,1.71472011544,98.1766241504
4703,5650,4.98185237336,143.194994614,2.61587493102,1.71493698446,98.1763058603
4704,5650,4.98290130777,143.25521512,2.61479719038,1.71515364404,98.1759874712
4705,5650,4.98394999473,143.315448303,2.61371945113,1.71537009412,98.1756689828
4706,5650,4.98499843402,143.37569416,2.61264171341,1.71558633464,98.1753503953
4707,5650,4.98604662544,143.435952687,2.61156397734,1.71580236553,98.1750317085
4708,5650,4.98709456878,143.496223882,2.61048624305,1.71601818675,98.1747129225
4709,5650,4.98814226383,143.556507742,2.60940851068,1.71623379822,98.1743940373
4710,5650,4.98918971038,143.616804263,2.60833078035,1.71644919989,98.1740750527
4711,5650,4.99023690823,143.677113443,2.60725305219,1.7166643917,98.1737559689
4712,5650,4.99128385716,143.737435279,2.60617532634,1.7168793736,98.1734367857
4713,5650,4.99233055697,143.797769767,2.60509760292,1.71709414551,98.1731175032
4714,5650,4.99337700745,143.858116905,2.60401988207,1.71730870739,98.1727981213
4715,5650,4.99442320839,143.918476689,2.6029421639,1.71752305917,98.17247864
4716,5650,4.99546915958,143.978849117,2.60186444856,1.71773720079,98.1721590593
4717,5650,4.99651486081,144.039234186,2.60078673617,1.7179511322,98.1718393792
4718,5650,4.99756031188,144.099631892,2.59970902687,1.71816485334,98.1715195996
4719,5650,4.99860551258,144.160042232,2.59863132078,1.71837836414,98.1711997205
4720,5650,4.9996504627,144.220465204,2.59755361802,1.71859166455,98.1708797419
4721,5650,5.00069516203,144.280900805,2.59647591874,1.71880475451,98.1705596638
4722,5650,5.00173961036,144.341349031,2.59539822307,1.71901763396,98.1702394861
4723,5650,5.0027838075,144.401809879,2.59432053112,1.71923030284,98.1699192089
4724,5650,5.00382775322,144.462283347,2.59324284303,1.7194427611,98.169598832
4725,5650,5.00487144733,144.522769431,2.59216515893,1.71965500867,98.1692783556
4726,5650,5.00591488962,144.583268128,2.59108747896,1.7198670455,98.1689577795
4727,5650,5.00695807987,144.643779435,2.59000980323,1.72007887154,98.1686371037
4728,5650,5.00800101788,144.70430335,2.58893213188,1.72029048671,98.1683163283
4729,5650,5.00904370345,144.764839869,2.58785446504,1.72050189097,98.1679954532
4730,5650,5.01008613637,144.825388989,2.58677680284,1.72071308426,98.1676744783
4731,5650,5.01112831643,144.885950707,2.58569914541,1.72092406651,98.1673534037
4732,5650,5.01217024342,144.946525019,2.58462149287,1.72113483767,98.1670322293
4733,5650,5.01321191714,145.007111924,2.58354384537,1.72134539769,98.1667109551
4734,5650,5.01425333738,145.067711418,2.58246620301,1.72155574651,98.1663895811
4735,5650,5.01529450394,145.128323497,2.58138856595,1.72176588406,98.1660681073
4736,5650,5.01633541661,145.188948159,2.58031093429,1.7219758103,98.1657465336
4737,5650,5.01737607517,145.249585401,2.57923330819,1.72218552516,98.16542486
4738,5650,5.01841647944,145.310235219,2.57815568775,1.72239502859,98.1651030866
4739,5650,5.01945662919,145.370897611,2.57707807312,1.72260432053,98.1647812132
4740,5650,5.02049652423,145.431572573,2.57600046443,1.72281340092,98.1644592398
4741,5650,5.02153616435,145.492260102,2.57492286179,1.72302226971,98.1641371665
4742,5650,5.02257554934,145.552960196,2.57384526535,1.72323092684,98.1638149932
4743,5650,5.02361467899,145.613672851,2.57276767522,1.72343937226,98.1634927198
4744,5650,5.02465355311,145.674398064,2.57169009155,1.7236476059,98.1631703465
4745,5650,5.02569217148,145.735135832,2.57061251446,1.72385562771,98.162847873
4746,5650,5.02673053391,145.795886152,2.56953494407,1.72406343764,98.1625252995
4747,5650,5.02776864018,145.85664902,2.56845738052,1.72427103563,98.1622026259
4748,5650,5.02880649009,145.917424435,2.56737982394,1.72447842162,98.1618798522
4749,5650,5.02984408343,145.978212392,2.56630227445,1.72468559556,98.1615569783
4750,5650,5.03088142,146.039012888,2.56522473219,1.72489255739,98.1612340042
4751,5650,5.0319184996,146.099825921,2.56414719728,1.72509930705,98.1609109299
4752,5650,5.03295532202,146.160651487,2.56306966986,1.72530584449,98.1605877555
4753,5650,5.03399188705,146.221489583,2.56199215005,1.72551216966,98.1602644808
4754,5650,5.03502819449,146.282340207,2.56091463798,1.72571828249,98.1599411058
4755,5650,5.03606424414,146.343203354,2.55983713378,1.72592418294,98.1596176305
4756,5650,5.03710003579,146.404079022,2.55875963758,1.72612987095,98.159294055
4757,5650,5.03813556924,146.464967208,2.55768214951,1.72633534645,98.1589703791
4758,5650,5.03917084428,146.525867908,2.55660466969,1.72654060941,98.1586466029
4759,5650,5.0402058607,146.58678112,2.55552719826,1.72674565975,98.1583227262
4760,5650,5.04124061832,146.647706841,2.55444973535,1.72695049744,98.1579987492
4761,5650,5.04227511691,146.708645066,2.55337228108,1.7271551224,98.1576746718
4762,5650,5.04330935628,146.769595794,2.55229483558,1.7273595346,98.157350494
4763,5650,5.04434333621,146.83055902,2.55121739899,1.72756373397,98.1570262157
4764,5650,5.04537705652,146.891534742,2.55013997142,1.72776772045,98.1567018369
4765,5650,5.046410517,146.952522957,2.54906255302,1.727971494,98.1563773576
4766,5650,5.04744371743,147.013523662,2.5479851439,1.72817505456,98.1560527777
4767,5650,5.04847665762,147.074536853,2.5469077442,1.72837840207,98.1557280974
4768,5650,5.04950933737,147.135562527,2.54583035405,1.72858153649,98.1554033164
4769,5650,5.05054175647,147.196600681,2.54475297357,1.72878445775,98.1550784349
4770,5650,5.05157391471,147.257651312,2.54367560289,1.72898716581,98.1547534527
4771,5650,5.0526058119,147.318714417,2.54259824215,1.7291896606,98.1544283699
4772,5650,5.05363744784,147.379789993,2.54152089147,1.72939194208,98.1541031865
4773,5650,5.05466882231,147.440878036,2.54044355097,1.72959401019,98.1537779023
4774,5650,5.05569993511,147.501978543,2.53936622079,1.72979586488,98.1534525175
4775,5650,5.05673078605,147.563091511,2.53828890106,1.72999750609,98.1531270319
4776,5650,5.05776137492,147.624216938,2.53721159191,1.73019893378,98.1528014456
4777,5650,5.05879170152,147.685354819,2.53613429346,1.73040014788,98.1524757585
4778,5650,5.05982176565,147.746505152,2.53505700584,1.73060114834,98.1521499706
4779,5650,5.06085156709,147.807667933,2.53397972918,1.73080193512,98.1518240819
4780,5650,5.06188110566,147.86884316,2.5329024636,1.73100250816,98.1514980924
4781,5650,5.06291038115,147.930030828,2.53182520925,1.7312028674,98.151172002
4782,5650,5.06393939335,147.991230936,2.53074796624,1.73140301279,98.1508458107
4783,5650,5.06496814207,148.052443479,2.52967073471,1.73160294429,98.1505195185
4784,5650,5.0659966271,148.113668455,2.52859351478,1.73180266183,98.1501931254
4785,5650,5.06702484824,148.174905861,2.52751630658,1.73200216536,98.1498666313
4786,5650,5.06805280529,148.236155692,2.52643911024,1.73220145484,98.1495400363
4787,5650,5.06908049805,148.297417947,2.52536192589,1.7324005302,98.1492133403
4788,5650,5.07010792631,148.358692621,2.52428475365,1.7325993914,98.1488865432
4789,5650,5.07113508988,148.419979712,2.52320759366,1.73279803839,98.1485596451
4790,5650,5.07216198855,148.481279216,2.52213044604,1.73299647111,98.148232646
4791,5650,5.07318862213,148.54259113,2.52105331092,1.73319468952,98.1479055457
4792,5650,5.0742149904,148.603915452,2.51997618843,1.73339269355,98.1475783444
4793,5650,5.07524109318,148.665252177,2.5188990787,1.73359048315,98.1472510419
4794,5650,5.07626693025,148.726601302,2.51782198185,1.73378805829,98.1469236383
4795,5650,5.07729250142,148.787962825,2.51674489801,1.73398541889,98.1465961335
4796,5650,5.07831780649,148.849336743,2.51566782732,1.73418256492,98.1462685275
4797,5650,5.07934284526,148.910723051,2.5145907699,1.73437949632,98.1459408203
4798,5650,5.08036761752,148.972121747,2.51351372587,1.73457621304,98.1456130119
4799,5650,5.08139212308,149.033532827,2.51243669537,1.73477271503,98.1452851021
4800,5650,5.08241636173,149.094956288,2.51135967853,1.73496900224,98.1449570912
4801,5650,5.08344033327,149.156392128,2.51028267546,1.73516507461,98.1446289789
4802,5650,5.08446403752,149.217840342,2.50920568631,1.73536093209,98.1443007652
4803,5650,5.08548747425,149.279300928,2.50812871119,1.73555657464,98.1439724502
4804,5650,5.08651064328,149.340773882,2.50705175024,1.73575200221,98.1436440339
4805,5650,5.08753354441,149.402259202,2.50597480358,1.73594721473,98.1433155161
4806,5650,5.08855617743,149.463756883,2.50489787134,1.73614221217,98.142986897
4807,5650,5.08957854214,149.525266923,2.50382095365,1.73633699447,98.1426581764
4808,5650,5.09060063835,149.586789318,2.50274405064,1.73653156158,98.1423293543
4809,5650,5.09162246586,149.648324065,2.50166716244,1.73672591346,98.1420004307
4810,5650,5.09264402446,149.709871161,2.50059028916,1.73692005004,98.1416714057
4811,5650,5.09366531396,149.771430603,2.49951343095,1.73711397128,98.1413422791
4812,5650,5.09468633416,149.833002387,2.49843658792,1.73730767714,98.1410130509
4813,5650,5.09570708485,149.89458651,2.49735976021,1.73750116755,98.1406837212
4814,5650,5.09672756585,149.956182969,2.49628294795,1.73769444248,98.1403542899
4815,5650,5.09774777695,150.017791761,2.49520615125,1.73788750187,98.1400247569
4816,5650,5.09876771794,150.079412882,2.49412937026,1.73808034567,98.1396951224
4817,5650,5.09978738865,150.141046329,2.49305260509,1.73827297383,98.1393653861
4818,5650,5.10080678885,150.202692099,2.49197585587,1.7384653863,98.1390355482
4819,5650,5.10182591836,150.264350188,2.49089912273,1.73865758304,98.1387056085
4820,5650,5.10284477698,150.326020593,2.48982240581,1.73884956399,98.1383755672
4821,5650,5.10386336451,150.387703312,2.48874570522,1.7390413291,98.138045424
4822,5650,5.10488168075,150.44939834,2.48766902109,1.73923287833,98.1377151791
4823,5650,5.1058997255,150.511105675,2.48659235356,1.73942421163,98.1373848324
4824,5650,5.10691749857,150.572825313,2.48551570274,1.73961532894,98.1370543839
4825,5650,5.10793499975,150.63455725,2.48443906877,1.73980623023,98.1367238335
4826,5650,5.10895222885,150.696301485,2.48336245178,1.73999691543,98.1363931813
4827,5650,5.10996918568,150.758058012,2.48228585189,1.74018738451,98.1360624272
4828,5650,5.11098587002,150.819826829,2.48120926922,1.74037763741,98.1357315712
4829,5650,5.11200228169,150.881607933,2.48013270391,1.74056767409,98.1354006132
4830,5650,5.11301842049,150.943401321,2.47905615608,1.74075749449,98.1350695533
4831,5650,5.11403428622,151.005206989,2.47797962586,1.74094709857,98.1347383914
4832,5650,5.11504987869,151.067024933,2.47690311338,1.74113648628,98.1344071275
4833,5650,5.11606519768,151.128855151,2.47582661877,1.74132565757,98.1340757616
4834,5650,5.11708024302,151.190697639,2.47475014215,1.7415146124,98.1337442937
4835,5650,5.1180950145,151.252552394,2.47367368364,1.74170335071,98.1334127236
4836,5650,5.11910951193,151.314419412,2.47259724338,1.74189187246,98.1330810515
4837,5650,5.1201237351,151.376298691,2.4715208215,1.74208017761,98.1327492773
4838,5650,5.12113768383,151.438190226,2.47044441811,1.74226826609,98.1324174009
4839,5650,5.12215135791,151.500094016,2.46936803336,1.74245613788,98.1320854224
4840,5650,5.12316475715,151.562010055,2.46829166735,1.74264379291,98.1317533417
4841,5650,5.12417788135,151.623938341,2.46721532023,1.74283123114,98.1314211588
4842,5650,5.12519073031,151.685878872,2.46613899212,1.74301845253,98.1310888737
4843,5650,5.12620330385,151.747831642,2.46506268314,1.74320545703,98.1307564864
4844,5650,5.12721560176,151.809796649,2.46398639343,1.74339224458,98.1304239967
4845,5650,5.12822762385,151.87177389,2.4629101231,1.74357881515,98.1300914048
4846,5650,5.12923936991,151.933763362,2.46183387229,1.74376516869,98.1297587106
4847,5650,5.13025083977,151.99576506,2.46075764112,1.74395130515,98.129425914
4848,5650,5.13126203321,152.057778982,2.45968142972,1.74413722447,98.1290930151
4849,5650,5.13227295005,152.119805124,2.45860523822,1.74432292663,98.1287600138
4850,5650,5.13328359008,152.181843483,2.45752906675,1.74450841157,98.1284269101
4851,5650,5.13429395312,152.243894056,2.45645291542,1.74469367924,98.1280937039
4852,5650,5.13530403897,152.305956839,2.45537678437,1.7448787296,98.1277603953
4853,5650,5.13631384743,152.368031829,2.45430067372,1.7450635626,98.1274269843
4854,5650,5.13732337831,152.430119022,2.4532245836,1.7452481782,98.1270934707
4855,5650,5.13833263141,152.492218416,2.45214851414,1.74543257635,98.1267598547
4856,5650,5.13934160653,152.554330006,2.45107246547,1.745616757,98.1264261361
4857,5650,5.14035030349,152.61645379,2.4499964377,1.74580072011,98.1260923149
4858,5650,5.14135872209,152.678589764,2.44892043097,1.74598446563,98.1257583912
4859,5650,5.14236686213,152.740737925,2.4478444454,1.74616799352,98.1254243648
4860,5650,5.14337472342,152.802898269,2.44676848112,1.74635130374,98.1250902359
4861,5650,5.14438230577,152.865070793,2.44569253826,1.74653439623,98.1247560043
4862,5650,5.14538960897,152.927255494,2.44461661694,1.74671727095,98.12442167
4863,5650,5.14639663284,152.989452368,2.44354071729,1.74689992785,98.124087233
4864,5650,5.14740337718,153.051661412,2.44246483944,1.7470823669,98.1237526933
4865,5650,5.1484098418,153.113882623,2.4413889835,1.74726458804,98.1234180508
4866,5650,5.1494160265,153.176115996,2.44031314962,1.74744659124,98.1230833056
4867,5650,5.15042193109,153.238361529,2.43923733791,1.74762837644,98.1227484576
4868,5650,5.15142755538,153.300619219,2.4381615485,1.7478099436,98.1224135068
4869,5650,5.15243289917,153.362889061,2.43708578152,1.74799129269,98.1220784532
4870,5650,5.15343796227,153.425171054,2.43601003709,1.74817242364,98.1217432967
4871,5650,5.15444274448,153.487465192,2.43493431534,1.74835333642,98.1214080374
4872,5650,5.15544724562,153.549771473,2.4338586164,1.74853403099,98.1210726752
4873,5650,5.15645146549,153.612089893,2.43278294038,1.74871450729,98.12073721
4874,5650,5.15745540389,153.67442045,2.43170728743,1.74889476529,98.1204016419
4875,5650,5.15845906063,153.736763139,2.43063165766,1.74907480495,98.1200659708
4876,5650,5.15946243552,153.799117957,2.4295560512,1.74925462621,98.1197301968
4877,5650,5.16046552837,153.861484901,2.42848046818,1.74943422903,98.1193943197
4878,5650,5.16146833899,153.923863967,2.42740490872,1.74961361338,98.1190583396
4879,5650,5.16247086717,153.986255152,2.42632937294,1.7497927792,98.1187222565
4880,5650,5.16347311273,154.048658453,2.42525386098,1.74997172645,98.1183860702
4881,5650,5.16447507549,154.111073866,2.42417837297,1.7501504551,98.1180497809
4882,5650,5.16547675523,154.173501387,2.42310290901,1.75032896509,98.1177133885
4883,5650,5.16647815178,154.235941014,2.42202746925,1.75050725638,98.1173768929
4884,5650,5.16747926493,154.298392742,2.42095205381,1.75068532894,98.1170402941
4885,5650,5.16848009451,154.360856569,2.41987666281,1.75086318271,98.1167035922
4886,5650,5.1694806403,154.423332491,2.41880129638,1.75104081765,98.116366787
4887,5650,5.17048090214,154.485820505,2.41772595465,1.75121823373,98.1160298786
4888,5650,5.17148087981,154.548320606,2.41665063774,1.75139543089,98.115692867
4889,5650,5.17248057314,154.610832793,2.41557534577,1.7515724091,98.1153557521
4890,5650,5.17347998192,154.67335706,2.41450007888,1.75174916832,98.1150185339
4891,5650,5.17447910598,154.735893406,2.41342483718,1.75192570849,98.1146812123
4892,5650,5.17547794511,154.798441825,2.41234962081,1.75210202958,98.1143437874
4893,5650,5.17647649912,154.861002316,2.41127442989,1.75227813155,98.1140062592
4894,5650,5.17747476783,154.923574874,2.41019926454,1.75245401435,98.1136686275
4895,5650,5.17847275104,154.986159496,2.4091241249,1.75262967795,98.1133308925
4896,5650,5.17947044856,155.048756179,2.40804901108,1.75280512229,98.112993054
4897,5650,5.1804678602,155.111364919,2.40697392321,1.75298034734,98.112655112
4898,5650,5.18146498578,155.173985712,2.40589886142,1.75315535306,98.1123170665
4899,5650,5.18246182509,155.236618556,2.40482382583,1.7533301394,98.1119789176
4900,5650,5.18345837796,155.299263446,2.40374881657,1.75350470632,98.1116406651
4901,5650,5.18445464418,155.36192038,2.40267383376,1.75367905379,98.1113023091
4902,5650,5.18545062357,155.424589353,2.40159887753,1.75385318175,98.1109638495
4903,5650,5.18644631594,155.487270363,2.40052394801,1.75402709017,98.1106252863
4904,5650,5.1874417211,155.549963406,2.39944904531,1.75420077901,98.1102866195
4905,5650,5.18843683886,155.612668478,2.39837416957,1.75437424823,98.1099478491
4906,5650,5.18943166902,155.675385576,2.39729932091,1.75454749778,98.109608975
4907,5650,5.1904262114,155.738114697,2.39622449946,1.75472052763,98.1092699972
4908,5650,5.19142046582,155.800855836,2.39514970533,1.75489333772,98.1089309157
4909,5650,5.19241443207,155.863608991,2.39407493866,1.75506592803,98.1085917305
4910,5650,5.19340810997,155.926374158,2.39300019957,1.75523829852,98.1082524415
4911,5650,5.19440149933,155.989151333,2.39192548819,1.75541044913,98.1079130488
4912,5650,5.19539459997,156.051940514,2.39085080464,1.75558237983,98.1075735522
4913,5650,5.19638741168,156.114741696,2.38977614904,1.75575409059,98.1072339519
4914,5650,5.19737993429,156.177554876,2.38870152153,1.75592558135,98.1068942477
4915,5650,5.19837216761,156.24038005,2.38762692222,1.75609685208,98.1065544396
4916,5650,5.19936411144,156.303217216,2.38655235124,1.75626790275,98.1062145276
4917,5650,5.20035576559,156.366066369,2.38547780871,1.7564387333,98.1058745118
4918,5650,5.20134712988,156.428927506,2.38440329477,1.7566093437,98.105534392
4919,5650,5.20233820413,156.491800624,2.38332880953,1.75677973392,98.1051941682
4920,5650,5.20332898813,156.554685718,2.38225435313,1.7569499039,98.1048538405
4921,5650,5.2043194817,156.617582787,2.38117992568,1.75711985362,98.1045134088
4922,5650,5.20530968466,156.680491825,2.3801055273,1.75728958302,98.104172873
4923,5650,5.20629959682,156.74341283,2.37903115814,1.75745909208,98.1038322332
4924,5650,5.20728921798,156.806345798,2.3779568183,1.75762838075,98.1034914894
4925,5650,5.20827854797,156.869290725,2.37688250792,1.75779744899,98.1031506414
4926,5650,5.20926758658,156.932247608,2.37580822711,1.75796629677,98.1028096893
4927,5650,5.21025633364,156.995216444,2.37473397601,1.75813492404,98.1024686331
4928,5650,5.21124478896,157.058197228,2.37365975474,1.75830333077,98.1021274728
4929,5650,5.21223295235,157.121189958,2.37258556342,1.75847151692,98.1017862082
4930,5650,5.21322082362,157.18419463,2.37151140218,1.75863948244,98.1014448395
4931,5650,5.21420840258,157.24721124,2.37043727114,1.7588072273,98.1011033665
4932,5650,5.21519568905,157.310239784,2.36936317042,1.75897475147,98.1007617893
4933,5650,5.21618268284,157.37328026,2.36828910016,1.7591420549,98.1004201078
4934,5650,5.21716938377,157.436332664,2.36721506047,1.75930913755,98.100078322
4935,5650,5.21815579164,157.499396992,2.36614105148,1.75947599939,98.0997364319
4936,5650,5.21914190627,157.562473241,2.36506707332,1.75964264038,98.0993944375
4937,5650,5.22012772748,157.625561406,2.3639931261,1.75980906048,98.0990523387
4938,5650,5.22111325507,157.688661485,2.36291920996,1.75997525965,98.0987101355
4939,5650,5.22209848886,157.751773474,2.36184532501,1.76014123785,98.0983678279
4940,5650,5.22308342867,157.81489737,2.36077147139,1.76030699505,98.0980254159
4941,5650,5.2240680743,157.878033168,2.35969764921,1.76047253121,98.0976828994
4942,5650,5.22505242557,157.941180866,2.3586238586,1.76063784629,98.0973402785
4943,5650,5.2260364823,158.004340459,2.35755009968,1.76080294025,98.096997553
4944,5650,5.2270202443,158.067511945,2.35647637258,1.76096781306,98.0966547231
4945,5650,5.22800371138,158.130695319,2.35540267742,1.76113246468,98.0963117886
4946,5650,5.22898688336,158.193890578,2.35432901433,1.76129689507,98.0959687495
4947,5650,5.22996976005,158.257097719,2.35325538343,1.7614611042,98.0956256058
4948,5650,5.23095234127,158.320316737,2.35218178485,1.76162509202,98.0952823576
4949,5650,5.23193462683,158.38354763,2.3511082187,1.7617888585,98.0949390047
4950,5650,5.23291661655,158.446790394,2.35003468511,1.76195240361,98.0945955471
4951,5650,5.23389831023,158.510045025,2.34896118421,1.7621157273,98.0942519849
4952,5650,5.2348797077,158.57331152,2.34788771612,1.76227882955,98.0939083179
4953,5650,5.23586080878,158.636589874,2.34681428097,1.7624417103,98.0935645463
4954,5650,5.23684161326,158.699880085,2.34574087887,1.76260436954,98.0932206698
4955,5650,5.23782212098,158.763182149,2.34466750995,1.76276680721,98.0928766887
4956,5650,5.23880233175,158.826496063,2.34359417434,1.7629290233,98.0925326027
4957,5650,5.23978224537,158.889821821,2.34252087215,1.76309101774,98.0921884119
4958,5650,5.24076186168,158.953159422,2.34144760352,1.76325279053,98.0918441163
4959,5650,5.24174118047,159.016508862,2.34037436857,1.76341434161,98.0914997158
4960,5650,5.24272020158,159.079870136,2.33930116742,1.76357567094,98.0911552104
4961,5650,5.24369892481,159.143243242,2.33822800018,1.76373677851,98.0908106002
4962,5650,5.24467734998,159.206628175,2.337154867,1.76389766426,98.090465885
4963,5650,5.2456554769,159.270024933,2.33608176799,1.76405832817,98.0901210648
4964,5650,5.2466333054,159.333433511,2.33500870327,1.76421877019,98.0897761397
4965,5650,5.24761083529,159.396853906,2.33393567297,1.7643789903,98.0894311096
4966,5650,5.24858806638,159.460286114,2.33286267721,1.76453898846,98.0890859745
4967,5650,5.24956499849,159.523730132,2.33178971612,1.76469876462,98.0887407343
4968,5650,5.25054163145,159.587185956,2.33071678981,1.76485831877,98.088395389
4969,5650,5.25151796505,159.650653582,2.32964389842,1.76501765085,98.0880499387
4970,5650,5.25249399913,159.714133007,2.32857104206,1.76517676085,98.0877043833
4971,5650,5.2534697335,159.777624227,2.32749822085,1.76533564871,98.0873587227
4972,5650,5.25444516797,159.841127239,2.32642543493,1.76549431442,98.087012957
4973,5650,5.25542030237,159.904642039,2.32535268442,1.76565275792,98.0866670861
4974,5650,5.25639513651,159.968168623,2.32427996943,1.7658109792,98.08632111
4975,5650,5.2573696702,160.031706988,2.32320729009,1.76596897821,98.0859750287
4976,5650,5.25834390327,160.09525713,2.32213464653,1.76612675492,98.0856288421
4977,5650,5.25931783553,160.158819045,2.32106203886,1.76628430929,98.0852825503
4978,5650,5.26029146681,160.22239273,2.31998946722,1.76644164129,98.0849361531
4979,5650,5.26126479691,160.285978181,2.31891693172,1.7665987509,98.0845896507
4980,5650,5.26223782565,160.349575395,2.31784443248,1.76675563806,98.0842430429
4981,5650,5.26321055286,160.413184367,2.31677196964,1.76691230276,98.0838963298
4982,5650,5.26418297835,160.476805095,2.3156995433,1.76706874495,98.0835495112
4983,5650,5.26515510194,160.540437574,2.31462715361,1.7672249646,98.0832025873
4984,5650,5.26612692345,160.604081802,2.31355480067,1.76738096168,98.082855558
4985,5650,5.2670984427,160.667737773,2.31248248461,1.76753673616,98.0825084231
4986,5650,5.2680696595,160.731405485,2.31141020555,1.76769228799,98.0821611829
4987,5650,5.26904057368,160.795084934,2.31033796363,1.76784761716,98.0818138371
4988,5650,5.27001118505,160.858776116,2.30926575895,1.76800272362,98.0814663858
4989,5650,5.27098149343,160.922479028,2.30819359164,1.76815760734,98.081118829
4990,5650,5.27195149864,160.986193666,2.30712146183,1.76831226829,98.0807711666
4991,5650,5.2729212005,161.049920026,2.30604936964,1.76846670644,98.0804233986
4992,5650,5.27389059882,161.113658105,2.30497731519,1.76862092175,98.080075525
4993,5650,5.27485969344,161.177407899,2.3039052986,1.76877491419,98.0797275458
4994,5650,5.27582848417,161.241169404,2.30283331999,1.76892868373,98.0793794609
4995,5650,5.27679697082,161.304942617,2.3017613795,1.76908223033,98.0790312703
4996,5650,5.27776515321,161.368727533,2.30068947723,1.76923555397,98.0786829741
4997,5650,5.27873303118,161.43252415,2.29961761332,1.7693886546,98.0783345721
4998,5650,5.27970060453,161.496332463,2.29854578788,1.76954153221,98.0779860643
4999,5650,5.28066787308,161.56015247,2.29747400105,1.76969418675,98.0776374508
5000,5650,5.28163483666,161.623984165,2.29640225293,1.76984661819,98.0772887315
